-- MySQL dump 10.13  Distrib 5.5.43, for debian-linux-gnu (x86_64)
--
-- Host: localhost    Database: kube_craft
-- ------------------------------------------------------
-- Server version	5.5.43-0ubuntu0.12.04.1

/*!40101 SET @OLD_CHARACTER_SET_CLIENT=@@CHARACTER_SET_CLIENT */;
/*!40101 SET @OLD_CHARACTER_SET_RESULTS=@@CHARACTER_SET_RESULTS */;
/*!40101 SET @OLD_COLLATION_CONNECTION=@@COLLATION_CONNECTION */;
/*!40101 SET NAMES utf8 */;
/*!40103 SET @OLD_TIME_ZONE=@@TIME_ZONE */;
/*!40103 SET TIME_ZONE='+00:00' */;
/*!40014 SET @OLD_UNIQUE_CHECKS=@@UNIQUE_CHECKS, UNIQUE_CHECKS=0 */;
/*!40014 SET @OLD_FOREIGN_KEY_CHECKS=@@FOREIGN_KEY_CHECKS, FOREIGN_KEY_CHECKS=0 */;
/*!40101 SET @OLD_SQL_MODE=@@SQL_MODE, SQL_MODE='NO_AUTO_VALUE_ON_ZERO' */;
/*!40111 SET @OLD_SQL_NOTES=@@SQL_NOTES, SQL_NOTES=0 */;

--
-- Table structure for table `craft_assetfiles`
--

DROP TABLE IF EXISTS `craft_assetfiles`;
/*!40101 SET @saved_cs_client     = @@character_set_client */;
/*!40101 SET character_set_client = utf8 */;
CREATE TABLE `craft_assetfiles` (
  `id` int(11) NOT NULL,
  `sourceId` int(11) DEFAULT NULL,
  `folderId` int(11) NOT NULL,
  `filename` varchar(255) COLLATE utf8_unicode_ci NOT NULL,
  `kind` varchar(50) COLLATE utf8_unicode_ci NOT NULL DEFAULT 'unknown',
  `width` smallint(6) unsigned DEFAULT NULL,
  `height` smallint(6) unsigned DEFAULT NULL,
  `size` int(11) unsigned DEFAULT NULL,
  `dateModified` datetime DEFAULT NULL,
  `dateCreated` datetime NOT NULL,
  `dateUpdated` datetime NOT NULL,
  `uid` char(36) COLLATE utf8_unicode_ci NOT NULL DEFAULT '0',
  PRIMARY KEY (`id`),
  UNIQUE KEY `craft_assetfiles_filename_folderId_unq_idx` (`filename`,`folderId`),
  KEY `craft_assetfiles_sourceId_fk` (`sourceId`),
  KEY `craft_assetfiles_folderId_fk` (`folderId`),
  CONSTRAINT `craft_assetfiles_folderId_fk` FOREIGN KEY (`folderId`) REFERENCES `craft_assetfolders` (`id`) ON DELETE CASCADE,
  CONSTRAINT `craft_assetfiles_id_fk` FOREIGN KEY (`id`) REFERENCES `craft_elements` (`id`) ON DELETE CASCADE,
  CONSTRAINT `craft_assetfiles_sourceId_fk` FOREIGN KEY (`sourceId`) REFERENCES `craft_assetsources` (`id`) ON DELETE CASCADE
) ENGINE=InnoDB DEFAULT CHARSET=utf8 COLLATE=utf8_unicode_ci;
/*!40101 SET character_set_client = @saved_cs_client */;

--
-- Dumping data for table `craft_assetfiles`
--

LOCK TABLES `craft_assetfiles` WRITE;
/*!40000 ALTER TABLE `craft_assetfiles` DISABLE KEYS */;
INSERT INTO `craft_assetfiles` VALUES (4,1,2,'kube-logo-square.svg','image',100,100,2191,'2015-06-24 16:16:26','2015-07-21 15:20:50','2015-07-22 00:49:55','7c20f400-2f58-4c33-a6d5-b60f199014e6'),(5,1,3,'menu.svg','image',40,32,533,'2015-07-08 14:24:24','2015-07-21 15:20:50','2015-07-22 00:49:55','949f65e8-02e2-4c35-a7c7-6d90ef9254ec'),(6,1,3,'facebook.svg','image',30,30,773,'2015-06-23 18:24:46','2015-07-21 15:20:51','2015-07-22 00:49:55','f789ef78-de6c-4712-9947-dc6e861b113d'),(7,1,2,'square-logo.png','image',96,96,1111,'2015-06-23 20:00:42','2015-07-21 15:20:51','2015-07-22 00:49:55','3bf01b82-5590-4b18-945c-aa3c40a5fff8'),(8,1,3,'thin-x.svg','image',30,30,499,'2015-06-25 17:14:22','2015-07-21 15:20:51','2015-07-22 00:49:55','aedf82c6-d807-4df2-994d-4cb0786ba103'),(9,1,3,'triangle-down.svg','image',30,30,428,'2015-07-15 15:35:13','2015-07-21 15:20:51','2015-07-22 00:49:56','979b8690-4a30-422c-b30e-51c5ba412160'),(10,1,3,'twitter.svg','image',30,30,973,'2015-06-23 18:47:20','2015-07-21 15:20:52','2015-07-22 00:49:56','4bda03e1-c730-4a73-91df-be13b7b3a90e'),(11,1,3,'youtube.svg','image',30,30,775,'2015-06-23 17:53:40','2015-07-21 15:20:52','2015-07-22 00:49:56','24c1f6ee-c209-45b6-ad40-935a0a9eeaae'),(12,1,4,'kube-illustration.png','image',350,226,745778,'2015-06-25 16:41:36','2015-07-21 15:20:52','2015-07-22 00:49:56','8c43b3c1-8287-4118-8ab8-7b73dde3d86f'),(13,1,6,'nathan.jpg','image',750,400,43128,'2015-07-15 19:09:15','2015-07-21 15:20:52','2015-07-22 00:49:56','d9b4d252-08f1-450c-bb7e-d110c8f77f5a'),(14,1,6,'russell.jpg','image',750,400,41059,'2015-07-15 19:08:48','2015-07-21 15:20:53','2015-07-22 00:49:57','a82baeba-de7e-463d-9120-ed5864b38d3d'),(15,1,7,'FPO.jpg','image',1165,400,112374,'2015-07-16 19:07:55','2015-07-21 15:20:53','2015-07-22 00:49:57','0d24f2c3-835f-4f52-a161-b499c72201ea'),(16,1,8,'experience-1.jpg','image',500,500,79499,'2015-07-15 14:20:01','2015-07-21 15:20:53','2015-07-22 00:49:57','240fe9b1-1d85-4bf2-baf9-b220b7cd2b8d'),(17,1,8,'experience-2.jpg','image',500,500,39449,'2015-07-15 14:20:27','2015-07-21 15:20:53','2015-07-22 00:49:57','ec298a8d-419c-4dc0-b02d-4622395c227e'),(18,1,8,'experience-3.jpg','image',500,500,57332,'2015-07-15 14:20:50','2015-07-21 15:20:54','2015-07-22 00:49:58','6737ba07-283c-47c8-8382-e2ff5e367815'),(19,1,8,'experience-4.jpg','image',500,500,85347,'2015-07-15 14:21:05','2015-07-21 15:20:54','2015-07-22 00:49:58','82a2fc96-23e3-4d98-9a9f-89e0638e152b'),(20,1,8,'experience-5.jpg','image',500,500,59667,'2015-07-15 14:21:20','2015-07-21 15:20:54','2015-07-22 00:49:58','773a2c89-9e22-452b-b5f0-b43668b97cd3'),(21,1,8,'experience-6.jpg','image',500,500,119368,'2015-07-15 14:21:39','2015-07-21 15:20:54','2015-07-22 00:49:58','9e24ee4f-1354-4cf7-a2dd-94c2767b7a0b'),(22,1,8,'hero-bg.jpg','image',1500,469,28939,'2015-07-15 14:08:52','2015-07-21 15:20:55','2015-07-22 00:49:58','079a7e52-9711-4302-93af-e218cd97503d'),(23,1,9,'accessory-1.jpg','image',500,400,11100,'2015-07-15 16:28:25','2015-07-21 15:20:55','2015-07-22 00:49:59','0fcaefd0-9d31-4346-95bd-4cec3425b8a6'),(24,1,9,'beach-hills.jpg','image',999,400,135851,'2015-07-15 13:30:09','2015-07-21 15:20:55','2015-07-22 00:49:59','8eed0d69-87c0-439c-878d-ebca1616b1d1'),(25,1,9,'coming-soon-1.jpg','image',500,400,9180,'2015-07-15 16:13:14','2015-07-21 15:20:56','2015-07-22 00:49:59','23901c6d-487d-477c-89b9-7c63abb99b70'),(26,1,9,'coming-soon-2.jpg','image',500,400,22524,'2015-07-15 16:18:55','2015-07-21 15:20:56','2015-07-22 00:49:59','271bfc04-df37-4981-88c7-bb0a45a188a1'),(27,1,9,'graph.jpg','image',1500,500,15064,'2015-07-01 19:06:34','2015-07-21 15:20:56','2015-07-22 00:49:59','1a2d305a-3b67-4b21-a2f8-e753cd3be63f'),(28,1,9,'hero-bg.jpg','image',1500,700,213628,'2015-07-02 20:06:41','2015-07-21 15:20:56','2015-07-22 00:50:00','dda1a56d-7058-4d6d-9106-3f50bb1e19e1'),(29,1,9,'kube-bubbly.jpg','image',499,799,50531,'2015-07-15 13:32:41','2015-07-21 15:20:57','2015-07-22 00:50:00','3c8a2121-eb03-406a-88e3-02212c669f37'),(30,1,9,'kube-button.jpg','image',499,400,8128,'2015-07-15 13:31:52','2015-07-21 15:20:57','2015-07-22 00:50:00','6bc8c742-3897-400f-9809-0b28d4b8e644'),(31,1,9,'kube-corner.jpg','image',502,400,9942,'2015-07-15 13:30:38','2015-07-21 15:20:57','2015-07-22 00:50:00','f31ae8d6-f6c9-457a-9fab-7dc8669ce713'),(32,1,9,'kube-icon.png','image',131,82,957,'2015-07-01 19:08:08','2015-07-21 15:20:57','2015-07-22 00:50:01','f53f361d-c858-48ae-a575-b00f17334364'),(33,1,9,'kube-opened.jpg','image',1500,750,30251,'2015-07-02 04:37:19','2015-07-21 15:20:58','2015-07-22 00:50:01','e290f2b5-3573-4d58-b07a-4e0390b2b65c'),(34,1,9,'kube.png','image',933,748,59144,'2015-07-01 20:35:04','2015-07-21 15:20:58','2015-07-22 00:50:01','593ad5d0-fdfe-4d60-add9-7084a18127e5'),(35,1,9,'parts1.jpg','image',294,238,10522,'2015-07-02 20:21:53','2015-07-21 15:20:58','2015-07-22 00:50:01','a30f9ca4-7137-4892-a20b-9943c6aebf0c'),(36,1,9,'parts1.png','image',294,238,48377,'2015-07-02 20:36:18','2015-07-21 15:20:58','2015-07-22 00:50:02','e944afa0-fc3a-4c45-8b73-f66507e5a333'),(37,1,9,'parts2.jpg','image',294,238,9699,'2015-07-02 20:24:59','2015-07-21 15:20:59','2015-07-22 00:50:02','ff42f7a0-4d9d-4385-87f5-7ba64b3b5a1a'),(38,1,9,'parts2.png','image',294,238,45183,'2015-07-02 20:35:56','2015-07-21 15:20:59','2015-07-22 00:50:02','c7814730-01e3-40e2-85c2-190b34e69c2f'),(39,1,9,'parts3.jpg','image',297,336,9048,'2015-07-02 20:21:22','2015-07-21 15:20:59','2015-07-22 00:50:02','89e23076-2766-49eb-a942-7065fd53ac77'),(40,1,9,'parts3.png','image',297,336,38735,'2015-07-02 20:34:38','2015-07-21 15:20:59','2015-07-22 00:50:02','4f24ac09-9ae1-4b46-80cf-7baba5e18d8b'),(41,1,9,'parts4.jpg','image',297,336,19253,'2015-07-02 20:27:12','2015-07-21 15:21:00','2015-07-22 00:50:03','ab1d7806-4fbd-4ad2-8aa9-83d08ff10630'),(42,1,9,'parts4.png','image',297,336,87336,'2015-07-02 20:57:41','2015-07-21 15:21:00','2015-07-22 00:50:03','d2c55a7f-f30b-4b0e-9f1a-273a235ba0dc'),(43,1,9,'parts5.jpg','image',297,336,11198,'2015-07-02 20:27:39','2015-07-21 15:21:00','2015-07-22 00:50:03','7b42f27e-6762-414d-bcdc-ee1a275dbea1'),(44,1,9,'parts5.png','image',297,336,34548,'2015-07-02 20:58:13','2015-07-21 15:21:00','2015-07-22 00:50:03','4ede574e-4cf1-483a-990b-7565b5c3b8cd'),(45,1,9,'river.jpg','image',1500,400,189676,'2015-07-01 19:04:42','2015-07-21 15:21:00','2015-07-22 00:50:03','5c1d2e29-b235-48b6-827d-5d7b4aabe048'),(46,1,9,'volume-control.jpg','image',748,400,10904,'2015-07-01 19:00:23','2015-07-21 15:21:01','2015-07-22 00:50:04','b9c0558a-433d-4a85-8d63-7c5a3669b985'),(47,1,9,'wave-small.jpg','image',499,799,36643,'2015-07-15 16:04:19','2015-07-21 15:21:01','2015-07-22 00:50:04','4ef1a7e8-d785-454e-be09-9d67b2c0cb31'),(48,1,9,'wave.jpg','image',1001,800,57501,'2015-07-15 13:32:08','2015-07-21 15:21:01','2015-07-22 00:50:04','864129ad-f1bc-4c60-92f7-b964ad62e5b4'),(49,1,10,'amazon-placeholder.jpg','image',213,93,3149,'2015-06-23 17:34:58','2015-07-21 15:21:01','2015-07-22 00:50:04','63da6d10-2d72-4395-b2e1-ac5f7065fefa'),(50,1,10,'cta-kube.jpg','image',435,560,180490,'2015-06-24 18:19:20','2015-07-21 15:21:02','2015-07-22 00:50:04','f6814455-c837-4da4-ba16-ddb60414640b'),(51,1,10,'cta-kube.png','image',772,418,42524,'2015-06-24 18:22:01','2015-07-21 15:21:02','2015-07-22 00:50:05','d1f5cbe6-72af-4ec2-b951-c830bf6aeb36'),(52,1,10,'experience-half-2.jpg','image',750,400,63495,'2015-06-25 19:14:02','2015-07-21 15:21:02','2015-07-22 00:50:05','cad39ead-9615-4bc5-bda0-08ed4beb056d'),(53,1,10,'experience-half.jpg','image',750,400,57694,'2015-06-23 14:17:11','2015-07-21 15:21:03','2015-07-22 00:50:05','abcc925f-9250-4ac6-9890-3f072f51c0ca'),(54,1,10,'experience-tall-2.jpg','image',501,800,70997,'2015-06-24 16:21:45','2015-07-21 15:21:03','2015-07-22 00:50:05','8d97e146-7b48-4d07-8acb-75e0b4fa6893'),(55,1,10,'experience-tall-3.jpg','image',501,800,34326,'2015-06-24 16:26:32','2015-07-21 15:21:03','2015-07-22 00:50:06','2af8aee2-7dfe-4959-bd4e-1a99a30ca5d0'),(56,1,10,'experience-tall.jpg','image',501,800,93307,'2015-06-23 14:15:48','2015-07-21 15:21:04','2015-07-22 00:50:06','ca9d5991-3305-4473-b4df-e6be1ff1e5f7'),(57,1,10,'experience-wide.jpg','image',999,400,106571,'2015-06-23 14:16:11','2015-07-21 15:21:04','2015-07-22 00:50:06','36711e65-b47f-4ec1-9203-9833ae2ecb9b'),(58,1,10,'features-kube-bluetooth.png','image',766,594,360056,'2015-07-08 15:30:33','2015-07-21 15:21:04','2015-07-22 00:50:06','1d1c17ad-399f-4712-9080-9235a6d1ce94'),(59,1,10,'features-kube-insulated.png','image',766,594,354316,'2015-07-08 15:30:19','2015-07-21 15:21:04','2015-07-22 00:50:07','78b0a40b-2ba5-4464-a2ce-19c47c722fa0'),(60,1,10,'features-kube-sound.png','image',766,594,363217,'2015-07-08 15:30:07','2015-07-21 15:21:05','2015-07-22 00:50:07','ed364ed2-6009-45d5-9992-404da6b682e5'),(61,1,10,'features-kube-waterproof.png','image',766,594,364041,'2015-07-08 15:30:43','2015-07-21 15:21:05','2015-07-22 00:50:07','4a420b21-7696-4f90-9cf2-dec64ecf37c6'),(62,1,10,'features-kube.jpg','image',766,594,385588,'2015-06-24 18:15:55','2015-07-21 15:21:05','2015-07-22 00:50:07','9a0fcd28-9271-4fab-956c-e5e5ccb0a71f'),(63,1,10,'features-kube.png','image',766,594,349337,'2015-06-24 18:37:12','2015-07-21 15:21:06','2015-07-22 00:50:07','33a4d151-2e23-4c10-992c-fc27546890a4'),(64,1,10,'hero-bg-2.jpg','image',1500,700,175791,'2015-06-24 16:41:13','2015-07-21 15:21:06','2015-07-22 00:50:08','bab9b439-294f-4898-b92d-6f2ad0a29d52'),(65,1,10,'hero-bg.jpg','image',1500,700,89702,'2015-06-23 03:09:08','2015-07-21 15:21:06','2015-07-22 00:50:08','0c947307-404e-4a28-9449-57b68dacfbe1'),(66,1,11,'amazonFPO.jpg','image',500,400,9730,'2015-07-16 17:42:39','2015-07-21 15:21:06','2015-07-22 00:50:08','d7033f1b-4185-43e2-8fdd-140be254e5aa'),(67,1,12,'FPO.jpg','image',1165,400,143475,'2015-07-16 19:48:18','2015-07-21 15:21:07','2015-07-22 00:50:08','a3c639be-849f-4cd5-9137-53c7b19f1a59'),(117,2,14,'experience-1.jpg','image',500,500,79499,'2015-07-15 14:20:01','2015-07-22 00:50:09','2015-07-22 00:50:09','e2733e5b-b936-435e-b183-28b16e331fbc'),(118,2,14,'experience-3.jpg','image',500,500,57332,'2015-07-15 14:20:50','2015-07-22 00:50:09','2015-07-22 00:50:09','86f94073-0b0d-43d3-9202-e695ae186584'),(119,2,14,'experience-4.jpg','image',500,500,85347,'2015-07-15 14:21:05','2015-07-22 00:50:09','2015-07-22 00:50:09','6959c5f1-a166-4ed2-be74-55d5d5809c57'),(120,2,14,'experience-2.jpg','image',500,500,39449,'2015-07-15 14:20:27','2015-07-22 00:50:10','2015-07-22 00:50:10','0438d2ed-d80c-4b54-8ba2-6ee4ebef362c'),(121,2,14,'experience-5.jpg','image',500,500,59667,'2015-07-15 14:21:20','2015-07-22 00:50:10','2015-07-22 00:50:10','c0a691d4-e8cb-406d-84ca-dadca22e1267'),(122,2,14,'experience-6.jpg','image',500,500,119368,'2015-07-15 14:21:39','2015-07-22 00:50:10','2015-07-22 00:50:10','10fbaa45-37c2-44f9-b51b-7beb7af6c859'),(123,2,14,'hero-bg.jpg','image',1500,469,28939,'2015-07-15 14:08:52','2015-07-22 00:50:10','2015-07-22 00:50:10','a60c5b1c-b2e9-417e-9ff4-5e289123292c'),(150,1,1,'gif.gif','image',380,323,71650,'2015-07-26 21:28:44','2015-07-26 21:28:44','2015-07-26 21:28:44','b959b29a-ef56-471c-a499-20b70069d8d2'),(151,1,1,'kube-1-1-of-1.jpg','image',1500,1252,819633,'2015-07-26 23:12:47','2015-07-26 23:12:47','2015-07-26 23:12:47','b77a6f83-d400-412c-8393-f234da1e982a'),(152,1,1,'kube-1-1-of-1-2.jpg','image',1500,1548,885283,'2015-07-26 23:15:51','2015-07-26 23:15:51','2015-07-26 23:15:51','7d971257-4321-44f8-b57c-59dab7d2a695'),(153,1,1,'Kube-Beach.jpg','image',1500,832,162062,'2015-07-26 23:18:22','2015-07-26 23:18:23','2015-07-26 23:18:23','4abf79a4-4ece-44eb-ae42-c59b4eb5c37f'),(154,1,1,'Kube-Wet.png','image',800,800,409177,'2015-07-26 23:25:07','2015-07-26 23:23:27','2015-07-26 23:25:10','4a55fc4e-1453-4d5b-ae38-a92115246c28'),(159,1,10,'experience-tall_1.jpg','image',501,800,83871,'2015-07-26 23:38:36','2015-07-26 23:38:36','2015-07-26 23:38:36','d7392f6a-1b33-44a5-ae6e-b90107265e57'),(160,1,10,'experience-half_1.jpg','image',750,400,96607,'2015-07-26 23:38:38','2015-07-26 23:38:38','2015-07-26 23:38:38','846ae940-bd0c-4444-9562-ff5b4c6ec1df'),(161,1,10,'experience-half-2_1.jpg','image',750,400,63691,'2015-07-26 23:38:38','2015-07-26 23:38:38','2015-07-26 23:38:38','3b6f964b-860a-498c-9893-93c4a6b65e93'),(162,1,1,'experience-tall.jpg','image',501,800,83871,'2015-07-26 23:39:30','2015-07-26 23:39:30','2015-07-26 23:39:30','ed41970f-902a-4416-9e69-4b5cb62cb015'),(163,1,1,'Experience-wide.jpg','image',750,400,86432,'2015-07-26 23:41:46','2015-07-26 23:41:46','2015-07-26 23:41:46','f6b1bea2-8326-44b5-9531-7d20db343222'),(164,1,1,'experience-half-2.jpg','image',750,400,63691,'2015-07-26 23:41:59','2015-07-26 23:41:59','2015-07-26 23:41:59','c4cf2ac2-7702-42bc-ba0b-f1d141a0de6e'),(165,1,1,'experience-half.jpg','image',2250,1200,619902,'2015-07-26 23:48:04','2015-07-26 23:44:59','2015-07-26 23:48:06','60c83c91-367e-40d0-909e-e9aef6d22c3d'),(167,1,1,'experience-half_1.jpg','image',2250,1200,619902,'2015-07-26 23:52:44','2015-07-26 23:52:44','2015-07-26 23:52:44','b3b83055-a411-4832-8161-24e27eb242a2'),(168,1,1,'2015-07-24-Boxclever-Kube-Cole-PH3-p3.jpg','image',3000,2192,981300,'2015-07-26 23:53:05','2015-07-26 23:53:07','2015-07-26 23:53:07','b2fab128-99f4-4e5c-9c01-08d1201d010f'),(169,1,1,'kube-CTA.png','image',1200,752,284559,'2015-07-27 01:00:11','2015-07-26 23:54:55','2015-07-27 01:00:14','85dcc526-a674-4c3b-a154-6a6f20ed1c29'),(170,2,14,'Pub.jpg','image',389,389,52031,'2015-07-27 00:17:56','2015-07-27 00:17:56','2015-07-27 00:17:56','58dd4e01-1c87-4524-ac7a-8bde9544e4c4'),(171,1,1,'Kube-Experiences.jpg','image',1500,856,371165,'2015-07-27 00:19:50','2015-07-27 00:19:50','2015-07-27 00:19:50','67666f85-589e-466a-8198-c33feaddf16a'),(172,1,1,'Kubeexperience.jpg','image',1500,856,152786,'2015-07-27 00:22:37','2015-07-27 00:22:37','2015-07-27 00:22:37','cd4bbdfa-945f-4a10-b840-364f0d89b234'),(173,2,14,'sclabs.jpg','image',1274,1270,250090,'2015-07-27 00:24:34','2015-07-27 00:24:34','2015-07-27 00:24:34','df4d62a5-83b2-4197-8922-730e99515280'),(174,1,1,'Water.png','image',800,800,563966,'2015-07-27 00:34:30','2015-07-27 00:34:30','2015-07-27 00:34:30','17eddcb9-175a-44bb-b06a-4a1484aee838'),(175,1,1,'Insulated.png','image',800,800,473722,'2015-07-27 00:42:38','2015-07-27 00:34:48','2015-07-27 00:42:41','787b6467-7d59-4773-b000-489b8af46542'),(180,1,1,'Audio.png','image',800,800,467692,'2015-07-27 00:46:12','2015-07-27 00:46:14','2015-07-27 00:46:14','f22fa3a4-34ab-407b-8da8-632da25cf7c9'),(181,1,1,'bluetooth.png','image',800,800,230051,'2015-07-27 00:55:16','2015-07-27 00:53:34','2015-07-27 00:55:19','db5fdf73-8121-4b84-b856-3c4e2009c92f'),(186,1,1,'rrover.jpg','image',2200,864,235890,'2015-07-27 01:16:51','2015-07-27 01:16:51','2015-07-27 01:16:51','2cd9a258-b67d-40f4-a7f2-15cd1713dcfc'),(187,1,1,'wide2.jpg','image',2200,864,256867,'2015-07-27 01:42:49','2015-07-27 01:42:49','2015-07-27 01:42:49','3686b369-d483-49d5-ad25-1137d3b69e6c');
/*!40000 ALTER TABLE `craft_assetfiles` ENABLE KEYS */;
UNLOCK TABLES;

--
-- Table structure for table `craft_assetfolders`
--

DROP TABLE IF EXISTS `craft_assetfolders`;
/*!40101 SET @saved_cs_client     = @@character_set_client */;
/*!40101 SET character_set_client = utf8 */;
CREATE TABLE `craft_assetfolders` (
  `id` int(11) NOT NULL AUTO_INCREMENT,
  `parentId` int(11) DEFAULT NULL,
  `sourceId` int(11) DEFAULT NULL,
  `name` varchar(255) COLLATE utf8_unicode_ci NOT NULL,
  `path` varchar(255) COLLATE utf8_unicode_ci DEFAULT NULL,
  `dateCreated` datetime NOT NULL,
  `dateUpdated` datetime NOT NULL,
  `uid` char(36) COLLATE utf8_unicode_ci NOT NULL DEFAULT '0',
  PRIMARY KEY (`id`),
  UNIQUE KEY `craft_assetfolders_name_parentId_sourceId_unq_idx` (`name`,`parentId`,`sourceId`),
  KEY `craft_assetfolders_parentId_fk` (`parentId`),
  KEY `craft_assetfolders_sourceId_fk` (`sourceId`),
  CONSTRAINT `craft_assetfolders_parentId_fk` FOREIGN KEY (`parentId`) REFERENCES `craft_assetfolders` (`id`) ON DELETE CASCADE,
  CONSTRAINT `craft_assetfolders_sourceId_fk` FOREIGN KEY (`sourceId`) REFERENCES `craft_assetsources` (`id`) ON DELETE CASCADE
) ENGINE=InnoDB AUTO_INCREMENT=15 DEFAULT CHARSET=utf8 COLLATE=utf8_unicode_ci;
/*!40101 SET character_set_client = @saved_cs_client */;

--
-- Dumping data for table `craft_assetfolders`
--

LOCK TABLES `craft_assetfolders` WRITE;
/*!40000 ALTER TABLE `craft_assetfolders` DISABLE KEYS */;
INSERT INTO `craft_assetfolders` VALUES (1,NULL,1,'Website Images','','2015-07-21 15:16:55','2015-07-21 15:16:55','2a346173-83eb-4cc4-ba18-82826a136b95'),(2,1,1,'brand','brand/','2015-07-21 15:20:49','2015-07-21 15:20:49','0dbb6a19-86d1-4a08-8ab8-00d4a374e449'),(3,1,1,'icons','icons/','2015-07-21 15:20:49','2015-07-21 15:20:49','6839bbc8-4a89-4537-95e0-3ae0e2219637'),(4,1,1,'nav','nav/','2015-07-21 15:20:49','2015-07-21 15:20:49','e0e20e84-dcdb-40e0-977f-9fc3a4b1ec1f'),(5,1,1,'pages','pages/','2015-07-21 15:20:49','2015-07-21 15:20:49','83e76664-020a-442f-8497-dc3cf855cb0b'),(6,5,1,'about','pages/about/','2015-07-21 15:20:49','2015-07-21 15:20:49','9f53ae9e-5fcf-43c7-a192-03f996518fc2'),(7,5,1,'blog','pages/blog/','2015-07-21 15:20:49','2015-07-21 15:20:49','30638a89-d726-4e39-a919-d01711549a10'),(8,5,1,'experiences','pages/experiences/','2015-07-21 15:20:49','2015-07-21 15:20:49','679c1dde-4460-417a-8619-170fbe0cd3cb'),(9,5,1,'features','pages/features/','2015-07-21 15:20:49','2015-07-21 15:20:49','3ae89357-b704-4d4f-ae51-69b21164e98a'),(10,5,1,'home','pages/home/','2015-07-21 15:20:50','2015-07-21 15:20:50','412fb0f0-9d79-4069-afb3-4ec962a0faf3'),(11,5,1,'partners','pages/partners/','2015-07-21 15:20:50','2015-07-21 15:20:50','af1321a5-5413-45ec-8b42-91e21bfad8f8'),(12,5,1,'press','pages/press/','2015-07-21 15:20:50','2015-07-21 15:20:50','48e03cec-a802-48f0-b838-6631f6a1743a'),(13,1,1,'social-media','social-media/','2015-07-21 15:20:50','2015-07-21 15:20:50','a202091e-383c-4770-9c66-68041e22c7ca'),(14,NULL,2,'Experiences Images','','2015-07-22 00:49:49','2015-07-22 00:49:49','8ff723b8-6f53-422e-81f3-2574877c2255');
/*!40000 ALTER TABLE `craft_assetfolders` ENABLE KEYS */;
UNLOCK TABLES;

--
-- Table structure for table `craft_assetindexdata`
--

DROP TABLE IF EXISTS `craft_assetindexdata`;
/*!40101 SET @saved_cs_client     = @@character_set_client */;
/*!40101 SET character_set_client = utf8 */;
CREATE TABLE `craft_assetindexdata` (
  `id` int(11) NOT NULL AUTO_INCREMENT,
  `sessionId` varchar(36) COLLATE utf8_unicode_ci NOT NULL DEFAULT '',
  `sourceId` int(10) NOT NULL,
  `offset` int(10) NOT NULL,
  `uri` varchar(255) COLLATE utf8_unicode_ci DEFAULT NULL,
  `size` int(10) DEFAULT NULL,
  `recordId` int(10) DEFAULT NULL,
  `dateCreated` datetime NOT NULL,
  `dateUpdated` datetime NOT NULL,
  `uid` char(36) COLLATE utf8_unicode_ci NOT NULL DEFAULT '0',
  PRIMARY KEY (`id`),
  UNIQUE KEY `craft_assetindexdata_sessionId_sourceId_offset_unq_idx` (`sessionId`,`sourceId`,`offset`),
  KEY `craft_assetindexdata_sourceId_fk` (`sourceId`),
  CONSTRAINT `craft_assetindexdata_sourceId_fk` FOREIGN KEY (`sourceId`) REFERENCES `craft_assetsources` (`id`) ON DELETE CASCADE
) ENGINE=InnoDB DEFAULT CHARSET=utf8 COLLATE=utf8_unicode_ci;
/*!40101 SET character_set_client = @saved_cs_client */;

--
-- Dumping data for table `craft_assetindexdata`
--

LOCK TABLES `craft_assetindexdata` WRITE;
/*!40000 ALTER TABLE `craft_assetindexdata` DISABLE KEYS */;
/*!40000 ALTER TABLE `craft_assetindexdata` ENABLE KEYS */;
UNLOCK TABLES;

--
-- Table structure for table `craft_assetsources`
--

DROP TABLE IF EXISTS `craft_assetsources`;
/*!40101 SET @saved_cs_client     = @@character_set_client */;
/*!40101 SET character_set_client = utf8 */;
CREATE TABLE `craft_assetsources` (
  `id` int(11) NOT NULL AUTO_INCREMENT,
  `name` varchar(255) COLLATE utf8_unicode_ci NOT NULL,
  `handle` varchar(255) COLLATE utf8_unicode_ci NOT NULL,
  `type` varchar(150) COLLATE utf8_unicode_ci NOT NULL,
  `settings` text COLLATE utf8_unicode_ci,
  `sortOrder` tinyint(4) DEFAULT NULL,
  `fieldLayoutId` int(10) DEFAULT NULL,
  `dateCreated` datetime NOT NULL,
  `dateUpdated` datetime NOT NULL,
  `uid` char(36) COLLATE utf8_unicode_ci NOT NULL DEFAULT '0',
  PRIMARY KEY (`id`),
  UNIQUE KEY `craft_assetsources_name_unq_idx` (`name`),
  UNIQUE KEY `craft_assetsources_handle_unq_idx` (`handle`),
  KEY `craft_assetsources_fieldLayoutId_fk` (`fieldLayoutId`),
  CONSTRAINT `craft_assetsources_fieldLayoutId_fk` FOREIGN KEY (`fieldLayoutId`) REFERENCES `craft_fieldlayouts` (`id`) ON DELETE SET NULL
) ENGINE=InnoDB AUTO_INCREMENT=3 DEFAULT CHARSET=utf8 COLLATE=utf8_unicode_ci;
/*!40101 SET character_set_client = @saved_cs_client */;

--
-- Dumping data for table `craft_assetsources`
--

LOCK TABLES `craft_assetsources` WRITE;
/*!40000 ALTER TABLE `craft_assetsources` DISABLE KEYS */;
INSERT INTO `craft_assetsources` VALUES (1,'Website Images','websiteImages','Local','{\"path\":\"{basePath}\\/images\\/\",\"url\":\"{baseUrl}\\/images\\/\"}',1,11,'2015-07-21 15:16:55','2015-07-21 15:20:41','361ab3b1-dbfc-4328-ba4f-74cee23cf41d'),(2,'Experiences Images','experiencesImages','Local','{\"path\":\"{basePath}\\/images\\/pages\\/experiences\\/\",\"url\":\"{baseUrl}\\/images\\/pages\\/experiences\\/\"}',2,285,'2015-07-22 00:49:49','2015-07-22 00:49:49','4970cdc5-8feb-459f-a97d-df3e8ba4327b');
/*!40000 ALTER TABLE `craft_assetsources` ENABLE KEYS */;
UNLOCK TABLES;

--
-- Table structure for table `craft_assettransformindex`
--

DROP TABLE IF EXISTS `craft_assettransformindex`;
/*!40101 SET @saved_cs_client     = @@character_set_client */;
/*!40101 SET character_set_client = utf8 */;
CREATE TABLE `craft_assettransformindex` (
  `id` int(11) NOT NULL AUTO_INCREMENT,
  `fileId` int(11) NOT NULL,
  `filename` varchar(255) COLLATE utf8_unicode_ci DEFAULT NULL,
  `format` varchar(255) COLLATE utf8_unicode_ci DEFAULT NULL,
  `location` varchar(255) COLLATE utf8_unicode_ci NOT NULL,
  `sourceId` int(11) DEFAULT NULL,
  `fileExists` tinyint(1) DEFAULT NULL,
  `inProgress` tinyint(1) DEFAULT NULL,
  `dateIndexed` datetime DEFAULT NULL,
  `dateCreated` datetime NOT NULL,
  `dateUpdated` datetime NOT NULL,
  `uid` char(36) COLLATE utf8_unicode_ci NOT NULL DEFAULT '0',
  PRIMARY KEY (`id`),
  KEY `craft_assettransformindex_sourceId_fileId_location_idx` (`sourceId`,`fileId`,`location`)
) ENGINE=InnoDB DEFAULT CHARSET=utf8 COLLATE=utf8_unicode_ci;
/*!40101 SET character_set_client = @saved_cs_client */;

--
-- Dumping data for table `craft_assettransformindex`
--

LOCK TABLES `craft_assettransformindex` WRITE;
/*!40000 ALTER TABLE `craft_assettransformindex` DISABLE KEYS */;
/*!40000 ALTER TABLE `craft_assettransformindex` ENABLE KEYS */;
UNLOCK TABLES;

--
-- Table structure for table `craft_assettransforms`
--

DROP TABLE IF EXISTS `craft_assettransforms`;
/*!40101 SET @saved_cs_client     = @@character_set_client */;
/*!40101 SET character_set_client = utf8 */;
CREATE TABLE `craft_assettransforms` (
  `id` int(11) NOT NULL AUTO_INCREMENT,
  `name` varchar(255) COLLATE utf8_unicode_ci NOT NULL,
  `handle` varchar(255) COLLATE utf8_unicode_ci NOT NULL,
  `mode` enum('stretch','fit','crop') COLLATE utf8_unicode_ci NOT NULL DEFAULT 'crop',
  `position` enum('top-left','top-center','top-right','center-left','center-center','center-right','bottom-left','bottom-center','bottom-right') COLLATE utf8_unicode_ci NOT NULL DEFAULT 'center-center',
  `height` int(10) DEFAULT NULL,
  `width` int(10) DEFAULT NULL,
  `format` varchar(255) COLLATE utf8_unicode_ci DEFAULT NULL,
  `quality` int(10) DEFAULT NULL,
  `dimensionChangeTime` datetime DEFAULT NULL,
  `dateCreated` datetime NOT NULL,
  `dateUpdated` datetime NOT NULL,
  `uid` char(36) COLLATE utf8_unicode_ci NOT NULL DEFAULT '0',
  PRIMARY KEY (`id`),
  UNIQUE KEY `craft_assettransforms_name_unq_idx` (`name`),
  UNIQUE KEY `craft_assettransforms_handle_unq_idx` (`handle`)
) ENGINE=InnoDB DEFAULT CHARSET=utf8 COLLATE=utf8_unicode_ci;
/*!40101 SET character_set_client = @saved_cs_client */;

--
-- Dumping data for table `craft_assettransforms`
--

LOCK TABLES `craft_assettransforms` WRITE;
/*!40000 ALTER TABLE `craft_assettransforms` DISABLE KEYS */;
/*!40000 ALTER TABLE `craft_assettransforms` ENABLE KEYS */;
UNLOCK TABLES;

--
-- Table structure for table `craft_categories`
--

DROP TABLE IF EXISTS `craft_categories`;
/*!40101 SET @saved_cs_client     = @@character_set_client */;
/*!40101 SET character_set_client = utf8 */;
CREATE TABLE `craft_categories` (
  `id` int(11) NOT NULL,
  `groupId` int(11) NOT NULL,
  `dateCreated` datetime NOT NULL,
  `dateUpdated` datetime NOT NULL,
  `uid` char(36) COLLATE utf8_unicode_ci NOT NULL DEFAULT '0',
  PRIMARY KEY (`id`),
  KEY `craft_categories_groupId_fk` (`groupId`),
  CONSTRAINT `craft_categories_groupId_fk` FOREIGN KEY (`groupId`) REFERENCES `craft_categorygroups` (`id`) ON DELETE CASCADE,
  CONSTRAINT `craft_categories_id_fk` FOREIGN KEY (`id`) REFERENCES `craft_elements` (`id`) ON DELETE CASCADE
) ENGINE=InnoDB DEFAULT CHARSET=utf8 COLLATE=utf8_unicode_ci;
/*!40101 SET character_set_client = @saved_cs_client */;

--
-- Dumping data for table `craft_categories`
--

LOCK TABLES `craft_categories` WRITE;
/*!40000 ALTER TABLE `craft_categories` DISABLE KEYS */;
INSERT INTO `craft_categories` VALUES (130,1,'2015-07-22 00:54:06','2015-07-22 00:54:06','4e6e27bd-ee7e-4ec4-9432-a86319a5115f'),(131,1,'2015-07-22 00:54:12','2015-07-22 00:54:12','9ac880b9-ce4e-4788-97b4-55f93a593ed9'),(132,1,'2015-07-22 00:54:22','2015-07-22 00:54:22','70b54e44-2625-4f8c-b61c-71c63dea7dc5');
/*!40000 ALTER TABLE `craft_categories` ENABLE KEYS */;
UNLOCK TABLES;

--
-- Table structure for table `craft_categorygroups`
--

DROP TABLE IF EXISTS `craft_categorygroups`;
/*!40101 SET @saved_cs_client     = @@character_set_client */;
/*!40101 SET character_set_client = utf8 */;
CREATE TABLE `craft_categorygroups` (
  `id` int(11) NOT NULL AUTO_INCREMENT,
  `structureId` int(11) NOT NULL,
  `fieldLayoutId` int(11) DEFAULT NULL,
  `name` varchar(255) COLLATE utf8_unicode_ci NOT NULL,
  `handle` varchar(255) COLLATE utf8_unicode_ci NOT NULL,
  `hasUrls` tinyint(1) unsigned NOT NULL DEFAULT '1',
  `template` varchar(500) COLLATE utf8_unicode_ci DEFAULT NULL,
  `dateCreated` datetime NOT NULL,
  `dateUpdated` datetime NOT NULL,
  `uid` char(36) COLLATE utf8_unicode_ci NOT NULL DEFAULT '0',
  PRIMARY KEY (`id`),
  UNIQUE KEY `craft_categorygroups_name_unq_idx` (`name`),
  UNIQUE KEY `craft_categorygroups_handle_unq_idx` (`handle`),
  KEY `craft_categorygroups_structureId_fk` (`structureId`),
  KEY `craft_categorygroups_fieldLayoutId_fk` (`fieldLayoutId`),
  CONSTRAINT `craft_categorygroups_fieldLayoutId_fk` FOREIGN KEY (`fieldLayoutId`) REFERENCES `craft_fieldlayouts` (`id`) ON DELETE SET NULL,
  CONSTRAINT `craft_categorygroups_structureId_fk` FOREIGN KEY (`structureId`) REFERENCES `craft_structures` (`id`) ON DELETE CASCADE
) ENGINE=InnoDB AUTO_INCREMENT=2 DEFAULT CHARSET=utf8 COLLATE=utf8_unicode_ci;
/*!40101 SET character_set_client = @saved_cs_client */;

--
-- Dumping data for table `craft_categorygroups`
--

LOCK TABLES `craft_categorygroups` WRITE;
/*!40000 ALTER TABLE `craft_categorygroups` DISABLE KEYS */;
INSERT INTO `craft_categorygroups` VALUES (1,2,287,'Experience Categories','experienceCategories',0,NULL,'2015-07-22 00:53:46','2015-07-22 00:53:46','28ef710a-ceeb-4a00-be8d-e80e2c33d6c6');
/*!40000 ALTER TABLE `craft_categorygroups` ENABLE KEYS */;
UNLOCK TABLES;

--
-- Table structure for table `craft_categorygroups_i18n`
--

DROP TABLE IF EXISTS `craft_categorygroups_i18n`;
/*!40101 SET @saved_cs_client     = @@character_set_client */;
/*!40101 SET character_set_client = utf8 */;
CREATE TABLE `craft_categorygroups_i18n` (
  `id` int(11) NOT NULL AUTO_INCREMENT,
  `groupId` int(11) NOT NULL,
  `locale` char(12) COLLATE utf8_unicode_ci NOT NULL,
  `urlFormat` varchar(255) COLLATE utf8_unicode_ci DEFAULT NULL,
  `nestedUrlFormat` varchar(255) COLLATE utf8_unicode_ci DEFAULT NULL,
  `dateCreated` datetime NOT NULL,
  `dateUpdated` datetime NOT NULL,
  `uid` char(36) COLLATE utf8_unicode_ci NOT NULL DEFAULT '0',
  PRIMARY KEY (`id`),
  UNIQUE KEY `craft_categorygroups_i18n_groupId_locale_unq_idx` (`groupId`,`locale`),
  KEY `craft_categorygroups_i18n_locale_fk` (`locale`),
  CONSTRAINT `craft_categorygroups_i18n_groupId_fk` FOREIGN KEY (`groupId`) REFERENCES `craft_categorygroups` (`id`) ON DELETE CASCADE,
  CONSTRAINT `craft_categorygroups_i18n_locale_fk` FOREIGN KEY (`locale`) REFERENCES `craft_locales` (`locale`) ON DELETE CASCADE ON UPDATE CASCADE
) ENGINE=InnoDB AUTO_INCREMENT=2 DEFAULT CHARSET=utf8 COLLATE=utf8_unicode_ci;
/*!40101 SET character_set_client = @saved_cs_client */;

--
-- Dumping data for table `craft_categorygroups_i18n`
--

LOCK TABLES `craft_categorygroups_i18n` WRITE;
/*!40000 ALTER TABLE `craft_categorygroups_i18n` DISABLE KEYS */;
INSERT INTO `craft_categorygroups_i18n` VALUES (1,1,'en_us',NULL,NULL,'2015-07-22 00:53:46','2015-07-22 00:53:46','1307e597-e525-4078-acaa-b613e008bf39');
/*!40000 ALTER TABLE `craft_categorygroups_i18n` ENABLE KEYS */;
UNLOCK TABLES;

--
-- Table structure for table `craft_content`
--

DROP TABLE IF EXISTS `craft_content`;
/*!40101 SET @saved_cs_client     = @@character_set_client */;
/*!40101 SET character_set_client = utf8 */;
CREATE TABLE `craft_content` (
  `id` int(11) NOT NULL AUTO_INCREMENT,
  `elementId` int(11) NOT NULL,
  `locale` char(12) COLLATE utf8_unicode_ci NOT NULL,
  `title` varchar(255) COLLATE utf8_unicode_ci DEFAULT NULL,
  `field_vendorUrl` text COLLATE utf8_unicode_ci,
  `field_heading` text COLLATE utf8_unicode_ci,
  `field_details` text COLLATE utf8_unicode_ci,
  `field_eDetails` text COLLATE utf8_unicode_ci,
  `dateCreated` datetime NOT NULL,
  `dateUpdated` datetime NOT NULL,
  `uid` char(36) COLLATE utf8_unicode_ci NOT NULL DEFAULT '0',
  PRIMARY KEY (`id`),
  UNIQUE KEY `craft_content_elementId_locale_unq_idx` (`elementId`,`locale`),
  KEY `craft_content_title_idx` (`title`),
  KEY `craft_content_locale_fk` (`locale`),
  CONSTRAINT `craft_content_elementId_fk` FOREIGN KEY (`elementId`) REFERENCES `craft_elements` (`id`) ON DELETE CASCADE,
  CONSTRAINT `craft_content_locale_fk` FOREIGN KEY (`locale`) REFERENCES `craft_locales` (`locale`) ON DELETE CASCADE ON UPDATE CASCADE
) ENGINE=InnoDB AUTO_INCREMENT=143 DEFAULT CHARSET=utf8 COLLATE=utf8_unicode_ci;
/*!40101 SET character_set_client = @saved_cs_client */;

--
-- Dumping data for table `craft_content`
--

LOCK TABLES `craft_content` WRITE;
/*!40000 ALTER TABLE `craft_content` DISABLE KEYS */;
INSERT INTO `craft_content` VALUES (1,1,'en_us',NULL,NULL,NULL,NULL,NULL,'2015-07-01 02:34:44','2015-07-21 14:49:48','4ec7a445-f8b1-46b1-a2d2-01558cf8455f'),(2,2,'en_us','Home',NULL,NULL,NULL,NULL,'2015-07-01 02:34:47','2015-07-27 03:37:44','0ada8197-500a-442e-9804-8a49a395b418'),(4,4,'en_us','kube-logo-square',NULL,NULL,NULL,NULL,'2015-07-21 15:20:50','2015-07-22 00:49:54','d76e02b5-49fc-4d4f-942d-b9da943cdd8b'),(5,5,'en_us','menu',NULL,NULL,NULL,NULL,'2015-07-21 15:20:50','2015-07-22 00:49:55','4087f540-a0be-4a3a-97f6-43a92a6f720a'),(6,6,'en_us','facebook',NULL,NULL,NULL,NULL,'2015-07-21 15:20:51','2015-07-22 00:49:55','2c286bed-a873-41e1-9382-f3e6485320b7'),(7,7,'en_us','square-logo',NULL,NULL,NULL,NULL,'2015-07-21 15:20:51','2015-07-22 00:49:55','85fd2705-77ec-4d07-8ec0-9686e10847fb'),(8,8,'en_us','thin-x',NULL,NULL,NULL,NULL,'2015-07-21 15:20:51','2015-07-22 00:49:55','57c50c0f-ed40-4f34-92f3-7435dac9c088'),(9,9,'en_us','triangle-down',NULL,NULL,NULL,NULL,'2015-07-21 15:20:51','2015-07-22 00:49:56','de2494ae-d00a-4e66-8611-2dded567a993'),(10,10,'en_us','twitter',NULL,NULL,NULL,NULL,'2015-07-21 15:20:52','2015-07-22 00:49:56','871e6df3-9a8c-47f3-ad5a-e82a5eece7cd'),(11,11,'en_us','youtube',NULL,NULL,NULL,NULL,'2015-07-21 15:20:52','2015-07-22 00:49:56','bd6a6748-6610-4d0e-9b01-f732639d943c'),(12,12,'en_us','kube-illustration',NULL,NULL,NULL,NULL,'2015-07-21 15:20:52','2015-07-22 00:49:56','59c2b2f3-c57f-4865-9b98-d9472b4e3a1d'),(13,13,'en_us','nathan',NULL,NULL,NULL,NULL,'2015-07-21 15:20:52','2015-07-22 00:49:56','d62bd45e-0194-48c2-bcdb-b637caf1130c'),(14,14,'en_us','russell',NULL,NULL,NULL,NULL,'2015-07-21 15:20:52','2015-07-22 00:49:57','a3cfadd3-9a86-44c6-ad03-f34acc053ef0'),(15,15,'en_us','FPO',NULL,NULL,NULL,NULL,'2015-07-21 15:20:53','2015-07-22 00:49:57','06cc0813-89ec-4bdd-9e05-cf9c8c537d8e'),(16,16,'en_us','experience-1',NULL,NULL,NULL,NULL,'2015-07-21 15:20:53','2015-07-22 00:49:57','60bfb1a1-916e-42f3-b007-f2b72117105b'),(17,17,'en_us','experience-2',NULL,NULL,NULL,NULL,'2015-07-21 15:20:53','2015-07-22 00:49:57','ef55aea8-57fa-4a21-84bb-d8af5b721787'),(18,18,'en_us','experience-3',NULL,NULL,NULL,NULL,'2015-07-21 15:20:54','2015-07-22 00:49:57','0112572e-badd-4285-a0fc-9ce592af5672'),(19,19,'en_us','experience-4',NULL,NULL,NULL,NULL,'2015-07-21 15:20:54','2015-07-22 00:49:58','d659c618-504b-4760-961a-efe34e2d3f6b'),(20,20,'en_us','experience-5',NULL,NULL,NULL,NULL,'2015-07-21 15:20:54','2015-07-22 00:49:58','8ea1bf0e-8e2b-4c85-b68a-61de1584f226'),(21,21,'en_us','experience-6',NULL,NULL,NULL,NULL,'2015-07-21 15:20:54','2015-07-22 00:49:58','fc70da57-e214-4fef-9ff0-ede97dc5c7b7'),(22,22,'en_us','hero-bg',NULL,NULL,NULL,NULL,'2015-07-21 15:20:55','2015-07-22 00:49:58','9fe9fc64-0fe0-43d7-99a3-0b56c988a311'),(23,23,'en_us','accessory-1',NULL,NULL,NULL,NULL,'2015-07-21 15:20:55','2015-07-22 00:49:59','15c80ed7-7d0e-48e1-861c-532ba1a0405e'),(24,24,'en_us','beach-hills',NULL,NULL,NULL,NULL,'2015-07-21 15:20:55','2015-07-22 00:49:59','42ccd82d-f580-4bbb-aa73-b0bb3e1e3922'),(25,25,'en_us','coming-soon-1',NULL,NULL,NULL,NULL,'2015-07-21 15:20:55','2015-07-22 00:49:59','27bd7ca0-de9f-4811-8ab1-121924cd4f59'),(26,26,'en_us','coming-soon-2',NULL,NULL,NULL,NULL,'2015-07-21 15:20:56','2015-07-22 00:49:59','f6db86ee-639a-40ab-8592-dc80f44398ef'),(27,27,'en_us','graph',NULL,NULL,NULL,NULL,'2015-07-21 15:20:56','2015-07-22 00:49:59','3615b863-1659-48ae-916c-7a1e4167abb9'),(28,28,'en_us','hero-bg',NULL,NULL,NULL,NULL,'2015-07-21 15:20:56','2015-07-22 00:50:00','d3086368-ddf9-4f85-8eb6-2f6c0a6d03d0'),(29,29,'en_us','kube-bubbly',NULL,NULL,NULL,NULL,'2015-07-21 15:20:57','2015-07-22 00:50:00','a4caf796-0b8a-4afa-b9b1-2580cc4cfdae'),(30,30,'en_us','kube-button',NULL,NULL,NULL,NULL,'2015-07-21 15:20:57','2015-07-22 00:50:00','66049287-5abd-48dc-b2c7-cc78c3c7ca50'),(31,31,'en_us','kube-corner',NULL,NULL,NULL,NULL,'2015-07-21 15:20:57','2015-07-22 00:50:00','9b0b77e2-f64f-4ece-b8c3-a73d6d0f83c1'),(32,32,'en_us','kube-icon',NULL,NULL,NULL,NULL,'2015-07-21 15:20:57','2015-07-22 00:50:01','2b5fff58-269f-45e0-b984-56a941b661be'),(33,33,'en_us','kube-opened',NULL,NULL,NULL,NULL,'2015-07-21 15:20:58','2015-07-22 00:50:01','2dd61640-9a37-41b6-8d4b-f50207566f11'),(34,34,'en_us','kube',NULL,NULL,NULL,NULL,'2015-07-21 15:20:58','2015-07-22 00:50:01','1ca0302e-4a49-46a9-bd49-df4ae3081ccc'),(35,35,'en_us','parts1',NULL,NULL,NULL,NULL,'2015-07-21 15:20:58','2015-07-22 00:50:01','99992e49-e0d2-4613-9a3f-bd8cef302eb3'),(36,36,'en_us','parts1',NULL,NULL,NULL,NULL,'2015-07-21 15:20:58','2015-07-22 00:50:01','d9e184e9-7732-46dc-a5d4-a1abe27adef3'),(37,37,'en_us','parts2',NULL,NULL,NULL,NULL,'2015-07-21 15:20:59','2015-07-22 00:50:02','b89a6644-2564-4334-bfca-a1e9e0ef028b'),(38,38,'en_us','parts2',NULL,NULL,NULL,NULL,'2015-07-21 15:20:59','2015-07-22 00:50:02','e6f63550-e21b-44f8-b78c-3b6073ab0aad'),(39,39,'en_us','parts3',NULL,NULL,NULL,NULL,'2015-07-21 15:20:59','2015-07-22 00:50:02','15558eeb-1668-497b-b64f-afb44956f5ff'),(40,40,'en_us','parts3',NULL,NULL,NULL,NULL,'2015-07-21 15:20:59','2015-07-22 00:50:02','fcc15c66-3f04-4a7f-9d82-999080badeb5'),(41,41,'en_us','parts4',NULL,NULL,NULL,NULL,'2015-07-21 15:20:59','2015-07-22 00:50:03','0a81285d-0bfb-4866-8c0d-bcbf70c28349'),(42,42,'en_us','parts4',NULL,NULL,NULL,NULL,'2015-07-21 15:21:00','2015-07-22 00:50:03','bf20089d-3979-41d9-ad45-e7a1620f8391'),(43,43,'en_us','parts5',NULL,NULL,NULL,NULL,'2015-07-21 15:21:00','2015-07-22 00:50:03','b235774a-1706-4a93-9c42-6c0281d03486'),(44,44,'en_us','parts5',NULL,NULL,NULL,NULL,'2015-07-21 15:21:00','2015-07-22 00:50:03','3820c2e6-d19f-487d-bba9-bc0b6ac7d083'),(45,45,'en_us','river',NULL,NULL,NULL,NULL,'2015-07-21 15:21:00','2015-07-22 00:50:03','3e5f2118-286b-40fd-8888-46c43e7b521c'),(46,46,'en_us','volume-control',NULL,NULL,NULL,NULL,'2015-07-21 15:21:01','2015-07-22 00:50:04','17c3bb79-9afb-4d2e-bcdf-20ff86ebebb5'),(47,47,'en_us','wave-small',NULL,NULL,NULL,NULL,'2015-07-21 15:21:01','2015-07-22 00:50:04','0243a7db-ccf9-482b-a128-7e6e9c1dc4d8'),(48,48,'en_us','wave',NULL,NULL,NULL,NULL,'2015-07-21 15:21:01','2015-07-22 00:50:04','6756930e-c515-424d-9a4b-998958cba619'),(49,49,'en_us','amazon-placeholder',NULL,NULL,NULL,NULL,'2015-07-21 15:21:01','2015-07-22 00:50:04','937660fb-3acc-477c-a569-135ad92ec6c6'),(50,50,'en_us','cta-kube',NULL,NULL,NULL,NULL,'2015-07-21 15:21:02','2015-07-22 00:50:04','4278d3c1-4cbe-4e28-a36e-b941b41cdccf'),(51,51,'en_us','cta-kube',NULL,NULL,NULL,NULL,'2015-07-21 15:21:02','2015-07-22 00:50:05','5719138d-0e4b-4372-843b-b73ec6d0d95c'),(52,52,'en_us','experience-half-2',NULL,NULL,NULL,NULL,'2015-07-21 15:21:02','2015-07-22 00:50:05','2164469a-71b6-45a0-856f-ede2951d05e7'),(53,53,'en_us','experience-half',NULL,NULL,NULL,NULL,'2015-07-21 15:21:03','2015-07-22 00:50:05','115f8ccc-eb7e-4de0-aee5-ff02fee2624b'),(54,54,'en_us','experience-tall-2',NULL,NULL,NULL,NULL,'2015-07-21 15:21:03','2015-07-22 00:50:05','f57d8c67-c925-4b6e-a028-4ac52e724186'),(55,55,'en_us','experience-tall-3',NULL,NULL,NULL,NULL,'2015-07-21 15:21:03','2015-07-22 00:50:06','bc573380-1648-403e-9a1c-8db11aa11bbd'),(56,56,'en_us','experience-tall',NULL,NULL,NULL,NULL,'2015-07-21 15:21:03','2015-07-22 00:50:06','827ef109-013a-4039-809f-5ed0318cba36'),(57,57,'en_us','experience-wide',NULL,NULL,NULL,NULL,'2015-07-21 15:21:04','2015-07-22 00:50:06','d9ae4c7f-cd9a-4759-a4d0-c6baf3a15c46'),(58,58,'en_us','features-kube-bluetooth',NULL,NULL,NULL,NULL,'2015-07-21 15:21:04','2015-07-22 00:50:06','26cd286e-bcc8-4da5-9f8f-b10c192be1fc'),(59,59,'en_us','features-kube-insulated',NULL,NULL,NULL,NULL,'2015-07-21 15:21:04','2015-07-22 00:50:07','a637e75d-4928-4590-90af-77c21d47a3b8'),(60,60,'en_us','features-kube-sound',NULL,NULL,NULL,NULL,'2015-07-21 15:21:05','2015-07-22 00:50:07','b482d08b-68a1-43d1-99c2-94d421d61059'),(61,61,'en_us','features-kube-waterproof',NULL,NULL,NULL,NULL,'2015-07-21 15:21:05','2015-07-22 00:50:07','1b7e45b3-77f8-40c1-91af-976d3b8c14b8'),(62,62,'en_us','features-kube',NULL,NULL,NULL,NULL,'2015-07-21 15:21:05','2015-07-22 00:50:07','abb8ded8-1736-48df-a931-b5233699d519'),(63,63,'en_us','features-kube',NULL,NULL,NULL,NULL,'2015-07-21 15:21:06','2015-07-22 00:50:07','0c949cfc-a357-4e5d-b06f-7dc3839c0a8a'),(64,64,'en_us','hero-bg-2',NULL,NULL,NULL,NULL,'2015-07-21 15:21:06','2015-07-22 00:50:08','5f2344bb-6ca6-45a3-a1ba-f8baa61c5f7a'),(65,65,'en_us','hero-bg',NULL,NULL,NULL,NULL,'2015-07-21 15:21:06','2015-07-22 00:50:08','3df5653c-47ec-462c-a52e-940c4190cb6f'),(66,66,'en_us','amazonFPO',NULL,NULL,NULL,NULL,'2015-07-21 15:21:06','2015-07-22 00:50:08','71352080-7ee1-437a-b8b3-352ed002a120'),(67,67,'en_us','FPO',NULL,NULL,NULL,NULL,'2015-07-21 15:21:07','2015-07-22 00:50:08','2f4946cd-b837-4888-8e3e-e8ca32fab00f'),(70,72,'en_us','Meet Kube',NULL,NULL,NULL,NULL,'2015-07-21 15:58:47','2015-07-26 21:15:43','d88c7e81-c953-4858-b3db-a78bf29029bc'),(71,73,'en_us','Experiences',NULL,NULL,NULL,NULL,'2015-07-21 15:58:58','2015-07-27 03:46:01','a461deb5-ea1d-4196-9f5d-1f643114472c'),(72,76,'en_us','Home - Feature List',NULL,NULL,NULL,NULL,'2015-07-21 16:24:42','2015-07-27 03:28:13','d191698b-18dc-43f4-bff8-2ef559ac57b1'),(73,84,'en_us','Vendor 1','/',NULL,NULL,NULL,'2015-07-21 17:10:07','2015-07-22 02:12:56','27452a2d-dd58-46d0-b591-f3eb0cc2c619'),(74,85,'en_us','Vendor 2','/',NULL,NULL,NULL,'2015-07-21 17:10:26','2015-07-22 02:12:48','cff9f2b8-0111-4bd7-bf9c-f20b21f000a1'),(75,86,'en_us','Vendor 3','/',NULL,NULL,NULL,'2015-07-21 17:10:41','2015-07-22 02:12:38','f199d12d-41e8-42fd-9c69-3c68a4042d13'),(76,87,'en_us','Vendor 4','/',NULL,NULL,NULL,'2015-07-21 17:11:04','2015-07-22 02:12:29','9a29e7f7-1083-42c0-b84f-7d9df77ce4f9'),(77,88,'en_us','Vendor 5','/',NULL,NULL,NULL,'2015-07-21 17:11:24','2015-07-22 02:12:19','a78121b6-9182-4e81-971b-da3d53ef9bce'),(78,90,'en_us','Main Navigation','',NULL,NULL,NULL,'2015-07-21 17:33:09','2015-07-22 01:41:07','af1a5546-4332-44c7-a49e-a96a28be7b97'),(79,94,'en_us','Footer Navigation','',NULL,NULL,NULL,'2015-07-21 17:34:06','2015-07-27 02:12:31','9bf831bf-585c-4687-bf82-3cff3a351ac4'),(80,106,'en_us','Ported Grill',NULL,'','Lorem ipsum dolor sit amet, consectetur adipisicing elit, sed do eiusmod tempor.',NULL,'2015-07-21 18:44:16','2015-07-26 21:13:17','db417710-45ab-4e56-a9b6-f1c1f36b8bc8'),(81,107,'en_us','Clarion Amp',NULL,'','Lorem ipsum dolor sit amet, consectetur adipisicing elit, sed do eiusmod tempor.',NULL,'2015-07-21 18:44:42','2015-07-26 21:13:30','a7816108-123e-48af-ad07-1663c8d1dc9f'),(82,108,'en_us','Drivers',NULL,'','Lorem ipsum dolor sit amet, consectetur adipisicing elit, sed do eiusmod tempor.',NULL,'2015-07-21 18:45:15','2015-07-26 21:13:04','f6b0885c-5c99-419f-959a-a0099d087d32'),(83,117,'en_us','experience-1',NULL,NULL,NULL,NULL,'2015-07-22 00:50:09','2015-07-22 00:50:09','7439739f-751a-4f79-9f3f-713c2dae9ba0'),(84,118,'en_us','experience-3',NULL,NULL,NULL,NULL,'2015-07-22 00:50:09','2015-07-22 00:50:09','bd4ce1f4-951e-40f9-8f96-6aee24fe3bad'),(85,119,'en_us','experience-4',NULL,NULL,NULL,NULL,'2015-07-22 00:50:09','2015-07-22 00:50:09','8e1cf642-4e0c-44df-b7c0-0a60b4aa7ea4'),(86,120,'en_us','experience-2',NULL,NULL,NULL,NULL,'2015-07-22 00:50:10','2015-07-22 00:50:10','5131aaf6-41f3-43c6-9851-e25bd7dd2c14'),(87,121,'en_us','experience-5',NULL,NULL,NULL,NULL,'2015-07-22 00:50:10','2015-07-22 00:50:10','94a282db-9138-4aa8-b91a-a177841ce7fd'),(88,122,'en_us','experience-6',NULL,NULL,NULL,NULL,'2015-07-22 00:50:10','2015-07-22 00:50:10','b63461b4-ce84-47ba-8ca1-881c7c291dd0'),(89,123,'en_us','hero-bg',NULL,NULL,NULL,NULL,'2015-07-22 00:50:10','2015-07-22 00:50:10','a9956e3b-9e69-484a-ac4b-07fac88bf0c6'),(90,124,'en_us','Kube at Home',NULL,NULL,NULL,'Lorem ipsum dolor sit amet, consectetur adipisicing elit, sed do eiusmod tempor incididunt ut labore.','2015-07-22 00:51:54','2015-07-26 20:55:24','c1bf7c93-3432-4d03-8992-79aebd716b98'),(91,125,'en_us','Happy Hour at Silicon Labs',NULL,NULL,NULL,'Lorem ipsum dolor sit amet, consectetur adipisicing elit, sed do eiusmod tempor incididunt ut labore.','2015-07-22 00:52:17','2015-07-27 00:24:39','511de1a4-bf95-41fa-bbef-feff01722ccc'),(92,126,'en_us','Kube on Set',NULL,NULL,NULL,'Lorem ipsum dolor sit amet, consectetur adipisicing elit, sed do eiusmod tempor incididunt ut labore.','2015-07-22 00:52:32','2015-07-26 20:54:55','ff915ba5-da63-4aee-8b03-100060d15546'),(93,127,'en_us','Kube at the club',NULL,NULL,NULL,'Lorem ipsum dolor sit amet, consectetur adipisicing elit, sed do eiusmod tempor incididunt ut labore.','2015-07-22 00:52:43','2015-07-26 20:55:06','815a845c-c41e-4ee1-98ee-159d2233c326'),(94,128,'en_us','Kubes at Zilker',NULL,NULL,NULL,'Lorem ipsum dolor sit amet, consectetur adipisicing elit, sed do eiusmod tempor incididunt ut labore.','2015-07-22 00:52:53','2015-07-26 20:55:16','6cc0104f-fde9-4485-95c6-95426ff503b0'),(95,129,'en_us','The life of the pub crawl',NULL,NULL,NULL,'Lorem ipsum dolor sit amet, consectetur adipisicing elit, sed do eiusmod tempor incididunt ut labore.','2015-07-22 00:53:08','2015-07-27 00:18:15','b530036d-0c16-468d-a9ab-0b4b2cad8c06'),(96,130,'en_us','Home',NULL,NULL,NULL,NULL,'2015-07-22 00:54:06','2015-07-22 00:54:06','61d50cc2-d470-407a-911d-5787b36ec2b3'),(97,131,'en_us','Work',NULL,NULL,NULL,NULL,'2015-07-22 00:54:12','2015-07-22 00:54:12','9f0241fe-80bf-47bc-ae80-b3a98a0ce0e0'),(98,132,'en_us','Play',NULL,NULL,NULL,NULL,'2015-07-22 00:54:22','2015-07-22 00:54:22','332b0dfb-5a51-4927-82b6-591b4621d89d'),(99,133,'en_us','About',NULL,NULL,NULL,NULL,'2015-07-22 01:13:52','2015-07-27 03:47:01','2df47c0e-22c9-4e29-ad87-1702fd6b725a'),(100,134,'en_us','Partners',NULL,NULL,NULL,NULL,'2015-07-22 01:14:03','2015-07-22 02:09:00','67faddc1-51f9-4df2-95fb-84efe80cbba6'),(101,135,'en_us','Press',NULL,NULL,NULL,NULL,'2015-07-22 01:14:34','2015-07-22 01:14:34','b59c33e3-9be0-4ebc-911d-2f2e44c1ff1f'),(102,136,'en_us','Blog',NULL,NULL,NULL,NULL,'2015-07-22 01:14:55','2015-07-22 01:14:55','7accb3c4-89db-421e-8533-5907a6ec6562'),(103,148,'en_us','Amazon','/',NULL,NULL,NULL,'2015-07-22 02:13:42','2015-07-27 02:10:28','76f96d27-0570-4be6-a40b-bbce32b1fe80'),(104,149,'en_us','Kube item 7',NULL,NULL,NULL,'hsdbsdbvusbdvb','2015-07-26 21:18:56','2015-07-26 21:18:56','7b5ff751-07c3-46f6-bf6b-33038eeff8b2'),(105,150,'en_us','gif',NULL,NULL,NULL,NULL,'2015-07-26 21:28:44','2015-07-26 21:28:44','b87bbecc-7a7b-4036-a866-0ea2d6806a56'),(106,151,'en_us','kube-1-1-of-1',NULL,NULL,NULL,NULL,'2015-07-26 23:12:47','2015-07-26 23:12:47','40ecc12b-ad15-4d66-bd8c-2cb0538371a4'),(107,152,'en_us','kube-1-1-of-1-2',NULL,NULL,NULL,NULL,'2015-07-26 23:15:51','2015-07-26 23:15:51','830f1a51-e8a2-40f5-a692-a6e000e6de47'),(108,153,'en_us','Kube-Beach',NULL,NULL,NULL,NULL,'2015-07-26 23:18:23','2015-07-26 23:18:23','7b4965f9-982d-4243-9832-f6ab204d6d87'),(109,154,'en_us','Kube-Wet',NULL,NULL,NULL,NULL,'2015-07-26 23:23:27','2015-07-26 23:25:10','c7f94b96-4ff3-4360-b6ea-cc113c31044b'),(114,159,'en_us','experience-tall 1',NULL,NULL,NULL,NULL,'2015-07-26 23:38:36','2015-07-26 23:38:36','27296510-ce0d-4e6d-9f58-b1a151a6402d'),(115,160,'en_us','experience-half 1',NULL,NULL,NULL,NULL,'2015-07-26 23:38:38','2015-07-26 23:38:38','a3aaf58b-0e61-45aa-ba08-c9988d77c3f9'),(116,161,'en_us','experience-half-2 1',NULL,NULL,NULL,NULL,'2015-07-26 23:38:38','2015-07-26 23:38:38','b53d0904-2a3e-46ae-9520-0ba17d801580'),(117,162,'en_us','experience-tall',NULL,NULL,NULL,NULL,'2015-07-26 23:39:30','2015-07-26 23:39:30','cd879b82-3448-4ce6-8f76-bdbd17fc1efb'),(118,163,'en_us','Experience-wide',NULL,NULL,NULL,NULL,'2015-07-26 23:41:46','2015-07-26 23:41:46','8859d903-54e9-4439-9877-85c6cea443d8'),(119,164,'en_us','experience-half-2',NULL,NULL,NULL,NULL,'2015-07-26 23:41:59','2015-07-26 23:41:59','4df13451-e731-4589-8282-92aea2f52fb2'),(120,165,'en_us','experience-half',NULL,NULL,NULL,NULL,'2015-07-26 23:44:59','2015-07-26 23:48:06','aafd07e6-0900-4c8d-88f3-63f69f8c846f'),(122,167,'en_us','experience-half 1',NULL,NULL,NULL,NULL,'2015-07-26 23:52:44','2015-07-26 23:52:44','cba2f645-c557-4671-9019-be5d1ff67a72'),(123,168,'en_us','2015-07-24-Boxclever-Kube-Cole-PH3-p3',NULL,NULL,NULL,NULL,'2015-07-26 23:53:07','2015-07-26 23:53:07','d4578aa8-1abf-4351-8262-db4bfb9d7050'),(124,169,'en_us','kube-CTA',NULL,NULL,NULL,NULL,'2015-07-26 23:54:55','2015-07-27 01:00:14','8f36a0f0-7336-40f3-991c-ffa7e0cd6882'),(125,170,'en_us','Pub',NULL,NULL,NULL,NULL,'2015-07-27 00:17:56','2015-07-27 00:17:56','151c28b9-8b46-4a1e-b53e-cab37e6e2b50'),(126,171,'en_us','Kube-Experiences',NULL,NULL,NULL,NULL,'2015-07-27 00:19:50','2015-07-27 00:19:50','b61d703a-6289-4045-abfb-ad2ef8079792'),(127,172,'en_us','Kubeexperience',NULL,NULL,NULL,NULL,'2015-07-27 00:22:37','2015-07-27 00:22:37','268eae22-ca98-43ca-aa0e-150c69447d47'),(128,173,'en_us','sclabs',NULL,NULL,NULL,NULL,'2015-07-27 00:24:34','2015-07-27 00:24:34','5caab519-00fd-4ada-a6ca-c1591fc0cd43'),(129,174,'en_us','Water',NULL,NULL,NULL,NULL,'2015-07-27 00:34:30','2015-07-27 00:34:30','7fe2b564-1640-4e62-bcb7-265cb7ef16d8'),(130,175,'en_us','Insulated',NULL,NULL,NULL,NULL,'2015-07-27 00:34:48','2015-07-27 00:42:41','e5e78b71-6295-4d62-b9ba-0c73713b8668'),(135,180,'en_us','Audio',NULL,NULL,NULL,NULL,'2015-07-27 00:46:14','2015-07-27 00:46:14','b101f32b-aec2-4cd2-98a1-a92fab577eb8'),(136,181,'en_us','bluetooth',NULL,NULL,NULL,NULL,'2015-07-27 00:53:34','2015-07-27 00:55:19','6e3f0c88-ef26-4aed-9811-ef7d4295c783'),(140,186,'en_us','rrover',NULL,NULL,NULL,NULL,'2015-07-27 01:16:51','2015-07-27 01:16:51','4f760a4e-574a-4834-b2b7-065407ce0cc0'),(141,187,'en_us','wide2',NULL,NULL,NULL,NULL,'2015-07-27 01:42:49','2015-07-27 01:42:49','b15f11ba-8df6-42d5-89eb-45514454086a'),(142,189,'en_us',NULL,NULL,NULL,NULL,NULL,'2015-07-27 02:03:39','2015-07-27 02:04:49','cdff2c45-61c3-4377-9849-4ebb04c6a767');
/*!40000 ALTER TABLE `craft_content` ENABLE KEYS */;
UNLOCK TABLES;

--
-- Table structure for table `craft_deprecationerrors`
--

DROP TABLE IF EXISTS `craft_deprecationerrors`;
/*!40101 SET @saved_cs_client     = @@character_set_client */;
/*!40101 SET character_set_client = utf8 */;
CREATE TABLE `craft_deprecationerrors` (
  `id` int(11) NOT NULL AUTO_INCREMENT,
  `key` varchar(255) COLLATE utf8_unicode_ci NOT NULL,
  `fingerprint` varchar(255) COLLATE utf8_unicode_ci NOT NULL,
  `lastOccurrence` datetime NOT NULL,
  `file` varchar(255) COLLATE utf8_unicode_ci NOT NULL,
  `line` smallint(6) unsigned NOT NULL,
  `class` varchar(255) COLLATE utf8_unicode_ci DEFAULT NULL,
  `method` varchar(255) COLLATE utf8_unicode_ci DEFAULT NULL,
  `template` varchar(255) COLLATE utf8_unicode_ci DEFAULT NULL,
  `templateLine` smallint(6) unsigned DEFAULT NULL,
  `message` varchar(255) COLLATE utf8_unicode_ci DEFAULT NULL,
  `traces` text COLLATE utf8_unicode_ci,
  `dateCreated` datetime NOT NULL,
  `dateUpdated` datetime NOT NULL,
  `uid` char(36) COLLATE utf8_unicode_ci NOT NULL DEFAULT '0',
  PRIMARY KEY (`id`),
  UNIQUE KEY `craft_deprecationerrors_key_fingerprint_unq_idx` (`key`,`fingerprint`)
) ENGINE=InnoDB DEFAULT CHARSET=utf8 COLLATE=utf8_unicode_ci;
/*!40101 SET character_set_client = @saved_cs_client */;

--
-- Dumping data for table `craft_deprecationerrors`
--

LOCK TABLES `craft_deprecationerrors` WRITE;
/*!40000 ALTER TABLE `craft_deprecationerrors` DISABLE KEYS */;
/*!40000 ALTER TABLE `craft_deprecationerrors` ENABLE KEYS */;
UNLOCK TABLES;

--
-- Table structure for table `craft_elements`
--

DROP TABLE IF EXISTS `craft_elements`;
/*!40101 SET @saved_cs_client     = @@character_set_client */;
/*!40101 SET character_set_client = utf8 */;
CREATE TABLE `craft_elements` (
  `id` int(11) NOT NULL AUTO_INCREMENT,
  `type` varchar(150) COLLATE utf8_unicode_ci NOT NULL,
  `enabled` tinyint(1) unsigned NOT NULL DEFAULT '1',
  `archived` tinyint(1) unsigned NOT NULL DEFAULT '0',
  `dateCreated` datetime NOT NULL,
  `dateUpdated` datetime NOT NULL,
  `uid` char(36) COLLATE utf8_unicode_ci NOT NULL DEFAULT '0',
  PRIMARY KEY (`id`),
  KEY `craft_elements_type_idx` (`type`),
  KEY `craft_elements_enabled_idx` (`enabled`),
  KEY `craft_elements_archived_dateCreated_idx` (`archived`,`dateCreated`)
) ENGINE=InnoDB AUTO_INCREMENT=192 DEFAULT CHARSET=utf8 COLLATE=utf8_unicode_ci;
/*!40101 SET character_set_client = @saved_cs_client */;

--
-- Dumping data for table `craft_elements`
--

LOCK TABLES `craft_elements` WRITE;
/*!40000 ALTER TABLE `craft_elements` DISABLE KEYS */;
INSERT INTO `craft_elements` VALUES (1,'User',1,0,'2015-07-01 02:34:44','2015-07-21 14:49:48','ee57cc4a-b734-4409-9aae-53c3d4280642'),(2,'Entry',1,0,'2015-07-01 02:34:47','2015-07-27 03:37:44','8be95574-ac13-4d4f-928c-b4df4b21af57'),(4,'Asset',1,0,'2015-07-21 15:20:50','2015-07-22 00:49:54','1ac9ae1e-89e0-4cfd-bafe-4efddf076616'),(5,'Asset',1,0,'2015-07-21 15:20:50','2015-07-22 00:49:55','01dc77da-08d9-44e9-968a-4cef4a1c7839'),(6,'Asset',1,0,'2015-07-21 15:20:51','2015-07-22 00:49:55','30d88a6d-484a-4c89-90f7-3ece5cb8c07e'),(7,'Asset',1,0,'2015-07-21 15:20:51','2015-07-22 00:49:55','a0b596ea-26ff-4355-8ec0-8bb045544ce3'),(8,'Asset',1,0,'2015-07-21 15:20:51','2015-07-22 00:49:55','84bba618-dd36-4ec0-9a38-80a4b00ac410'),(9,'Asset',1,0,'2015-07-21 15:20:51','2015-07-22 00:49:56','ee24229f-4bf9-488b-bb8b-51383b932acb'),(10,'Asset',1,0,'2015-07-21 15:20:52','2015-07-22 00:49:56','5f417a78-963f-4993-b57e-c8db4f5d6240'),(11,'Asset',1,0,'2015-07-21 15:20:52','2015-07-22 00:49:56','a639baf8-3eb5-4183-b0c0-27ef731ef12e'),(12,'Asset',1,0,'2015-07-21 15:20:52','2015-07-22 00:49:56','0eca490e-8f05-4eed-a069-8a528ba2f5ad'),(13,'Asset',1,0,'2015-07-21 15:20:52','2015-07-22 00:49:56','420a66c7-f954-4b65-a57a-8685c46b33bc'),(14,'Asset',1,0,'2015-07-21 15:20:52','2015-07-22 00:49:57','dd6e938e-f0db-4672-a3cd-1be35367244b'),(15,'Asset',1,0,'2015-07-21 15:20:53','2015-07-22 00:49:57','5b74bf8f-fb48-4529-b659-9bfc21307d8a'),(16,'Asset',1,0,'2015-07-21 15:20:53','2015-07-22 00:49:57','81561e73-6437-40d9-a19c-42dfc843c260'),(17,'Asset',1,0,'2015-07-21 15:20:53','2015-07-22 00:49:57','807abf9f-8059-4a5e-8f1a-7a61bffc2f5d'),(18,'Asset',1,0,'2015-07-21 15:20:54','2015-07-22 00:49:57','05c010ee-63b0-483d-ab32-295cb6b78331'),(19,'Asset',1,0,'2015-07-21 15:20:54','2015-07-22 00:49:58','b3a16653-e3b0-47ba-9f00-f8ef767a1323'),(20,'Asset',1,0,'2015-07-21 15:20:54','2015-07-22 00:49:58','08f63ec8-4c72-4d2d-b3b0-894a42040abf'),(21,'Asset',1,0,'2015-07-21 15:20:54','2015-07-22 00:49:58','3f30703b-011e-43b1-b3e6-e3c82ab7bf76'),(22,'Asset',1,0,'2015-07-21 15:20:55','2015-07-22 00:49:58','9e721a37-b7d8-4dfe-babd-52fc9909b1f3'),(23,'Asset',1,0,'2015-07-21 15:20:55','2015-07-22 00:49:59','2f0e8f9d-b753-4f4c-b52f-8e8aa0e794bf'),(24,'Asset',1,0,'2015-07-21 15:20:55','2015-07-22 00:49:59','94f48f82-9577-4235-9dfd-989e13c6ba4e'),(25,'Asset',1,0,'2015-07-21 15:20:55','2015-07-22 00:49:59','08a28089-9821-44ba-bc50-1c2378292b0b'),(26,'Asset',1,0,'2015-07-21 15:20:56','2015-07-22 00:49:59','c361069f-f835-4a4a-8015-26d25053c901'),(27,'Asset',1,0,'2015-07-21 15:20:56','2015-07-22 00:49:59','c0bdf113-600e-4689-8668-9900442ad213'),(28,'Asset',1,0,'2015-07-21 15:20:56','2015-07-22 00:50:00','7c897240-0171-4d94-8e25-36b6e7d92a55'),(29,'Asset',1,0,'2015-07-21 15:20:57','2015-07-22 00:50:00','df8bf217-e697-45e0-ae44-ea2f522fd5e3'),(30,'Asset',1,0,'2015-07-21 15:20:57','2015-07-22 00:50:00','014ed1eb-03aa-4979-b38e-74f660424ecd'),(31,'Asset',1,0,'2015-07-21 15:20:57','2015-07-22 00:50:00','970907ca-9077-4bf3-a718-60b2a8a3e0d8'),(32,'Asset',1,0,'2015-07-21 15:20:57','2015-07-22 00:50:01','cf26f284-ce97-4e3f-8e72-d54eb60c9aa7'),(33,'Asset',1,0,'2015-07-21 15:20:58','2015-07-22 00:50:01','d0e7a64c-65c0-44c6-86af-6cb71e66e6b7'),(34,'Asset',1,0,'2015-07-21 15:20:58','2015-07-22 00:50:01','4da62471-fa32-4269-8ed5-2e7ce62a33d2'),(35,'Asset',1,0,'2015-07-21 15:20:58','2015-07-22 00:50:01','f7bbd082-fdd0-47ad-8dcd-1afe06d25464'),(36,'Asset',1,0,'2015-07-21 15:20:58','2015-07-22 00:50:01','956cea6b-3e40-4444-8e32-edacc69f1422'),(37,'Asset',1,0,'2015-07-21 15:20:59','2015-07-22 00:50:02','b48be689-7757-4c88-8f41-dc129ac831de'),(38,'Asset',1,0,'2015-07-21 15:20:59','2015-07-22 00:50:02','45ed3428-b014-41a7-950d-c9e6f858292b'),(39,'Asset',1,0,'2015-07-21 15:20:59','2015-07-22 00:50:02','77ab1256-802e-4e20-87dc-d98cc9b290ef'),(40,'Asset',1,0,'2015-07-21 15:20:59','2015-07-22 00:50:02','8114f5de-63f2-4a4d-ba47-83808b8742e0'),(41,'Asset',1,0,'2015-07-21 15:20:59','2015-07-22 00:50:03','da6685d6-148b-46ae-8fea-177251f6b816'),(42,'Asset',1,0,'2015-07-21 15:21:00','2015-07-22 00:50:03','0dc7da00-f271-4cae-aeea-77a3c883b765'),(43,'Asset',1,0,'2015-07-21 15:21:00','2015-07-22 00:50:03','d96f4592-5172-40a2-9cc8-ca6df797824d'),(44,'Asset',1,0,'2015-07-21 15:21:00','2015-07-22 00:50:03','20537003-18d3-431b-9e9e-0dacfd57a995'),(45,'Asset',1,0,'2015-07-21 15:21:00','2015-07-22 00:50:03','816e2a56-3ea9-4762-a122-e27eaaee24c4'),(46,'Asset',1,0,'2015-07-21 15:21:01','2015-07-22 00:50:04','b3fe6d33-5a38-46c4-9152-8ebc908ff4db'),(47,'Asset',1,0,'2015-07-21 15:21:01','2015-07-22 00:50:04','f7293172-1e01-465a-8dad-8458416edd09'),(48,'Asset',1,0,'2015-07-21 15:21:01','2015-07-22 00:50:04','afd0fd60-f4c0-410b-bb30-21c04907bc0c'),(49,'Asset',1,0,'2015-07-21 15:21:01','2015-07-22 00:50:04','0a28457d-c083-427b-9b42-8d1f192c3bb2'),(50,'Asset',1,0,'2015-07-21 15:21:02','2015-07-22 00:50:04','55ea6ea5-18d0-4e22-bf39-748456403184'),(51,'Asset',1,0,'2015-07-21 15:21:02','2015-07-22 00:50:05','9bf7376a-649b-4809-b9bc-1d4fbe9d9661'),(52,'Asset',1,0,'2015-07-21 15:21:02','2015-07-22 00:50:05','502fec5f-794a-4a73-b541-afa38bfe26d8'),(53,'Asset',1,0,'2015-07-21 15:21:03','2015-07-22 00:50:05','65a97ff3-1123-4339-8c86-9994298771db'),(54,'Asset',1,0,'2015-07-21 15:21:03','2015-07-22 00:50:05','369079e6-8205-4e9c-8ec3-4abb53410d1f'),(55,'Asset',1,0,'2015-07-21 15:21:03','2015-07-22 00:50:06','a7f3cb1f-2e4a-4bd6-937a-71f16776d212'),(56,'Asset',1,0,'2015-07-21 15:21:03','2015-07-22 00:50:06','43986eb0-c4f7-45cf-b483-eff29bda1330'),(57,'Asset',1,0,'2015-07-21 15:21:04','2015-07-22 00:50:06','a80b9ac9-2ce3-4ca7-a5ba-b99c121920a7'),(58,'Asset',1,0,'2015-07-21 15:21:04','2015-07-22 00:50:06','5b098d94-6e00-4152-b3f4-eb28e9eaee64'),(59,'Asset',1,0,'2015-07-21 15:21:04','2015-07-22 00:50:07','a073c6ee-ab0c-453d-be82-e7d0c1b5a0e4'),(60,'Asset',1,0,'2015-07-21 15:21:05','2015-07-22 00:50:07','d2496325-2129-4b0e-8f46-981a037194f8'),(61,'Asset',1,0,'2015-07-21 15:21:05','2015-07-22 00:50:07','bab25ca9-13b2-4559-8e59-101592d14181'),(62,'Asset',1,0,'2015-07-21 15:21:05','2015-07-22 00:50:07','0a978ebb-6556-4c9a-8e4e-67684933aa2f'),(63,'Asset',1,0,'2015-07-21 15:21:05','2015-07-22 00:50:07','33afc106-4496-4590-97eb-69471e996c86'),(64,'Asset',1,0,'2015-07-21 15:21:06','2015-07-22 00:50:08','8562e044-6e07-48ae-a055-9e51c918f448'),(65,'Asset',1,0,'2015-07-21 15:21:06','2015-07-22 00:50:08','571fa9a5-fb49-4ade-82d9-78aa8442c313'),(66,'Asset',1,0,'2015-07-21 15:21:06','2015-07-22 00:50:08','f705e7a3-b1d0-419b-846c-dd378ab28d6c'),(67,'Asset',1,0,'2015-07-21 15:21:07','2015-07-22 00:50:08','93480a50-fa2f-4bfe-b4b7-be7e2e231739'),(68,'MatrixBlock',1,0,'2015-07-21 15:27:19','2015-07-27 03:37:44','78cffaa6-acd4-4a97-9208-d52e8e52932b'),(72,'Entry',1,0,'2015-07-21 15:58:47','2015-07-26 21:15:43','0559cf9a-bd26-406b-84e7-559183fb2cda'),(73,'Entry',1,0,'2015-07-21 15:58:58','2015-07-27 03:46:01','933babf8-1b62-4294-8842-3838d559f816'),(74,'MatrixBlock',1,0,'2015-07-21 16:00:12','2015-07-26 21:15:43','3c883348-5cfb-4373-ae48-ffadf089f098'),(75,'MatrixBlock',1,0,'2015-07-21 16:00:46','2015-07-27 03:46:01','d8181539-10c2-41a0-8977-90f781961761'),(76,'Entry',1,0,'2015-07-21 16:24:42','2015-07-27 03:28:13','c3233ab0-c6b8-4ff1-a8ef-7c815537f727'),(77,'MatrixBlock',1,0,'2015-07-21 16:24:42','2015-07-27 03:28:13','b3b7475b-e662-4053-ab95-b435740962b6'),(78,'MatrixBlock',1,0,'2015-07-21 16:24:42','2015-07-27 03:28:13','3f341efb-7af8-47c8-9304-232c79407da8'),(79,'MatrixBlock',1,0,'2015-07-21 16:24:42','2015-07-27 03:28:13','db5395a0-9415-45cf-8343-87d054e85be7'),(80,'MatrixBlock',1,0,'2015-07-21 16:24:42','2015-07-27 03:28:13','45005dae-c284-4387-8e6b-9861f5250889'),(81,'MatrixBlock',1,0,'2015-07-21 16:27:18','2015-07-27 03:37:44','9263ab82-f9d0-459c-9caa-bf983b11e36b'),(82,'MatrixBlock',1,0,'2015-07-21 16:43:54','2015-07-27 03:37:44','f6731b90-af20-4ca7-8fa1-6d9a61cd86a7'),(83,'MatrixBlock',1,0,'2015-07-21 17:02:04','2015-07-27 03:37:45','caa999d0-4a4e-42fa-afe1-edad4a11970b'),(84,'Entry',1,0,'2015-07-21 17:10:07','2015-07-22 02:12:56','bbd9ff43-b5f1-41e1-8480-853cd8ab8dd7'),(85,'Entry',1,0,'2015-07-21 17:10:26','2015-07-22 02:12:48','4518edf2-5f25-4b29-bcd6-64be1e224bcf'),(86,'Entry',1,0,'2015-07-21 17:10:41','2015-07-22 02:12:38','22ec1ef1-2e4c-4ab0-b4e0-2281c9d63307'),(87,'Entry',1,0,'2015-07-21 17:11:04','2015-07-22 02:12:29','e3e40701-9659-4947-a629-1eaedff03f01'),(88,'Entry',1,0,'2015-07-21 17:11:24','2015-07-22 02:12:19','e2b3217f-02e9-475c-aa8e-188a7ba8a0ba'),(89,'MatrixBlock',1,0,'2015-07-21 17:13:17','2015-07-27 03:37:45','3e71c715-0fa2-4fc4-872d-9aec98b92f86'),(90,'Entry',1,0,'2015-07-21 17:33:09','2015-07-22 01:41:07','b072b1cb-75e9-41a4-ba09-5552449c7748'),(91,'MatrixBlock',1,0,'2015-07-21 17:33:09','2015-07-22 01:41:07','8d00b697-60a0-486c-93f1-55e1dbf0f124'),(92,'MatrixBlock',1,0,'2015-07-21 17:33:09','2015-07-22 01:41:08','cf2e0ad3-c5a0-4107-bd93-214a988ad410'),(93,'MatrixBlock',1,0,'2015-07-21 17:33:09','2015-07-22 01:41:08','f3652fbd-1f02-42e1-9542-a4b98990a1d6'),(94,'Entry',1,0,'2015-07-21 17:34:06','2015-07-27 02:12:31','541f7ffc-21bb-4c1e-9433-a93036ff8c90'),(95,'MatrixBlock',1,0,'2015-07-21 17:34:06','2015-07-27 02:12:31','9b937a58-e072-464a-bb5f-3827b94b2e85'),(98,'MatrixBlock',1,0,'2015-07-21 18:10:43','2015-07-27 02:12:32','9d54eff7-39d0-4722-9099-3964d081d4e3'),(100,'MatrixBlock',1,0,'2015-07-21 18:10:43','2015-07-27 02:12:32','1d11c7d8-40b8-41a2-891d-e397185de78b'),(101,'MatrixBlock',1,0,'2015-07-21 18:10:43','2015-07-27 02:12:32','45dc61ea-c756-4dcb-a936-9439f32b1550'),(105,'MatrixBlock',1,0,'2015-07-21 18:19:03','2015-07-26 21:15:43','53048061-5ac4-4391-96c5-5505dc9b7ea6'),(106,'Entry',1,0,'2015-07-21 18:44:16','2015-07-26 21:13:17','1fbd10be-dc97-4a37-9200-7efef80900a8'),(107,'Entry',1,0,'2015-07-21 18:44:42','2015-07-26 21:13:30','cc437e35-236a-47fd-8792-f3c09c845e04'),(108,'Entry',1,0,'2015-07-21 18:45:15','2015-07-26 21:13:04','a85b4904-6ee4-452f-a39d-d79c3c779f35'),(109,'MatrixBlock',1,0,'2015-07-21 18:47:04','2015-07-26 21:15:43','c0dc7147-9e51-4ead-a3c0-0a525bd8ab28'),(110,'MatrixBlock',1,0,'2015-07-21 19:19:46','2015-07-26 21:15:43','be014a26-837f-477a-8a4e-ab496002aac4'),(111,'MatrixBlock',1,0,'2015-07-21 19:23:21','2015-07-26 21:15:43','d68399ce-0213-4fbe-9df7-0ad1648420d0'),(112,'MatrixBlock',1,0,'2015-07-21 19:23:21','2015-07-26 21:15:43','c4522056-b7b0-4a69-908b-b3d3f231e20c'),(113,'MatrixBlock',1,0,'2015-07-21 19:28:53','2015-07-26 21:15:43','75131137-a2a5-4a96-a14b-acfa6f126c65'),(114,'MatrixBlock',1,0,'2015-07-21 19:46:53','2015-07-26 21:15:43','c7ee1f49-01d1-4194-882f-0b72a9021a39'),(115,'MatrixBlock',1,0,'2015-07-21 23:46:39','2015-07-26 21:15:43','e01e681b-fc00-465c-8db8-32916b546b06'),(116,'MatrixBlock',1,0,'2015-07-22 00:36:43','2015-07-26 21:15:43','e772d093-2863-4213-b0ae-26141ff55d8a'),(117,'Asset',1,0,'2015-07-22 00:50:09','2015-07-22 00:50:09','29dab361-5eb3-4cda-945d-c704af7adfa2'),(118,'Asset',1,0,'2015-07-22 00:50:09','2015-07-22 00:50:09','db04bede-abfa-407c-88fe-e8e4df07011a'),(119,'Asset',1,0,'2015-07-22 00:50:09','2015-07-22 00:50:09','e8ac5a43-dd91-43c3-96e9-ffc0200051fa'),(120,'Asset',1,0,'2015-07-22 00:50:10','2015-07-22 00:50:10','1a25969b-e5a3-4243-8a61-b3981018ad3e'),(121,'Asset',1,0,'2015-07-22 00:50:10','2015-07-22 00:50:10','275ae37b-ed8b-46ba-bcdd-73ca60d3cadf'),(122,'Asset',1,0,'2015-07-22 00:50:10','2015-07-22 00:50:10','a75397ab-77a2-44ff-9c84-f5570d597532'),(123,'Asset',1,0,'2015-07-22 00:50:10','2015-07-22 00:50:10','698df8a7-9a8f-4eea-b4da-27ea4612c438'),(124,'Entry',1,0,'2015-07-22 00:51:54','2015-07-26 20:55:24','edcde6e6-e044-47e0-9c50-7faecbd81edd'),(125,'Entry',1,0,'2015-07-22 00:52:17','2015-07-27 00:24:39','4fe443ee-2a8a-4f0a-bd0d-7b5f7fd745ec'),(126,'Entry',1,0,'2015-07-22 00:52:32','2015-07-26 20:54:55','0b39f416-9473-49ca-9a33-0feee8fdf309'),(127,'Entry',1,0,'2015-07-22 00:52:43','2015-07-26 20:55:06','5a6e2ade-4e6d-4580-9f5e-1c3a4889a28a'),(128,'Entry',1,0,'2015-07-22 00:52:53','2015-07-26 20:55:16','5f08f0d8-6062-4c3e-b829-aeaa9d8fb2fe'),(129,'Entry',1,0,'2015-07-22 00:53:08','2015-07-27 00:18:15','75787dc4-dc61-4f5b-a1d8-ea9a715b35d5'),(130,'Category',1,0,'2015-07-22 00:54:06','2015-07-22 00:54:06','bfd2b9c0-6818-4d94-8975-b5a44f93dfb8'),(131,'Category',1,0,'2015-07-22 00:54:12','2015-07-22 00:54:12','6c77e361-615f-4ce1-8672-741d7d236063'),(132,'Category',1,0,'2015-07-22 00:54:22','2015-07-22 00:54:22','b23e3282-7456-4c3b-bd77-8150323e70a0'),(133,'Entry',1,0,'2015-07-22 01:13:52','2015-07-27 03:47:01','cdc1f72f-789e-4012-9ac3-1c799a95dce4'),(134,'Entry',1,0,'2015-07-22 01:14:03','2015-07-22 02:09:00','0770aa27-96a8-4939-b0be-9c25ac762cd1'),(135,'Entry',1,0,'2015-07-22 01:14:34','2015-07-22 01:14:34','175d469d-2d0e-425b-8ac4-36a7e4a23143'),(136,'Entry',1,0,'2015-07-22 01:14:55','2015-07-22 01:14:55','95b236ac-dc65-42c2-8d72-329a07ac535b'),(137,'MatrixBlock',1,0,'2015-07-22 01:17:15','2015-07-27 02:12:32','f41878e9-b8d7-40e5-a73a-15f9b45b52fe'),(138,'MatrixBlock',1,0,'2015-07-22 01:17:15','2015-07-27 02:12:32','32510042-f0bc-44f9-b108-e09310a597e6'),(139,'MatrixBlock',1,0,'2015-07-22 01:17:15','2015-07-27 02:12:32','19327da5-7b44-4d88-8b22-93c21d7660af'),(140,'MatrixBlock',1,0,'2015-07-22 01:17:15','2015-07-27 02:12:32','f632fd9c-7a80-49bb-8330-34f607d82cfe'),(141,'MatrixBlock',1,0,'2015-07-22 01:28:51','2015-07-27 03:47:01','0fc207e2-db57-4bd9-aaa9-277b32b14fea'),(143,'MatrixBlock',1,0,'2015-07-22 01:41:08','2015-07-22 01:41:08','f8f6d7d7-32d1-48db-a5ee-acf525549174'),(144,'MatrixBlock',1,0,'2015-07-22 01:41:08','2015-07-22 01:41:08','566ed348-8e7d-4b29-a82d-c336acbd8005'),(145,'MatrixBlock',1,0,'2015-07-22 01:48:57','2015-07-27 03:47:01','6fa849da-5b59-4f0f-b95a-5c8a0dcc3912'),(146,'MatrixBlock',1,0,'2015-07-22 01:48:57','2015-07-27 03:47:01','c58d0d66-5819-4edc-9904-4035b4269dfa'),(147,'MatrixBlock',1,0,'2015-07-22 02:09:00','2015-07-22 02:09:00','2250cd70-9983-4a90-8e91-9cedf0a072ed'),(148,'Entry',1,0,'2015-07-22 02:13:42','2015-07-27 02:10:28','ec2e368b-82d6-4674-b260-65add17b954c'),(149,'Entry',0,0,'2015-07-26 21:18:56','2015-07-26 21:19:29','c3b761a0-8acb-422b-80f8-af7cfeb84ddb'),(150,'Asset',1,0,'2015-07-26 21:28:44','2015-07-26 21:28:44','344a8a18-f0e4-47e7-b278-ebbf42a41927'),(151,'Asset',1,0,'2015-07-26 23:12:47','2015-07-26 23:12:47','28d93ee4-16d1-4603-b070-a37fe5895517'),(152,'Asset',1,0,'2015-07-26 23:15:51','2015-07-26 23:15:51','91b3da1c-097d-48fa-8f84-83955f8808b7'),(153,'Asset',1,0,'2015-07-26 23:18:23','2015-07-26 23:18:23','f05a34b8-a4f8-4e10-bbcf-bff18bbef6b9'),(154,'Asset',1,0,'2015-07-26 23:23:27','2015-07-26 23:25:10','205d7eac-7333-4df1-8985-c6eec81c4b0b'),(159,'Asset',1,0,'2015-07-26 23:38:36','2015-07-26 23:38:36','7c015d00-d51e-48db-9691-c24bd286a90c'),(160,'Asset',1,0,'2015-07-26 23:38:38','2015-07-26 23:38:38','eec65a5e-0e22-415a-95ae-71345e34629c'),(161,'Asset',1,0,'2015-07-26 23:38:38','2015-07-26 23:38:38','b3eed109-42ca-43e3-abd6-355bee8e2a20'),(162,'Asset',1,0,'2015-07-26 23:39:30','2015-07-26 23:39:30','a28742ac-2d38-44c6-9503-6ac3c522fd4c'),(163,'Asset',1,0,'2015-07-26 23:41:46','2015-07-26 23:41:46','5c6ec760-656f-45a0-bf28-edf3f9b0cacf'),(164,'Asset',1,0,'2015-07-26 23:41:59','2015-07-26 23:41:59','99c550bb-035b-4a47-b58a-264763315eda'),(165,'Asset',1,0,'2015-07-26 23:44:59','2015-07-26 23:48:06','c7b1f51c-5870-4160-8f3a-d9b3bf772a0a'),(167,'Asset',1,0,'2015-07-26 23:52:44','2015-07-26 23:52:44','9f769263-fd34-4165-99d8-45f3c3135e07'),(168,'Asset',1,0,'2015-07-26 23:53:07','2015-07-26 23:53:07','de5600ba-3180-4005-8ede-655f762a2cb9'),(169,'Asset',1,0,'2015-07-26 23:54:55','2015-07-27 01:00:14','c3c7b399-6c58-4594-9524-cda66e709eec'),(170,'Asset',1,0,'2015-07-27 00:17:56','2015-07-27 00:17:56','d67c7133-9c70-4277-a8b4-d87a370b4411'),(171,'Asset',1,0,'2015-07-27 00:19:50','2015-07-27 00:19:50','5a2f9861-3c1e-4f7b-8dcd-00ee63480e4b'),(172,'Asset',1,0,'2015-07-27 00:22:37','2015-07-27 00:22:37','c3256331-39f2-4761-a71d-d1f994553033'),(173,'Asset',1,0,'2015-07-27 00:24:34','2015-07-27 00:24:34','10b3602b-c2be-4628-8231-d4317903dda4'),(174,'Asset',1,0,'2015-07-27 00:34:30','2015-07-27 00:34:30','b8e78448-6b6f-4e66-ae64-db69955656bb'),(175,'Asset',1,0,'2015-07-27 00:34:48','2015-07-27 00:42:41','615ea5c4-5d3b-4cf7-a617-495647fdf271'),(180,'Asset',1,0,'2015-07-27 00:46:14','2015-07-27 00:46:14','b59f7507-4b92-4efa-826b-d3eb7566aead'),(181,'Asset',1,0,'2015-07-27 00:53:34','2015-07-27 00:55:19','8d95f222-1f3d-4994-b5ab-409ae70b8825'),(185,'MatrixBlock',1,0,'2015-07-27 01:08:12','2015-07-27 03:37:44','2ebc484f-6096-43a8-871c-ed90bf781a1b'),(186,'Asset',1,0,'2015-07-27 01:16:51','2015-07-27 01:16:51','07ef3161-9c8d-42e6-87c2-9b83598d9588'),(187,'Asset',1,0,'2015-07-27 01:42:49','2015-07-27 01:42:49','106625a4-73e5-45fa-b261-4a9ea19f4828'),(188,'MatrixBlock',1,0,'2015-07-27 01:42:53','2015-07-27 03:37:45','b225c3ab-a6d3-4030-b40c-5a605ce31b6f'),(189,'User',1,0,'2015-07-27 02:03:39','2015-07-27 02:04:49','a3f0ce85-8014-4134-9937-3daedc56c5c6');
/*!40000 ALTER TABLE `craft_elements` ENABLE KEYS */;
UNLOCK TABLES;

--
-- Table structure for table `craft_elements_i18n`
--

DROP TABLE IF EXISTS `craft_elements_i18n`;
/*!40101 SET @saved_cs_client     = @@character_set_client */;
/*!40101 SET character_set_client = utf8 */;
CREATE TABLE `craft_elements_i18n` (
  `id` int(11) NOT NULL AUTO_INCREMENT,
  `elementId` int(11) NOT NULL,
  `locale` char(12) COLLATE utf8_unicode_ci NOT NULL,
  `slug` varchar(255) COLLATE utf8_unicode_ci DEFAULT NULL,
  `uri` varchar(255) COLLATE utf8_unicode_ci DEFAULT NULL,
  `enabled` tinyint(1) unsigned NOT NULL DEFAULT '1',
  `dateCreated` datetime NOT NULL,
  `dateUpdated` datetime NOT NULL,
  `uid` char(36) COLLATE utf8_unicode_ci NOT NULL DEFAULT '0',
  PRIMARY KEY (`id`),
  UNIQUE KEY `craft_elements_i18n_elementId_locale_unq_idx` (`elementId`,`locale`),
  UNIQUE KEY `craft_elements_i18n_uri_locale_unq_idx` (`uri`,`locale`),
  KEY `craft_elements_i18n_slug_locale_idx` (`slug`,`locale`),
  KEY `craft_elements_i18n_enabled_idx` (`enabled`),
  KEY `craft_elements_i18n_locale_fk` (`locale`),
  CONSTRAINT `craft_elements_i18n_elementId_fk` FOREIGN KEY (`elementId`) REFERENCES `craft_elements` (`id`) ON DELETE CASCADE,
  CONSTRAINT `craft_elements_i18n_locale_fk` FOREIGN KEY (`locale`) REFERENCES `craft_locales` (`locale`) ON DELETE CASCADE ON UPDATE CASCADE
) ENGINE=InnoDB AUTO_INCREMENT=192 DEFAULT CHARSET=utf8 COLLATE=utf8_unicode_ci;
/*!40101 SET character_set_client = @saved_cs_client */;

--
-- Dumping data for table `craft_elements_i18n`
--

LOCK TABLES `craft_elements_i18n` WRITE;
/*!40000 ALTER TABLE `craft_elements_i18n` DISABLE KEYS */;
INSERT INTO `craft_elements_i18n` VALUES (1,1,'en_us','',NULL,1,'2015-07-01 02:34:44','2015-07-21 14:49:48','b37b2321-f1d0-4afb-a6f4-90a3d687bd8f'),(2,2,'en_us','homepage','__home__',1,'2015-07-01 02:34:47','2015-07-27 03:37:44','31de085f-e4ad-4076-b8a6-e6881c1ae361'),(4,4,'en_us','kube-logo-square',NULL,1,'2015-07-21 15:20:50','2015-07-22 00:49:55','dd39738d-c73e-4c20-9fdc-99c509efbd69'),(5,5,'en_us','menu',NULL,1,'2015-07-21 15:20:50','2015-07-22 00:49:55','29e8f575-1cf7-4cd5-8c35-3d2f3c7eba80'),(6,6,'en_us','facebook',NULL,1,'2015-07-21 15:20:51','2015-07-22 00:49:55','5b5979ef-e091-4fb4-86a4-0ac38e6ea819'),(7,7,'en_us','square-logo',NULL,1,'2015-07-21 15:20:51','2015-07-22 00:49:55','9da5201a-8d16-4009-9c43-eb08846d2237'),(8,8,'en_us','thin-x',NULL,1,'2015-07-21 15:20:51','2015-07-22 00:49:55','e77e6d58-95dd-417c-8809-622f9fff3004'),(9,9,'en_us','triangle-down',NULL,1,'2015-07-21 15:20:51','2015-07-22 00:49:56','be89a32f-4609-4667-a827-59a14d9d6686'),(10,10,'en_us','twitter',NULL,1,'2015-07-21 15:20:52','2015-07-22 00:49:56','511cac43-d0d1-4bfe-8016-3ddb83bef27c'),(11,11,'en_us','youtube',NULL,1,'2015-07-21 15:20:52','2015-07-22 00:49:56','7b19aec4-c75c-43f9-8666-076fa15acf16'),(12,12,'en_us','kube-illustration',NULL,1,'2015-07-21 15:20:52','2015-07-22 00:49:56','0c17597c-9957-4275-9090-761397709eaf'),(13,13,'en_us','nathan',NULL,1,'2015-07-21 15:20:52','2015-07-22 00:49:56','bd2f4681-67bb-4506-a977-bb69a391aa62'),(14,14,'en_us','russell',NULL,1,'2015-07-21 15:20:53','2015-07-22 00:49:57','19f65af8-dfdd-409a-8db3-2894ad571d41'),(15,15,'en_us','fpo',NULL,1,'2015-07-21 15:20:53','2015-07-22 00:49:57','dcfed849-0f00-4649-81de-c4c1e5a38b10'),(16,16,'en_us','experience-1',NULL,1,'2015-07-21 15:20:53','2015-07-22 00:49:57','f3991d01-4172-4ef9-8733-14383289dfe9'),(17,17,'en_us','experience-2',NULL,1,'2015-07-21 15:20:53','2015-07-22 00:49:57','ae3023c6-fa2f-483f-9494-f2ef7e2a880f'),(18,18,'en_us','experience-3',NULL,1,'2015-07-21 15:20:54','2015-07-22 00:49:57','76c6a74a-caee-4126-b528-4238e82b56b5'),(19,19,'en_us','experience-4',NULL,1,'2015-07-21 15:20:54','2015-07-22 00:49:58','24d9945c-b56e-4f11-af51-d3a692de3d86'),(20,20,'en_us','experience-5',NULL,1,'2015-07-21 15:20:54','2015-07-22 00:49:58','7ca3ad29-8d9c-4748-889f-64dc214db3aa'),(21,21,'en_us','experience-6',NULL,1,'2015-07-21 15:20:54','2015-07-22 00:49:58','3d8ce9df-6c1a-4104-8cc4-11a39e902f0f'),(22,22,'en_us','hero-bg',NULL,1,'2015-07-21 15:20:55','2015-07-22 00:49:58','cb04bb45-5361-4bb4-bc4b-885e195e8891'),(23,23,'en_us','accessory-1',NULL,1,'2015-07-21 15:20:55','2015-07-22 00:49:59','31731d88-db9d-479d-b147-922a083e4c20'),(24,24,'en_us','beach-hills',NULL,1,'2015-07-21 15:20:55','2015-07-22 00:49:59','91e1f04b-480b-447d-abca-8404647dc912'),(25,25,'en_us','coming-soon-1',NULL,1,'2015-07-21 15:20:55','2015-07-22 00:49:59','660c4d16-5bf3-4358-8e13-0f22020f0b06'),(26,26,'en_us','coming-soon-2',NULL,1,'2015-07-21 15:20:56','2015-07-22 00:49:59','009637ce-9ab4-4193-b05d-9a4fd9f6f201'),(27,27,'en_us','graph',NULL,1,'2015-07-21 15:20:56','2015-07-22 00:49:59','548531f9-2b63-4b8d-823e-8a9c66010d7a'),(28,28,'en_us','hero-bg',NULL,1,'2015-07-21 15:20:56','2015-07-22 00:50:00','3c04f1e6-1da1-4f38-a050-7ef2da82243c'),(29,29,'en_us','kube-bubbly',NULL,1,'2015-07-21 15:20:57','2015-07-22 00:50:00','cac9a07a-b12b-4c0f-aff8-50171e294daa'),(30,30,'en_us','kube-button',NULL,1,'2015-07-21 15:20:57','2015-07-22 00:50:00','3928c758-af5a-4a5e-af91-763e5307593b'),(31,31,'en_us','kube-corner',NULL,1,'2015-07-21 15:20:57','2015-07-22 00:50:00','e9b3de35-ebbc-4fec-9fc0-632f120b5673'),(32,32,'en_us','kube-icon',NULL,1,'2015-07-21 15:20:57','2015-07-22 00:50:01','be6bc9d0-093b-4e5a-ab01-88d459f1441a'),(33,33,'en_us','kube-opened',NULL,1,'2015-07-21 15:20:58','2015-07-22 00:50:01','ec0d9851-7dd8-42b9-b181-932b334ad524'),(34,34,'en_us','kube',NULL,1,'2015-07-21 15:20:58','2015-07-22 00:50:01','149bbd59-5e3d-4bb2-8f43-947b35cf4cd5'),(35,35,'en_us','parts1',NULL,1,'2015-07-21 15:20:58','2015-07-22 00:50:01','ce3226c5-14b7-482d-bccf-95a4ceb40823'),(36,36,'en_us','parts1',NULL,1,'2015-07-21 15:20:58','2015-07-22 00:50:02','e14c6d3a-8ad1-48cf-9e28-401cbbd43005'),(37,37,'en_us','parts2',NULL,1,'2015-07-21 15:20:59','2015-07-22 00:50:02','2ec2aab3-eefa-437d-b037-22ce9eeb665c'),(38,38,'en_us','parts2',NULL,1,'2015-07-21 15:20:59','2015-07-22 00:50:02','7d4dafa9-fd99-464f-894b-751363c17f03'),(39,39,'en_us','parts3',NULL,1,'2015-07-21 15:20:59','2015-07-22 00:50:02','7cd7c29d-20c1-4775-91f5-6394a8a54199'),(40,40,'en_us','parts3',NULL,1,'2015-07-21 15:20:59','2015-07-22 00:50:02','135ffbc2-1081-4cd5-b62b-4fa2d57c8f34'),(41,41,'en_us','parts4',NULL,1,'2015-07-21 15:20:59','2015-07-22 00:50:03','40720234-b5f5-4404-b999-e02cdc7e3ae9'),(42,42,'en_us','parts4',NULL,1,'2015-07-21 15:21:00','2015-07-22 00:50:03','53191ab7-3921-4185-9420-2bf081944b26'),(43,43,'en_us','parts5',NULL,1,'2015-07-21 15:21:00','2015-07-22 00:50:03','ce261972-b3eb-4b67-9197-4410988f094e'),(44,44,'en_us','parts5',NULL,1,'2015-07-21 15:21:00','2015-07-22 00:50:03','1e06fa48-1362-43ec-bf38-a31b77e1de5b'),(45,45,'en_us','river',NULL,1,'2015-07-21 15:21:00','2015-07-22 00:50:03','68caf424-8cd8-40ed-8baa-d506991d05a1'),(46,46,'en_us','volume-control',NULL,1,'2015-07-21 15:21:01','2015-07-22 00:50:04','c023d30a-cb92-4fa3-9a15-c82e901e112f'),(47,47,'en_us','wave-small',NULL,1,'2015-07-21 15:21:01','2015-07-22 00:50:04','96e7adde-6b88-4aac-a7c0-023cfcaa4564'),(48,48,'en_us','wave',NULL,1,'2015-07-21 15:21:01','2015-07-22 00:50:04','947eb447-7a32-4a33-a79c-ed555642f009'),(49,49,'en_us','amazon-placeholder',NULL,1,'2015-07-21 15:21:01','2015-07-22 00:50:04','6e313e11-82ae-4b99-a8a6-8fe5764988d0'),(50,50,'en_us','cta-kube',NULL,1,'2015-07-21 15:21:02','2015-07-22 00:50:04','85704d4c-6341-4de9-8a9a-2014f4b6e03e'),(51,51,'en_us','cta-kube',NULL,1,'2015-07-21 15:21:02','2015-07-22 00:50:05','9beec75d-6f32-49bc-9967-fefe6d8c63f1'),(52,52,'en_us','experience-half-2',NULL,1,'2015-07-21 15:21:02','2015-07-22 00:50:05','b80ed224-6ef2-4fb1-ad53-775c846f89ba'),(53,53,'en_us','experience-half',NULL,1,'2015-07-21 15:21:03','2015-07-22 00:50:05','4ebf4f30-9bc7-4e3e-b1e3-1ca961b56873'),(54,54,'en_us','experience-tall-2',NULL,1,'2015-07-21 15:21:03','2015-07-22 00:50:05','4760036d-f31d-41de-ad28-c9ff6ff8ad05'),(55,55,'en_us','experience-tall-3',NULL,1,'2015-07-21 15:21:03','2015-07-22 00:50:06','97d6734e-6a69-4d0a-a740-40d91feb00c6'),(56,56,'en_us','experience-tall',NULL,1,'2015-07-21 15:21:03','2015-07-22 00:50:06','0abfca13-74fe-4574-b596-c6f18d0c28f8'),(57,57,'en_us','experience-wide',NULL,1,'2015-07-21 15:21:04','2015-07-22 00:50:06','e775bb56-397b-4c82-bc40-13a31502e70e'),(58,58,'en_us','features-kube-bluetooth',NULL,1,'2015-07-21 15:21:04','2015-07-22 00:50:06','56a25aa1-0f08-4b4a-a090-0dd58f2e8081'),(59,59,'en_us','features-kube-insulated',NULL,1,'2015-07-21 15:21:04','2015-07-22 00:50:07','907a630a-418f-4864-896c-6bcf0ce6f0e2'),(60,60,'en_us','features-kube-sound',NULL,1,'2015-07-21 15:21:05','2015-07-22 00:50:07','7cb36782-f201-4bba-a52c-0586039c79a9'),(61,61,'en_us','features-kube-waterproof',NULL,1,'2015-07-21 15:21:05','2015-07-22 00:50:07','1de2518c-a33b-42a2-8117-1563256d0f19'),(62,62,'en_us','features-kube',NULL,1,'2015-07-21 15:21:05','2015-07-22 00:50:07','5f8ecb1d-e279-473f-bd91-b245c1efc014'),(63,63,'en_us','features-kube',NULL,1,'2015-07-21 15:21:06','2015-07-22 00:50:07','1aa4d59c-2c41-46f2-a1c9-664728dad0cc'),(64,64,'en_us','hero-bg-2',NULL,1,'2015-07-21 15:21:06','2015-07-22 00:50:08','d69ff3ae-dc07-4c6d-99df-00bb9550d285'),(65,65,'en_us','hero-bg',NULL,1,'2015-07-21 15:21:06','2015-07-22 00:50:08','49fc0b03-7a36-4b38-a493-74f258a6eebe'),(66,66,'en_us','amazonfpo',NULL,1,'2015-07-21 15:21:06','2015-07-22 00:50:08','5d35fadc-328a-4517-bbf9-b8134c806fc6'),(67,67,'en_us','fpo',NULL,1,'2015-07-21 15:21:07','2015-07-22 00:50:08','e07c3638-9a14-4675-8fb7-97f5f913d208'),(68,68,'en_us','',NULL,1,'2015-07-21 15:27:19','2015-07-27 03:37:44','0739adca-1b24-4cb6-844b-f73357d3d9fc'),(72,72,'en_us','meet-kube','meet-kube',1,'2015-07-21 15:58:47','2015-07-26 21:15:43','550576a3-8930-4d7c-a109-955476df2e5c'),(73,73,'en_us','experiences','experiences',1,'2015-07-21 15:58:58','2015-07-27 03:46:01','a6830e17-ee2b-41b7-bfeb-eafedcb69a0c'),(74,74,'en_us','',NULL,1,'2015-07-21 16:00:12','2015-07-26 21:15:43','f7a00714-d68d-4fae-82d2-e558ad57b157'),(75,75,'en_us','',NULL,1,'2015-07-21 16:00:46','2015-07-27 03:46:01','01221473-741c-4056-be39-55bc56bb138a'),(76,76,'en_us','home-feature-list',NULL,1,'2015-07-21 16:24:42','2015-07-27 03:28:13','09af5df4-26db-4ef9-aaaa-c5fe004a7a23'),(77,77,'en_us','',NULL,1,'2015-07-21 16:24:42','2015-07-27 03:28:13','5166c55f-571d-4553-97d4-ff905f95fd9f'),(78,78,'en_us','',NULL,1,'2015-07-21 16:24:42','2015-07-27 03:28:13','6d5b347a-7b3d-4fcc-ac00-cc96f795edc1'),(79,79,'en_us','',NULL,1,'2015-07-21 16:24:42','2015-07-27 03:28:13','c2d9f60c-db2f-41ff-ab62-5baf92496909'),(80,80,'en_us','',NULL,1,'2015-07-21 16:24:42','2015-07-27 03:28:13','d6d07b6f-4004-48fa-ab86-a30e1ff44ab6'),(81,81,'en_us','',NULL,1,'2015-07-21 16:27:18','2015-07-27 03:37:45','5a55fce4-31a3-4fd4-8033-f798dc6687b1'),(82,82,'en_us','',NULL,1,'2015-07-21 16:43:54','2015-07-27 03:37:44','3bccaf44-f612-4567-b211-313a5a70bc30'),(83,83,'en_us','',NULL,1,'2015-07-21 17:02:04','2015-07-27 03:37:45','a780660a-e79c-44c4-97a3-3504741483c9'),(84,84,'en_us','vendor-1',NULL,1,'2015-07-21 17:10:07','2015-07-22 02:12:56','8ceee45f-e38e-4cb8-b935-c7ca67af7085'),(85,85,'en_us','vendor-2',NULL,1,'2015-07-21 17:10:26','2015-07-22 02:12:48','f152d8fa-d203-456e-93f9-4f0fa43cead3'),(86,86,'en_us','vendor-3',NULL,1,'2015-07-21 17:10:41','2015-07-22 02:12:38','82f4c5a6-e170-4cf3-8793-149b1dc0175f'),(87,87,'en_us','vendor-4',NULL,1,'2015-07-21 17:11:04','2015-07-22 02:12:29','85c7dd20-6b87-440e-b702-5ff5e3b9095b'),(88,88,'en_us','vendor-5',NULL,1,'2015-07-21 17:11:24','2015-07-22 02:12:19','f29036b5-eb26-4b1d-86af-b93318c805e8'),(89,89,'en_us','',NULL,1,'2015-07-21 17:13:17','2015-07-27 03:37:45','c228ea83-28e2-403e-8703-d52534554dbf'),(90,90,'en_us','main-navigation',NULL,1,'2015-07-21 17:33:09','2015-07-22 01:41:07','dfd6ab72-5842-4df2-aa4b-03c81dd68413'),(91,91,'en_us','',NULL,1,'2015-07-21 17:33:09','2015-07-22 01:41:07','07c20001-5bff-4677-a117-9452b305b701'),(92,92,'en_us','',NULL,1,'2015-07-21 17:33:09','2015-07-22 01:41:08','edfcf619-57be-4b14-97e6-fba23fd4a671'),(93,93,'en_us','',NULL,1,'2015-07-21 17:33:09','2015-07-22 01:41:08','dd52c5b5-e529-42dc-904d-e4c379167a0f'),(94,94,'en_us','footer-navigation',NULL,1,'2015-07-21 17:34:06','2015-07-27 02:12:31','9996c843-dba5-42f3-b198-3d540f6339ae'),(95,95,'en_us','',NULL,1,'2015-07-21 17:34:06','2015-07-27 02:12:31','a915690d-c8de-4927-87e9-e6078c5dcfe0'),(98,98,'en_us','',NULL,1,'2015-07-21 18:10:43','2015-07-27 02:12:32','5e61bff2-5581-41b3-9628-7da85b510fa2'),(100,100,'en_us','',NULL,1,'2015-07-21 18:10:43','2015-07-27 02:12:32','ddd772be-6fbc-439e-bd0a-67135f668fe9'),(101,101,'en_us','',NULL,1,'2015-07-21 18:10:43','2015-07-27 02:12:32','de5403d2-c4c2-449a-9b54-fc26e59f5501'),(105,105,'en_us','',NULL,1,'2015-07-21 18:19:03','2015-07-26 21:15:43','3a502ff6-557b-4b49-aedd-fdbc67b2a487'),(106,106,'en_us','header-one',NULL,1,'2015-07-21 18:44:16','2015-07-26 21:13:17','498286d7-d857-4973-98c5-e2a41db17d67'),(107,107,'en_us','header-two',NULL,1,'2015-07-21 18:44:42','2015-07-26 21:13:30','58a3a068-cde3-4bec-878b-62766f145114'),(108,108,'en_us','header-three',NULL,1,'2015-07-21 18:45:15','2015-07-26 21:13:04','9eab495a-3ace-4777-ae6f-572475496929'),(109,109,'en_us','',NULL,1,'2015-07-21 18:47:04','2015-07-26 21:15:43','f16f2619-3967-4e58-95b9-b178b844d788'),(110,110,'en_us','',NULL,1,'2015-07-21 19:19:46','2015-07-26 21:15:43','8e094208-3648-471f-8ec3-4f54c6efa67e'),(111,111,'en_us','',NULL,1,'2015-07-21 19:23:21','2015-07-26 21:15:43','58376e01-65ec-4f3f-8bc9-359e506a7131'),(112,112,'en_us','',NULL,1,'2015-07-21 19:23:21','2015-07-26 21:15:43','f3cb3c58-ad7d-41c2-b707-d0ddd2397aa6'),(113,113,'en_us','',NULL,1,'2015-07-21 19:28:53','2015-07-26 21:15:43','537b4d47-fc24-42c8-9fa2-67e7a9914f53'),(114,114,'en_us','',NULL,1,'2015-07-21 19:46:53','2015-07-26 21:15:43','fe51b39a-aabe-4baa-9de2-78df823116d7'),(115,115,'en_us','',NULL,1,'2015-07-21 23:46:39','2015-07-26 21:15:43','7a183572-8f86-4329-9dd7-c78c21362c29'),(116,116,'en_us','',NULL,1,'2015-07-22 00:36:43','2015-07-26 21:15:43','152fb2af-17ff-418d-a321-ef95aa29782c'),(117,117,'en_us','experience-1',NULL,1,'2015-07-22 00:50:09','2015-07-22 00:50:09','4eae9086-3292-481d-a8b2-53491ec6ade5'),(118,118,'en_us','experience-3',NULL,1,'2015-07-22 00:50:09','2015-07-22 00:50:09','8391e36d-c613-46a5-ad95-86957b7be0f6'),(119,119,'en_us','experience-4',NULL,1,'2015-07-22 00:50:09','2015-07-22 00:50:09','9db6ed3d-540f-4a42-a0d8-47fd4060c2cf'),(120,120,'en_us','experience-2',NULL,1,'2015-07-22 00:50:10','2015-07-22 00:50:10','71bb6f58-3391-4c08-a310-c33aa7d3803e'),(121,121,'en_us','experience-5',NULL,1,'2015-07-22 00:50:10','2015-07-22 00:50:10','ec13278a-5cdb-4f8c-b296-c72fc72942c6'),(122,122,'en_us','experience-6',NULL,1,'2015-07-22 00:50:10','2015-07-22 00:50:10','5c8529d0-bffa-493f-9617-b06fd437667f'),(123,123,'en_us','hero-bg',NULL,1,'2015-07-22 00:50:10','2015-07-22 00:50:10','57fa129d-6771-496d-bbae-2702d164bf53'),(124,124,'en_us','smith-family',NULL,1,'2015-07-22 00:51:54','2015-07-26 20:55:24','4a857d2a-9088-4177-a3a6-b5c49ca61874'),(125,125,'en_us','smith-family',NULL,1,'2015-07-22 00:52:17','2015-07-27 00:24:39','3cd42260-29b3-497a-ad5e-10765861e07f'),(126,126,'en_us','smith-family',NULL,1,'2015-07-22 00:52:32','2015-07-26 20:54:55','05ab8fc5-9192-4766-b24b-013edb5f5e9b'),(127,127,'en_us','smith-family',NULL,1,'2015-07-22 00:52:43','2015-07-26 20:55:06','54e2a916-871b-49a8-a121-c036102018f9'),(128,128,'en_us','smith-family',NULL,1,'2015-07-22 00:52:53','2015-07-26 20:55:16','62fef3d9-678b-43bb-bb14-f4e6d35c800e'),(129,129,'en_us','smith-family',NULL,1,'2015-07-22 00:53:08','2015-07-27 00:18:15','70900779-335e-445d-9bb3-1961c46269c9'),(130,130,'en_us','home',NULL,1,'2015-07-22 00:54:06','2015-07-22 00:54:07','6d3fddb9-5458-4326-b067-c144b44074fb'),(131,131,'en_us','work',NULL,1,'2015-07-22 00:54:12','2015-07-22 00:54:13','24b8132b-0546-478b-932a-6f0d3e3a4186'),(132,132,'en_us','play',NULL,1,'2015-07-22 00:54:22','2015-07-22 00:54:23','8d7404db-3a75-4876-a9bf-50c85d5da49d'),(133,133,'en_us','about','about',1,'2015-07-22 01:13:52','2015-07-27 03:47:01','3fdac2d0-a00d-4116-ad23-eabf10351fd2'),(134,134,'en_us','partners','partners',1,'2015-07-22 01:14:03','2015-07-22 02:09:00','9cf2cb0d-8629-4506-b9c2-200008314e23'),(135,135,'en_us','press','press',1,'2015-07-22 01:14:34','2015-07-22 01:14:34','5d82daa0-894f-41c6-9e4e-f932383bc3ce'),(136,136,'en_us','blog','blog',1,'2015-07-22 01:14:55','2015-07-22 01:14:55','48b122ff-a8e4-4e7a-9106-e2679146400d'),(137,137,'en_us','',NULL,1,'2015-07-22 01:17:15','2015-07-27 02:12:32','033e44f9-839f-4b72-9b43-6fc526cb324d'),(138,138,'en_us','',NULL,1,'2015-07-22 01:17:15','2015-07-27 02:12:32','6af4f7f7-74a5-4f7d-a284-4096535b5f20'),(139,139,'en_us','',NULL,1,'2015-07-22 01:17:15','2015-07-27 02:12:32','f0146b2c-b3ef-4890-bbdf-aeece864d7ee'),(140,140,'en_us','',NULL,1,'2015-07-22 01:17:15','2015-07-27 02:12:32','37df16ac-89ba-470b-9259-090b446c4fbe'),(141,141,'en_us','',NULL,1,'2015-07-22 01:28:51','2015-07-27 03:47:01','deba09c5-f0e4-454e-9c61-bbf6f7a34e95'),(143,143,'en_us','',NULL,1,'2015-07-22 01:41:08','2015-07-22 01:41:08','2075b9a6-423e-4630-a999-75fe2c15689c'),(144,144,'en_us','',NULL,1,'2015-07-22 01:41:08','2015-07-22 01:41:08','fa5be0c3-9454-42a1-8ed6-b7117e574b87'),(145,145,'en_us','',NULL,1,'2015-07-22 01:48:57','2015-07-27 03:47:01','32192679-3d21-48dd-9f2a-27438fbc057e'),(146,146,'en_us','',NULL,1,'2015-07-22 01:48:57','2015-07-27 03:47:01','300947ce-1724-4baa-863b-ae00227f3163'),(147,147,'en_us','',NULL,1,'2015-07-22 02:09:00','2015-07-22 02:09:00','5c9ed8b9-c063-47b8-b43f-d6d53d91b31c'),(148,148,'en_us','amazon',NULL,1,'2015-07-22 02:13:42','2015-07-27 02:10:28','80fb8a67-c32c-4376-b398-770375c7d807'),(149,149,'en_us','kube-item-7',NULL,1,'2015-07-26 21:18:56','2015-07-26 21:18:56','05243a06-3f8e-4d0d-838a-03270643dcc9'),(150,150,'en_us','gif',NULL,1,'2015-07-26 21:28:44','2015-07-26 21:28:44','ebc2b06e-ad98-47ed-9459-bfb915365139'),(151,151,'en_us','kube-1-1-of-1',NULL,1,'2015-07-26 23:12:47','2015-07-26 23:12:47','53463789-716f-4d26-814b-97a2790a8670'),(152,152,'en_us','kube-1-1-of-1-2',NULL,1,'2015-07-26 23:15:51','2015-07-26 23:15:51','fb4b42c2-a2f2-48f4-8b6e-974b37c605b3'),(153,153,'en_us','kube-beach',NULL,1,'2015-07-26 23:18:23','2015-07-26 23:18:23','72c1ecce-3404-4e75-8cf2-4d64f38db35e'),(154,154,'en_us','kube-wet',NULL,1,'2015-07-26 23:23:27','2015-07-26 23:25:10','44f5246b-142b-43ab-8a77-4cae189e2924'),(159,159,'en_us','experience-tall-1',NULL,1,'2015-07-26 23:38:36','2015-07-26 23:38:36','cb73d7de-07fa-46f9-844b-efddb96744ef'),(160,160,'en_us','experience-half-1',NULL,1,'2015-07-26 23:38:38','2015-07-26 23:38:38','42dca4a9-1cce-4597-b6a9-25d24880fd06'),(161,161,'en_us','experience-half-2-1',NULL,1,'2015-07-26 23:38:38','2015-07-26 23:38:38','1b204dca-723d-491a-a6b0-8179ee142cf9'),(162,162,'en_us','experience-tall',NULL,1,'2015-07-26 23:39:30','2015-07-26 23:39:30','0e8d5048-d9c5-4df2-8165-5c92441e0f43'),(163,163,'en_us','experience-wide',NULL,1,'2015-07-26 23:41:46','2015-07-26 23:41:46','ba75eeaf-d924-4cef-aff0-3a10aa5bbf14'),(164,164,'en_us','experience-half-2',NULL,1,'2015-07-26 23:41:59','2015-07-26 23:41:59','4bff0f23-bdfc-4d15-bd46-afe8a8256ccd'),(165,165,'en_us','experience-half',NULL,1,'2015-07-26 23:44:59','2015-07-26 23:48:06','ea00a78d-c803-48e7-864c-4e6b7d32ab96'),(167,167,'en_us','experience-half-1',NULL,1,'2015-07-26 23:52:44','2015-07-26 23:52:44','fbbffa58-70a6-45f8-9ec8-a370300876d3'),(168,168,'en_us','2015-07-24-boxclever-kube-cole-ph3-p3',NULL,1,'2015-07-26 23:53:07','2015-07-26 23:53:07','d02386aa-6f95-40b8-b2b5-ff2f8ce3ff77'),(169,169,'en_us','kube-cta',NULL,1,'2015-07-26 23:54:55','2015-07-27 01:00:14','5e984aa8-41c5-4d71-8718-a1a8621322db'),(170,170,'en_us','pub',NULL,1,'2015-07-27 00:17:56','2015-07-27 00:17:56','b7a536fe-b90b-4737-8546-b0a1bdce063e'),(171,171,'en_us','kube-experiences',NULL,1,'2015-07-27 00:19:50','2015-07-27 00:19:50','bc34e265-ef56-4ce1-959d-989f478724c9'),(172,172,'en_us','kubeexperience',NULL,1,'2015-07-27 00:22:37','2015-07-27 00:22:37','9e7dc108-5202-435e-82f1-0e2b6d9091c2'),(173,173,'en_us','sclabs',NULL,1,'2015-07-27 00:24:34','2015-07-27 00:24:34','e0866393-3160-41b1-ba14-809dc670a621'),(174,174,'en_us','water',NULL,1,'2015-07-27 00:34:30','2015-07-27 00:34:30','dbdef4b7-599e-4ce3-a1f4-b6658b132b6f'),(175,175,'en_us','insulated',NULL,1,'2015-07-27 00:34:48','2015-07-27 00:42:41','d65c0d37-adcc-47c8-a071-4492845f736c'),(180,180,'en_us','audio',NULL,1,'2015-07-27 00:46:14','2015-07-27 00:46:14','9065eff1-aeff-4e70-9b21-81a12e6fa0d6'),(181,181,'en_us','bluetooth',NULL,1,'2015-07-27 00:53:34','2015-07-27 00:55:19','0a42dc1f-1ba7-4e8f-a04e-a22d7baead55'),(185,185,'en_us','',NULL,1,'2015-07-27 01:08:12','2015-07-27 03:37:44','a58b05d8-b852-4664-98b6-3523713e2c2b'),(186,186,'en_us','rrover',NULL,1,'2015-07-27 01:16:51','2015-07-27 01:16:51','d685d19d-4a8f-4e25-b153-d9acaa853d8b'),(187,187,'en_us','wide2',NULL,1,'2015-07-27 01:42:49','2015-07-27 01:42:49','9fc08a1a-0c7d-4b9d-ae40-7e07d6e22443'),(188,188,'en_us','',NULL,1,'2015-07-27 01:42:53','2015-07-27 03:37:45','be8709fe-44c3-499f-9331-e370d8cefafc'),(189,189,'en_us','',NULL,1,'2015-07-27 02:03:39','2015-07-27 02:04:49','2662c6a9-4cec-4ca8-8b66-d064455e2407');
/*!40000 ALTER TABLE `craft_elements_i18n` ENABLE KEYS */;
UNLOCK TABLES;

--
-- Table structure for table `craft_emailmessages`
--

DROP TABLE IF EXISTS `craft_emailmessages`;
/*!40101 SET @saved_cs_client     = @@character_set_client */;
/*!40101 SET character_set_client = utf8 */;
CREATE TABLE `craft_emailmessages` (
  `id` int(11) NOT NULL AUTO_INCREMENT,
  `key` char(150) COLLATE utf8_unicode_ci NOT NULL,
  `locale` char(12) COLLATE utf8_unicode_ci NOT NULL,
  `subject` varchar(1000) COLLATE utf8_unicode_ci NOT NULL,
  `body` text COLLATE utf8_unicode_ci NOT NULL,
  `dateCreated` datetime NOT NULL,
  `dateUpdated` datetime NOT NULL,
  `uid` char(36) COLLATE utf8_unicode_ci NOT NULL DEFAULT '0',
  PRIMARY KEY (`id`),
  UNIQUE KEY `craft_emailmessages_key_locale_unq_idx` (`key`,`locale`),
  KEY `craft_emailmessages_locale_fk` (`locale`),
  CONSTRAINT `craft_emailmessages_locale_fk` FOREIGN KEY (`locale`) REFERENCES `craft_locales` (`locale`) ON DELETE CASCADE ON UPDATE CASCADE
) ENGINE=InnoDB DEFAULT CHARSET=utf8 COLLATE=utf8_unicode_ci;
/*!40101 SET character_set_client = @saved_cs_client */;

--
-- Dumping data for table `craft_emailmessages`
--

LOCK TABLES `craft_emailmessages` WRITE;
/*!40000 ALTER TABLE `craft_emailmessages` DISABLE KEYS */;
/*!40000 ALTER TABLE `craft_emailmessages` ENABLE KEYS */;
UNLOCK TABLES;

--
-- Table structure for table `craft_entries`
--

DROP TABLE IF EXISTS `craft_entries`;
/*!40101 SET @saved_cs_client     = @@character_set_client */;
/*!40101 SET character_set_client = utf8 */;
CREATE TABLE `craft_entries` (
  `id` int(11) NOT NULL,
  `sectionId` int(11) NOT NULL,
  `typeId` int(11) DEFAULT NULL,
  `authorId` int(11) DEFAULT NULL,
  `postDate` datetime DEFAULT NULL,
  `expiryDate` datetime DEFAULT NULL,
  `dateCreated` datetime NOT NULL,
  `dateUpdated` datetime NOT NULL,
  `uid` char(36) COLLATE utf8_unicode_ci NOT NULL DEFAULT '0',
  PRIMARY KEY (`id`),
  KEY `craft_entries_sectionId_idx` (`sectionId`),
  KEY `craft_entries_typeId_idx` (`typeId`),
  KEY `craft_entries_postDate_idx` (`postDate`),
  KEY `craft_entries_expiryDate_idx` (`expiryDate`),
  KEY `craft_entries_authorId_fk` (`authorId`),
  CONSTRAINT `craft_entries_authorId_fk` FOREIGN KEY (`authorId`) REFERENCES `craft_users` (`id`) ON DELETE CASCADE,
  CONSTRAINT `craft_entries_id_fk` FOREIGN KEY (`id`) REFERENCES `craft_elements` (`id`) ON DELETE CASCADE,
  CONSTRAINT `craft_entries_sectionId_fk` FOREIGN KEY (`sectionId`) REFERENCES `craft_sections` (`id`) ON DELETE CASCADE,
  CONSTRAINT `craft_entries_typeId_fk` FOREIGN KEY (`typeId`) REFERENCES `craft_entrytypes` (`id`) ON DELETE CASCADE
) ENGINE=InnoDB DEFAULT CHARSET=utf8 COLLATE=utf8_unicode_ci;
/*!40101 SET character_set_client = @saved_cs_client */;

--
-- Dumping data for table `craft_entries`
--

LOCK TABLES `craft_entries` WRITE;
/*!40000 ALTER TABLE `craft_entries` DISABLE KEYS */;
INSERT INTO `craft_entries` VALUES (2,1,NULL,NULL,'2015-07-01 02:34:47',NULL,'2015-07-01 02:34:47','2015-07-27 03:37:45','fd82eb22-3ed3-4e81-9fad-d8ce150bb603'),(72,3,NULL,NULL,'2015-07-21 15:58:47',NULL,'2015-07-21 15:58:47','2015-07-26 21:15:43','356a9f19-3fe4-430b-881f-df4b960ceafc'),(73,4,NULL,NULL,'2015-07-21 15:58:58',NULL,'2015-07-21 15:58:58','2015-07-27 03:46:01','db2ff350-7740-4934-8b1f-8808a59d7d4c'),(76,5,5,1,'2015-07-21 16:24:00',NULL,'2015-07-21 16:24:42','2015-07-27 03:28:13','7b0ce9b8-405e-4875-b5f8-3440419eeef6'),(84,6,6,1,'2015-07-21 17:10:00',NULL,'2015-07-21 17:10:07','2015-07-22 02:12:56','b104d323-ca77-4517-884c-a4538960ed11'),(85,6,6,1,'2015-07-21 17:10:00',NULL,'2015-07-21 17:10:26','2015-07-22 02:12:48','93db1570-57a3-4954-ae47-0c60ca981f8e'),(86,6,6,1,'2015-07-21 17:10:00',NULL,'2015-07-21 17:10:41','2015-07-22 02:12:38','c022cdf8-f889-492e-9924-2dad29564f71'),(87,6,6,1,'2015-07-21 17:11:00',NULL,'2015-07-21 17:11:04','2015-07-22 02:12:29','35527726-a90e-4127-b92a-535bb9c1740a'),(88,6,6,1,'2015-07-21 17:11:00',NULL,'2015-07-21 17:11:24','2015-07-22 02:12:19','3f23462a-bb5c-4b95-97a7-f58c41270417'),(90,7,7,1,'2015-07-21 17:33:00',NULL,'2015-07-21 17:33:09','2015-07-22 01:41:08','00874cee-a1be-41b8-ade3-53c40aeb9601'),(94,7,7,1,'2015-07-21 17:34:00',NULL,'2015-07-21 17:34:06','2015-07-27 02:12:32','7e1a3423-f816-40fc-8c0a-d42c3fabdbf6'),(106,8,8,1,'2015-07-21 18:44:00',NULL,'2015-07-21 18:44:16','2015-07-26 21:13:17','3115e744-0e6b-46d5-8ac3-e16f41cd9979'),(107,8,8,1,'2015-07-21 18:44:00',NULL,'2015-07-21 18:44:42','2015-07-26 21:13:30','85876fa6-0d47-45ac-8ec5-74576b28ae34'),(108,8,8,1,'2015-07-21 18:45:00',NULL,'2015-07-21 18:45:15','2015-07-26 21:13:04','000e8700-c44e-4c83-9adb-9f95ccd42a0c'),(124,9,9,1,'2015-07-22 00:51:00',NULL,'2015-07-22 00:51:54','2015-07-26 20:55:24','eda0dec4-78cb-4fcf-adfa-8e1010244040'),(125,9,9,1,'2015-07-22 00:52:00',NULL,'2015-07-22 00:52:17','2015-07-27 00:24:39','8329a9cc-a020-4c8b-8fc4-fd4c9ae8c734'),(126,9,9,1,'2015-07-22 00:52:00',NULL,'2015-07-22 00:52:32','2015-07-26 20:54:55','201aa547-ddf0-4e12-aa97-5d7e61931ba3'),(127,9,9,1,'2015-07-22 00:52:00',NULL,'2015-07-22 00:52:43','2015-07-26 20:55:06','f95c3c05-aa33-4648-a332-28cc9cb24f27'),(128,9,9,1,'2015-07-22 00:52:00',NULL,'2015-07-22 00:52:53','2015-07-26 20:55:16','2b7b1da2-8bd6-4274-ba4b-8e48a4d8936c'),(129,9,9,1,'2015-07-22 00:53:00',NULL,'2015-07-22 00:53:08','2015-07-27 00:18:15','d128fe54-7d90-4bc6-ab2a-dcef5cbc0e5e'),(133,10,NULL,NULL,'2015-07-22 01:13:51',NULL,'2015-07-22 01:13:52','2015-07-27 03:47:01','08d3ae13-40e3-421d-a116-f46412ad3bc8'),(134,11,NULL,NULL,'2015-07-22 01:14:03',NULL,'2015-07-22 01:14:03','2015-07-22 02:09:00','54b7d8a6-e0dd-482a-8295-3e353b67c9cd'),(135,12,NULL,NULL,'2015-07-22 01:14:34',NULL,'2015-07-22 01:14:34','2015-07-22 01:14:34','883de2e2-12a3-4703-b41e-e0166c5da6eb'),(136,13,NULL,NULL,'2015-07-22 01:14:55',NULL,'2015-07-22 01:14:55','2015-07-22 01:14:55','9b774073-448a-40d8-89d6-d1bf76387f22'),(148,6,6,1,'2015-07-22 02:13:00',NULL,'2015-07-22 02:13:42','2015-07-27 02:10:28','044ddd9b-07b6-4e68-9004-f7f593bad997'),(149,9,9,1,'2015-07-26 21:18:56',NULL,'2015-07-26 21:18:56','2015-07-26 21:18:56','3526703b-3ef9-4b47-b150-9149dd837dc4');
/*!40000 ALTER TABLE `craft_entries` ENABLE KEYS */;
UNLOCK TABLES;

--
-- Table structure for table `craft_entrydrafts`
--

DROP TABLE IF EXISTS `craft_entrydrafts`;
/*!40101 SET @saved_cs_client     = @@character_set_client */;
/*!40101 SET character_set_client = utf8 */;
CREATE TABLE `craft_entrydrafts` (
  `id` int(11) NOT NULL AUTO_INCREMENT,
  `entryId` int(11) NOT NULL,
  `sectionId` int(11) NOT NULL,
  `creatorId` int(11) NOT NULL,
  `locale` char(12) COLLATE utf8_unicode_ci NOT NULL,
  `name` varchar(255) COLLATE utf8_unicode_ci NOT NULL,
  `notes` tinytext COLLATE utf8_unicode_ci,
  `data` mediumtext COLLATE utf8_unicode_ci NOT NULL,
  `dateCreated` datetime NOT NULL,
  `dateUpdated` datetime NOT NULL,
  `uid` char(36) COLLATE utf8_unicode_ci NOT NULL DEFAULT '0',
  PRIMARY KEY (`id`),
  KEY `craft_entrydrafts_entryId_locale_idx` (`entryId`,`locale`),
  KEY `craft_entrydrafts_sectionId_fk` (`sectionId`),
  KEY `craft_entrydrafts_creatorId_fk` (`creatorId`),
  KEY `craft_entrydrafts_locale_fk` (`locale`),
  CONSTRAINT `craft_entrydrafts_creatorId_fk` FOREIGN KEY (`creatorId`) REFERENCES `craft_users` (`id`) ON DELETE CASCADE,
  CONSTRAINT `craft_entrydrafts_entryId_fk` FOREIGN KEY (`entryId`) REFERENCES `craft_entries` (`id`) ON DELETE CASCADE,
  CONSTRAINT `craft_entrydrafts_locale_fk` FOREIGN KEY (`locale`) REFERENCES `craft_locales` (`locale`) ON DELETE CASCADE ON UPDATE CASCADE,
  CONSTRAINT `craft_entrydrafts_sectionId_fk` FOREIGN KEY (`sectionId`) REFERENCES `craft_sections` (`id`) ON DELETE CASCADE
) ENGINE=InnoDB DEFAULT CHARSET=utf8 COLLATE=utf8_unicode_ci;
/*!40101 SET character_set_client = @saved_cs_client */;

--
-- Dumping data for table `craft_entrydrafts`
--

LOCK TABLES `craft_entrydrafts` WRITE;
/*!40000 ALTER TABLE `craft_entrydrafts` DISABLE KEYS */;
/*!40000 ALTER TABLE `craft_entrydrafts` ENABLE KEYS */;
UNLOCK TABLES;

--
-- Table structure for table `craft_entrytypes`
--

DROP TABLE IF EXISTS `craft_entrytypes`;
/*!40101 SET @saved_cs_client     = @@character_set_client */;
/*!40101 SET character_set_client = utf8 */;
CREATE TABLE `craft_entrytypes` (
  `id` int(11) NOT NULL AUTO_INCREMENT,
  `sectionId` int(11) NOT NULL,
  `fieldLayoutId` int(11) DEFAULT NULL,
  `name` varchar(255) COLLATE utf8_unicode_ci NOT NULL,
  `handle` varchar(255) COLLATE utf8_unicode_ci NOT NULL,
  `hasTitleField` tinyint(1) unsigned NOT NULL DEFAULT '1',
  `titleLabel` varchar(255) COLLATE utf8_unicode_ci DEFAULT 'Title',
  `titleFormat` varchar(255) COLLATE utf8_unicode_ci DEFAULT NULL,
  `sortOrder` tinyint(4) DEFAULT NULL,
  `dateCreated` datetime NOT NULL,
  `dateUpdated` datetime NOT NULL,
  `uid` char(36) COLLATE utf8_unicode_ci NOT NULL DEFAULT '0',
  PRIMARY KEY (`id`),
  UNIQUE KEY `craft_entrytypes_name_sectionId_unq_idx` (`name`,`sectionId`),
  UNIQUE KEY `craft_entrytypes_handle_sectionId_unq_idx` (`handle`,`sectionId`),
  KEY `craft_entrytypes_sectionId_fk` (`sectionId`),
  KEY `craft_entrytypes_fieldLayoutId_fk` (`fieldLayoutId`),
  CONSTRAINT `craft_entrytypes_fieldLayoutId_fk` FOREIGN KEY (`fieldLayoutId`) REFERENCES `craft_fieldlayouts` (`id`) ON DELETE SET NULL,
  CONSTRAINT `craft_entrytypes_sectionId_fk` FOREIGN KEY (`sectionId`) REFERENCES `craft_sections` (`id`) ON DELETE CASCADE
) ENGINE=InnoDB AUTO_INCREMENT=16 DEFAULT CHARSET=utf8 COLLATE=utf8_unicode_ci;
/*!40101 SET character_set_client = @saved_cs_client */;

--
-- Dumping data for table `craft_entrytypes`
--

LOCK TABLES `craft_entrytypes` WRITE;
/*!40000 ALTER TABLE `craft_entrytypes` DISABLE KEYS */;
INSERT INTO `craft_entrytypes` VALUES (1,1,14,'Homepage','homepage',1,'Title',NULL,NULL,'2015-07-01 02:34:47','2015-07-21 15:25:03','399d68a1-687c-4887-a604-b558a0c41a03'),(3,3,21,'Meet Kube','meetKube',0,NULL,'{section.name|raw}',NULL,'2015-07-21 15:58:47','2015-07-21 15:59:30','74dc6b8d-39e3-49b3-902f-01270fe02119'),(4,4,20,'Experiences','experiences',0,NULL,'{section.name|raw}',NULL,'2015-07-21 15:58:58','2015-07-21 15:59:21','feb5885b-66b7-4586-b5d7-0058f568d4ab'),(5,5,24,'Feature Lists','featureLists',1,'Title',NULL,NULL,'2015-07-21 16:20:30','2015-07-21 16:22:17','056ba6de-aff9-42af-af74-b497143ea49d'),(6,6,327,'Vendors','vendors',1,'Title',NULL,NULL,'2015-07-21 17:08:02','2015-07-22 02:11:59','84c80b79-a8f8-4a53-8eda-b82f680ca388'),(7,7,62,'Main Navigation','mainNavigation',1,'Title',NULL,NULL,'2015-07-21 17:29:03','2015-07-21 17:52:23','c74887f4-d08f-4eff-8f78-42ca141ce670'),(8,8,79,'Parts','parts',1,'Title',NULL,NULL,'2015-07-21 18:40:51','2015-07-21 18:43:17','5edc54e3-93b1-4132-b2de-6b02730a5192'),(9,9,288,'Kube Experiences','kubeExperiences',1,'Title',NULL,NULL,'2015-07-22 00:45:49','2015-07-22 00:56:35','8ae06026-29a4-4e0e-b952-a10e4e54034b'),(10,10,301,'About','about',0,NULL,'{section.name|raw}',NULL,'2015-07-22 01:13:51','2015-07-22 01:27:10','42c4d616-ee1d-495f-8af9-0dac245d3963'),(11,11,303,'Partners','partners',0,NULL,'{section.name|raw}',NULL,'2015-07-22 01:14:03','2015-07-22 01:27:47','026992cc-95ff-482e-ab09-c1c1a53e4c26'),(12,12,291,'Press','press',0,NULL,'{section.name|raw}',NULL,'2015-07-22 01:14:34','2015-07-22 01:14:34','cb554316-2984-4cae-9df9-b3b70543701c'),(13,13,302,'Blog','blog',0,NULL,'{section.name|raw}',NULL,'2015-07-22 01:14:55','2015-07-22 01:27:22','9d3d3c0f-d75e-47c8-b5db-57e553ca8630'),(14,14,293,'Blog Entries','blogEntries',1,'Title',NULL,NULL,'2015-07-22 01:15:14','2015-07-22 01:15:14','54283507-37ab-4191-aa68-aed3ceac123c'),(15,15,294,'Press Entries','pressEntries',1,'Title',NULL,NULL,'2015-07-22 01:15:30','2015-07-22 01:15:30','e0ef51ec-af37-4806-95aa-b2cab6740580');
/*!40000 ALTER TABLE `craft_entrytypes` ENABLE KEYS */;
UNLOCK TABLES;

--
-- Table structure for table `craft_entryversions`
--

DROP TABLE IF EXISTS `craft_entryversions`;
/*!40101 SET @saved_cs_client     = @@character_set_client */;
/*!40101 SET character_set_client = utf8 */;
CREATE TABLE `craft_entryversions` (
  `id` int(11) NOT NULL AUTO_INCREMENT,
  `entryId` int(11) NOT NULL,
  `sectionId` int(11) NOT NULL,
  `creatorId` int(11) DEFAULT NULL,
  `locale` char(12) COLLATE utf8_unicode_ci NOT NULL,
  `num` smallint(6) unsigned NOT NULL,
  `notes` tinytext COLLATE utf8_unicode_ci,
  `data` mediumtext COLLATE utf8_unicode_ci NOT NULL,
  `dateCreated` datetime NOT NULL,
  `dateUpdated` datetime NOT NULL,
  `uid` char(36) COLLATE utf8_unicode_ci NOT NULL DEFAULT '0',
  PRIMARY KEY (`id`),
  KEY `craft_entryversions_entryId_locale_idx` (`entryId`,`locale`),
  KEY `craft_entryversions_sectionId_fk` (`sectionId`),
  KEY `craft_entryversions_creatorId_fk` (`creatorId`),
  KEY `craft_entryversions_locale_fk` (`locale`),
  CONSTRAINT `craft_entryversions_creatorId_fk` FOREIGN KEY (`creatorId`) REFERENCES `craft_users` (`id`) ON DELETE SET NULL,
  CONSTRAINT `craft_entryversions_entryId_fk` FOREIGN KEY (`entryId`) REFERENCES `craft_entries` (`id`) ON DELETE CASCADE,
  CONSTRAINT `craft_entryversions_locale_fk` FOREIGN KEY (`locale`) REFERENCES `craft_locales` (`locale`) ON DELETE CASCADE ON UPDATE CASCADE,
  CONSTRAINT `craft_entryversions_sectionId_fk` FOREIGN KEY (`sectionId`) REFERENCES `craft_sections` (`id`) ON DELETE CASCADE
) ENGINE=InnoDB AUTO_INCREMENT=67 DEFAULT CHARSET=utf8 COLLATE=utf8_unicode_ci;
/*!40101 SET character_set_client = @saved_cs_client */;

--
-- Dumping data for table `craft_entryversions`
--

LOCK TABLES `craft_entryversions` WRITE;
/*!40000 ALTER TABLE `craft_entryversions` DISABLE KEYS */;
INSERT INTO `craft_entryversions` VALUES (1,2,1,1,'en_us',1,'','{\"typeId\":null,\"authorId\":null,\"title\":\"Home\",\"slug\":\"homepage\",\"postDate\":1435718087,\"expiryDate\":null,\"enabled\":1,\"fields\":{\"3\":{\"new1\":{\"type\":\"heroRightAlignedText\",\"enabled\":\"1\",\"fields\":{\"backgroundImage\":[\"64\"],\"heading\":\"Huge, portable\\r\\nsound redefined\",\"buttonText\":\"Meet Kube\",\"buttonUrl\":\"\\/\",\"makeShort\":\"\"}}}}}','2015-07-21 15:27:19','2015-07-21 15:27:19','2b3dc6b1-b832-4db5-a21b-a8121b2f50e4'),(2,2,1,1,'en_us',2,'','{\"typeId\":null,\"authorId\":null,\"title\":\"Home\",\"slug\":\"homepage\",\"postDate\":1435718087,\"expiryDate\":null,\"enabled\":1,\"fields\":{\"3\":{\"68\":{\"type\":\"heroRightAlignedText\",\"enabled\":\"1\",\"fields\":{\"backgroundImage\":[\"64\"],\"heading\":\"Huge, portable\\r\\nsound redefined\",\"buttonText\":\"Meet Kube\",\"buttonUrl\":\"\\/\",\"makeShort\":\"\"}},\"new1\":{\"type\":\"heroLeftAlignedText\",\"enabled\":\"1\",\"fields\":{\"backgroundImage\":[\"65\"],\"heading\":\"Kublets\",\"buttonText\":\"\",\"buttonUrl\":\"\",\"makeShort\":\"\"}}}}}','2015-07-21 15:40:55','2015-07-21 15:40:55','586143a0-f5d0-44a2-a955-86acdee8ec7d'),(3,2,1,1,'en_us',3,'','{\"typeId\":null,\"authorId\":null,\"title\":\"Home\",\"slug\":\"homepage\",\"postDate\":1435718087,\"expiryDate\":null,\"enabled\":1,\"fields\":{\"3\":{\"68\":{\"type\":\"hero\",\"enabled\":\"1\",\"fields\":{\"backgroundImage\":[\"64\"],\"heading\":\"Huge, portable\\r\\nsound redefined\",\"buttonText\":\"Meet Kube\",\"buttonUrl\":\"\\/\",\"leftAlignText\":\"1\",\"makeShort\":\"\"}}}}}','2015-07-21 15:51:06','2015-07-21 15:51:06','bb753de0-34c3-4b41-8724-ef6e13f0f6af'),(4,2,1,1,'en_us',4,'','{\"typeId\":null,\"authorId\":null,\"title\":\"Home\",\"slug\":\"homepage\",\"postDate\":1435718087,\"expiryDate\":null,\"enabled\":1,\"fields\":{\"3\":{\"68\":{\"type\":\"hero\",\"enabled\":\"1\",\"fields\":{\"backgroundImage\":[\"64\"],\"heading\":\"Huge, portable\\r\\nsound redefined\",\"buttonText\":\"Meet Kube\",\"buttonUrl\":\"\\/\",\"leftAlignText\":\"\",\"makeShort\":\"\"}}}}}','2015-07-21 15:55:15','2015-07-21 15:55:15','85ee18aa-d096-4094-85d8-edd157398ca0'),(8,2,1,1,'en_us',5,'','{\"typeId\":null,\"authorId\":null,\"title\":\"Home\",\"slug\":\"homepage\",\"postDate\":1435718087,\"expiryDate\":null,\"enabled\":1,\"fields\":{\"3\":{\"68\":{\"type\":\"hero\",\"enabled\":\"1\",\"fields\":{\"backgroundImage\":[\"64\"],\"heading\":\"Huge, portable\\r\\nsound redefined\",\"buttonText\":\"Meet Kube\",\"buttonUrl\":\"\\/\",\"leftAlignText\":\"\",\"makeShort\":\"\"}},\"new1\":{\"type\":\"featureList\",\"enabled\":\"1\",\"fields\":{\"list\":[\"76\"]}}}}}','2015-07-21 16:27:18','2015-07-21 16:27:18','32c6f6e0-8cd6-4367-adb6-e87187b90fb5'),(9,2,1,1,'en_us',6,'','{\"typeId\":null,\"authorId\":null,\"title\":\"Home\",\"slug\":\"homepage\",\"postDate\":1435718087,\"expiryDate\":null,\"enabled\":1,\"fields\":{\"3\":{\"68\":{\"type\":\"hero\",\"enabled\":\"1\",\"fields\":{\"backgroundImage\":[\"64\"],\"heading\":\"Huge, portable\\r\\nsound redefined\",\"buttonText\":\"Meet Kube\",\"buttonUrl\":\"\\/\",\"leftAlignText\":\"\",\"makeShort\":\"\"}},\"81\":{\"type\":\"featureList\",\"enabled\":\"1\",\"fields\":{\"list\":[\"76\"]}},\"new1\":{\"type\":\"experienceA\",\"enabled\":\"1\",\"fields\":{\"heading\":\"HEADER ALT 2\",\"details\":\"Body copy text sizing. Sed do eiusmod tempor incididunt ut labore et dolore magna aliqua. Ut enim ad minim veniam, quis nostrud exercitation ullamco laboris nisi ut aliquip ex ea commodo consequat.\",\"tallImage\":[\"54\"],\"wideImage\":[\"57\"],\"halfWidthImage\":[\"52\"],\"secondHeading\":\"HEADER ALT 2\",\"buttonText\":\"Meet Kube\",\"buttonUrl\":\"\\/meet-kube\"}}}}}','2015-07-21 16:43:54','2015-07-21 16:43:54','f0caaad4-604d-4c71-9ada-7374411c15e8'),(10,2,1,1,'en_us',7,'','{\"typeId\":null,\"authorId\":null,\"title\":\"Home\",\"slug\":\"homepage\",\"postDate\":1435718087,\"expiryDate\":null,\"enabled\":1,\"fields\":{\"3\":{\"68\":{\"type\":\"hero\",\"enabled\":\"1\",\"fields\":{\"backgroundImage\":[\"64\"],\"heading\":\"Huge, portable\\r\\nsound redefined\",\"buttonText\":\"Meet Kube\",\"buttonUrl\":\"\\/\",\"leftAlignText\":\"\",\"makeShort\":\"\"}},\"81\":{\"type\":\"featureList\",\"enabled\":\"1\",\"fields\":{\"list\":[\"76\"]}},\"82\":{\"type\":\"experienceA\",\"enabled\":\"1\",\"fields\":{\"heading\":\"HEADER ALT 2\",\"details\":\"Body copy text sizing. Sed do eiusmod tempor incididunt ut labore et dolore magna aliqua. Ut enim ad minim veniam, quis nostrud exercitation ullamco laboris nisi ut aliquip ex ea commodo consequat.\",\"tallImage\":[\"54\"],\"wideImage\":[\"57\"],\"halfWidthImage\":[\"52\"],\"secondHeading\":\"HEADER ALT 2\",\"buttonText\":\"Meet Kube\",\"buttonUrl\":\"\\/meet-kube\"}},\"new1\":{\"type\":\"halfTextHalfImageWide\",\"enabled\":\"1\",\"fields\":{\"heading\":\"BRING KUBE HOME\",\"details\":\"Exceptional, portable sound with insulated storage from $999\",\"buttonText\":\"BUY\",\"buttonUrl\":\"\\/\",\"wideImage\":\"\"}}}}}','2015-07-21 17:02:04','2015-07-21 17:02:04','21e1e7dd-f87c-4917-9826-b7a4414658eb'),(11,2,1,1,'en_us',8,'','{\"typeId\":null,\"authorId\":null,\"title\":\"Home\",\"slug\":\"homepage\",\"postDate\":1435718087,\"expiryDate\":null,\"enabled\":1,\"fields\":{\"3\":{\"68\":{\"type\":\"hero\",\"enabled\":\"1\",\"fields\":{\"backgroundImage\":[\"64\"],\"heading\":\"Huge, portable\\r\\nsound redefined\",\"buttonText\":\"Meet Kube\",\"buttonUrl\":\"\\/\",\"leftAlignText\":\"\",\"makeShort\":\"\"}},\"81\":{\"type\":\"featureList\",\"enabled\":\"1\",\"fields\":{\"list\":[\"76\"]}},\"82\":{\"type\":\"experienceA\",\"enabled\":\"1\",\"fields\":{\"heading\":\"HEADER ALT 2\",\"details\":\"Body copy text sizing. Sed do eiusmod tempor incididunt ut labore et dolore magna aliqua. Ut enim ad minim veniam, quis nostrud exercitation ullamco laboris nisi ut aliquip ex ea commodo consequat.\",\"tallImage\":[\"54\"],\"wideImage\":[\"57\"],\"halfWidthImage\":[\"52\"],\"secondHeading\":\"HEADER ALT 2\",\"buttonText\":\"Meet Kube\",\"buttonUrl\":\"\\/meet-kube\"}},\"83\":{\"type\":\"halfTextHalfImageWide\",\"enabled\":\"1\",\"fields\":{\"heading\":\"BRING KUBE HOME\",\"details\":\"Exceptional, portable sound with insulated storage from $999\",\"buttonText\":\"BUY\",\"buttonUrl\":\"\\/\",\"solidButton\":\"\",\"wideImage\":[\"51\"]}}}}}','2015-07-21 17:06:19','2015-07-21 17:06:19','ddf2b12b-a4c0-4b65-904b-ba79a27cc21b'),(12,2,1,1,'en_us',9,'','{\"typeId\":null,\"authorId\":null,\"title\":\"Home\",\"slug\":\"homepage\",\"postDate\":1435718087,\"expiryDate\":null,\"enabled\":1,\"fields\":{\"3\":{\"68\":{\"type\":\"hero\",\"enabled\":\"1\",\"fields\":{\"backgroundImage\":[\"64\"],\"heading\":\"Huge, portable\\r\\nsound redefined\",\"buttonText\":\"Meet Kube\",\"buttonUrl\":\"\\/\",\"leftAlignText\":\"\",\"makeShort\":\"\"}},\"81\":{\"type\":\"featureList\",\"enabled\":\"1\",\"fields\":{\"list\":[\"76\"]}},\"82\":{\"type\":\"experienceA\",\"enabled\":\"1\",\"fields\":{\"heading\":\"HEADER ALT 2\",\"details\":\"Body copy text sizing. Sed do eiusmod tempor incididunt ut labore et dolore magna aliqua. Ut enim ad minim veniam, quis nostrud exercitation ullamco laboris nisi ut aliquip ex ea commodo consequat.\",\"tallImage\":[\"54\"],\"wideImage\":[\"57\"],\"halfWidthImage\":[\"52\"],\"secondHeading\":\"HEADER ALT 2\",\"buttonText\":\"Meet Kube\",\"buttonUrl\":\"\\/meet-kube\"}},\"83\":{\"type\":\"halfTextHalfImageWide\",\"enabled\":\"1\",\"fields\":{\"heading\":\"BRING KUBE HOME\",\"details\":\"Exceptional, portable sound with insulated storage from $999\",\"buttonText\":\"BUY\",\"buttonUrl\":\"\\/\",\"solidButton\":\"\",\"wideImage\":[\"51\"]}},\"new1\":{\"type\":\"vendorImageList\",\"enabled\":\"1\",\"fields\":{\"vendors\":[\"88\",\"87\",\"86\",\"85\",\"84\"]}}}}}','2015-07-21 17:13:17','2015-07-21 17:13:17','47e588b1-7fd3-4cea-8bc0-d7ff0dde73b4'),(13,2,1,1,'en_us',10,'','{\"typeId\":null,\"authorId\":null,\"title\":\"Home\",\"slug\":\"homepage\",\"postDate\":1435718087,\"expiryDate\":null,\"enabled\":1,\"fields\":{\"3\":{\"68\":{\"type\":\"hero\",\"enabled\":\"1\",\"fields\":{\"backgroundImage\":[\"64\"],\"heading\":\"Huge, portable\\r\\nsound redefined\",\"buttonText\":\"Meet Kube\",\"buttonUrl\":\"\\/\",\"leftAlignText\":\"\",\"makeShort\":\"\"}},\"81\":{\"type\":\"featureList\",\"enabled\":\"1\",\"fields\":{\"list\":[\"76\"]}},\"82\":{\"type\":\"experienceA\",\"enabled\":\"1\",\"fields\":{\"heading\":\"HEADER ALT 2\",\"details\":\"Body copy text sizing. Sed do eiusmod tempor incididunt ut labore et dolore magna aliqua. Ut enim ad minim veniam, quis nostrud exercitation ullamco laboris nisi ut aliquip ex ea commodo consequat.\",\"tallImage\":[\"54\"],\"wideImage\":[\"57\"],\"halfWidthImage\":[\"52\"],\"secondHeading\":\"HEADER ALT 2\",\"buttonText\":\"Meet Kube\",\"buttonUrl\":\"\\/meet-kube\"}},\"83\":{\"type\":\"halfTextHalfImage\",\"enabled\":\"1\",\"fields\":{\"heading\":\"BRING KUBE HOME\",\"details\":\"Exceptional, portable sound with insulated storage from $999\",\"buttonText\":\"BUY\",\"buttonUrl\":\"\\/\",\"solidButton\":\"\",\"image\":[\"51\"],\"imageStyle\":\"wide\"}},\"89\":{\"type\":\"vendorImageList\",\"enabled\":\"1\",\"fields\":{\"vendors\":[\"88\",\"87\",\"86\",\"85\",\"84\"]}}}}}','2015-07-21 19:16:52','2015-07-21 19:16:52','b2bd611d-f55b-409b-8b89-4dcea9205800'),(14,133,10,1,'en_us',1,NULL,'{\"typeId\":\"10\",\"authorId\":null,\"title\":\"About\",\"slug\":\"about\",\"postDate\":1437527631,\"expiryDate\":null,\"enabled\":1,\"fields\":[]}','2015-07-22 01:13:52','2015-07-22 01:13:52','a13ab5d3-b9c7-44a8-9f86-810888fb5e86'),(15,133,10,1,'en_us',2,'','{\"typeId\":null,\"authorId\":null,\"title\":\"About\",\"slug\":\"about\",\"postDate\":1437527631,\"expiryDate\":null,\"enabled\":1,\"fields\":{\"82\":{\"new2\":{\"type\":\"columnText\",\"enabled\":\"1\",\"fields\":{\"text\":\"Body copy text sizing. Sed do eiusmod tempor incididunt ut labore et dolore magna aliqua. Ut enim ad minim veniam, nostrud exercitation ullamco laboris nisi ut aliquip. Lorem ipsum dolor sit amet, consectetur adipisicing elit, sed do eiusmod tempor incididunt ut labore et dolore magna aliqua.\"}},\"new1\":{\"type\":\"text\",\"enabled\":\"1\",\"fields\":{\"text\":\"Body copy text sizing. Sed do eiusmod tempor incididunt ut labore et dolore magna aliqua. Ut enim ad minim veniam, nostrud exercitation ullamco laboris nisi ut aliquip. Lorem ipsum dolor sit amet, consectetur adipisicing elit, sed do eiusmod tempor incididunt ut labore et dolore magna aliqua.\\r\\n\"}}}}}','2015-07-22 01:28:51','2015-07-22 01:28:51','943af4ef-4c60-4570-af3f-3d01037f88bb'),(16,133,10,1,'en_us',3,'','{\"typeId\":null,\"authorId\":null,\"title\":\"About\",\"slug\":\"about\",\"postDate\":1437527631,\"expiryDate\":null,\"enabled\":1,\"fields\":{\"82\":{\"141\":{\"type\":\"twoColumnTextText\",\"enabled\":\"1\",\"fields\":{\"makeTwoColumns\":\"Body copy text sizing. Sed do eiusmod tempor incididunt ut labore et dolore magna aliqua. Ut enim ad minim veniam, nostrud exercitation ullamco laboris nisi ut aliquip. Lorem ipsum dolor sit amet, consectetur adipisicing elit, sed do eiusmod tempor incididunt ut labore et dolore magna aliqua.\\r\\n\\r\\nBody copy text sizing. Sed do eiusmod tempor incididunt ut labore et dolore magna aliqua. Ut enim ad minim veniam, nostrud exercitation ullamco laboris nisi ut aliquip. Lorem ipsum dolor sit amet, consectetur adipisicing elit, sed do eiusmod tempor incididunt ut labore et dolore magna aliqua.\",\"text\":\"Body copy text sizing. Sed do eiusmod tempor incididunt ut labore et dolore magna aliqua. Ut enim ad minim veniam, nostrud exercitation ullamco laboris nisi ut aliquip. Lorem ipsum dolor sit amet, consectetur adipisicing elit, sed do eiusmod tempor incididunt ut labore et dolore magna aliqua.\"}},\"new1\":{\"type\":\"partners\",\"enabled\":\"1\",\"fields\":{\"partner1Title\":\"Founder and CEO\",\"partner1Name\":\"Russell Williams\",\"partner1Details\":\"Body copy text sizing. Sed do eiusmod tempor incididunt ut labore et dolore magna aliqua. Ut enim ad minim veniam, quis nostrud exercitation ullamco laboris nisi ut aliquip. Sed do eiusmod tempor incididunt ut labore et dolore magna aliqua. Ut enim ad minim veniam, nostrud exercitation.\",\"partner2Title\":\"Co-Founder\",\"partner2Name\":\"Nathan\",\"partner2Details\":\"Body copy text sizing. Sed do eiusmod tempor incididunt ut labore et dolore magna aliqua. Ut enim ad minim veniam, quis nostrud exercitation ullamco laboris nisi ut aliquip. Sed do eiusmod tempor incididunt ut labore et dolore magna aliqua. Ut enim ad minim veniam, nostrud exercitation.\"}},\"new2\":{\"type\":\"contactInfo\",\"enabled\":\"1\",\"fields\":{\"firstGroupHeading\":\"Sales\",\"firstGroupDetails\":\"<p>512.000.0000<\\/p><p>sales@company.com<\\/p>\",\"secondGroupHeading\":\"Press\",\"secondGroupDetails\":\"<p>512.000.000<span class=\\\"redactor-invisible-space\\\">0<\\/span><\\/p><p>sales@company.com<\\/p>\",\"thirdGroupHeading\":\"Support\",\"thirdGroupDetails\":\"<p>512.000.000<span class=\\\"redactor-invisible-space\\\" style=\\\"font-size: 14px; line-height: 1.6em; background-color: initial;\\\">0<\\/span><\\/p><p>sales@company.com<\\/p>\"}}}}}','2015-07-22 01:48:57','2015-07-22 01:48:57','37033a80-fc82-4d2e-a302-c73dd4df12bf'),(17,133,10,1,'en_us',4,'','{\"typeId\":null,\"authorId\":null,\"title\":\"About\",\"slug\":\"about\",\"postDate\":1437527631,\"expiryDate\":null,\"enabled\":1,\"fields\":{\"82\":{\"141\":{\"type\":\"twoColumnTextText\",\"enabled\":\"1\",\"fields\":{\"makeTwoColumns\":\"Body copy text sizing. Sed do eiusmod tempor incididunt ut labore et dolore magna aliqua. Ut enim ad minim veniam, nostrud exercitation ullamco laboris nisi ut aliquip. Lorem ipsum dolor sit amet, consectetur adipisicing elit, sed do eiusmod tempor incididunt ut labore et dolore magna aliqua.\\r\\n\\r\\nBody copy text sizing. Sed do eiusmod tempor incididunt ut labore et dolore magna aliqua. Ut enim ad minim veniam, nostrud exercitation ullamco laboris nisi ut aliquip. Lorem ipsum dolor sit amet, consectetur adipisicing elit, sed do eiusmod tempor incididunt ut labore et dolore magna aliqua.\",\"text\":\"Body copy text sizing. Sed do eiusmod tempor incididunt ut labore et dolore magna aliqua. Ut enim ad minim veniam, nostrud exercitation ullamco laboris nisi ut aliquip. Lorem ipsum dolor sit amet, consectetur adipisicing elit, sed do eiusmod tempor incididunt ut labore et dolore magna aliqua.\"}},\"145\":{\"type\":\"partners\",\"enabled\":\"1\",\"fields\":{\"partner1Title\":\"Founder and CEO\",\"partner1Name\":\"Russell Williams\",\"partner1Details\":\"Body copy text sizing. Sed do eiusmod tempor incididunt ut labore et dolore magna aliqua. Ut enim ad minim veniam, quis nostrud exercitation ullamco laboris nisi ut aliquip. Sed do eiusmod tempor incididunt ut labore et dolore magna aliqua. Ut enim ad minim veniam, nostrud exercitation.\",\"partner2Title\":\"Co-Founder\",\"partner2Name\":\"Nathan\",\"partner2Details\":\"Body copy text sizing. Sed do eiusmod tempor incididunt ut labore et dolore magna aliqua. Ut enim ad minim veniam, quis nostrud exercitation ullamco laboris nisi ut aliquip. Sed do eiusmod tempor incididunt ut labore et dolore magna aliqua. Ut enim ad minim veniam, nostrud exercitation.\"}},\"146\":{\"type\":\"contactInfo\",\"enabled\":\"1\",\"fields\":{\"firstGroupHeading\":\"Sales\",\"firstGroupDetails\":\"<p>512.000.0000<\\/p><p>sales@company.com<\\/p>\",\"secondGroupHeading\":\"Press\",\"secondGroupDetails\":\"<p>512.000.0000<\\/p><p>sales@company.com<\\/p>\",\"thirdGroupHeading\":\"Support\",\"thirdGroupDetails\":\"<p>512.000.0000<\\/p><p>sales@company.com<\\/p>\"}}}}}','2015-07-22 01:54:11','2015-07-22 01:54:11','c2d01c56-5a76-4a08-9711-e6df2703b0b4'),(18,133,10,1,'en_us',5,'','{\"typeId\":null,\"authorId\":null,\"title\":\"About\",\"slug\":\"about\",\"postDate\":1437527631,\"expiryDate\":null,\"enabled\":1,\"fields\":{\"82\":{\"141\":{\"type\":\"twoColumnTextText\",\"enabled\":\"1\",\"fields\":{\"makeTwoColumns\":\"<p>Body copy text sizing. Sed do eiusmod tempor incididunt ut labore et dolore magna aliqua. Ut enim ad minim veniam, nostrud exercitation ullamco laboris nisi ut aliquip. Lorem ipsum dolor sit amet, consectetur adipisicing elit, sed do eiusmod tempor incididunt ut labore et dolore magna aliqua.<\\/p><p>Body copy text sizing. Sed do eiusmod tempor incididunt ut labore et dolore magna aliqua. Ut enim ad minim veniam, nostrud exercitation ullamco laboris nisi ut aliquip. Lorem ipsum dolor sit amet, consectetur adipisicing elit, sed do eiusmod tempor incididunt ut labore et dolore magna aliqua.<\\/p>\",\"text\":\"<p>Body copy text sizing. Sed do eiusmod tempor incididunt ut labore et dolore magna aliqua. Ut enim ad minim veniam, nostrud exercitation ullamco laboris nisi ut aliquip. Lorem ipsum dolor sit amet, consectetur adipisicing elit, sed do eiusmod tempor incididunt ut labore et dolore magna aliqua.<\\/p>\",\"heading\":\"About\"}},\"145\":{\"type\":\"partners\",\"enabled\":\"1\",\"fields\":{\"partner1Title\":\"Founder and CEO\",\"partner1Name\":\"Russell Williams\",\"partner1Details\":\"Body copy text sizing. Sed do eiusmod tempor incididunt ut labore et dolore magna aliqua. Ut enim ad minim veniam, quis nostrud exercitation ullamco laboris nisi ut aliquip. Sed do eiusmod tempor incididunt ut labore et dolore magna aliqua. Ut enim ad minim veniam, nostrud exercitation.\",\"partner2Title\":\"Co-Founder\",\"partner2Name\":\"Nathan\",\"partner2Details\":\"Body copy text sizing. Sed do eiusmod tempor incididunt ut labore et dolore magna aliqua. Ut enim ad minim veniam, quis nostrud exercitation ullamco laboris nisi ut aliquip. Sed do eiusmod tempor incididunt ut labore et dolore magna aliqua. Ut enim ad minim veniam, nostrud exercitation.\"}},\"146\":{\"type\":\"contactInfo\",\"enabled\":\"1\",\"fields\":{\"firstGroupHeading\":\"Sales\",\"firstGroupDetails\":\"<p>512.000.0000<\\/p><p>sales@company.com<\\/p>\",\"secondGroupHeading\":\"Press\",\"secondGroupDetails\":\"<p>512.000.0000<\\/p><p>sales@company.com<\\/p>\",\"thirdGroupHeading\":\"Support\",\"thirdGroupDetails\":\"<p>512.000.0000<\\/p><p>sales@company.com<\\/p>\"}}}}}','2015-07-22 01:55:03','2015-07-22 01:55:03','1e6b59f3-34a0-447b-8995-80e4fff82cd5'),(19,133,10,1,'en_us',6,'','{\"typeId\":null,\"authorId\":null,\"title\":\"About\",\"slug\":\"about\",\"postDate\":1437527631,\"expiryDate\":null,\"enabled\":1,\"fields\":{\"82\":{\"141\":{\"type\":\"twoColumnTextText\",\"enabled\":\"1\",\"fields\":{\"heading\":\"Aboutf\",\"makeTwoColumns\":\"<p>Body copy text sizing. Sed do eiusmod tempor incididunt ut labore et dolore magna aliqua. Ut enim ad minim veniam, nostrud exercitation ullamco laboris nisi ut aliquip. Lorem ipsum dolor sit amet, consectetur adipisicing elit, sed do eiusmod tempor incididunt ut labore et dolore magna aliqua.<\\/p><p>Body copy text sizing. Sed do eiusmod tempor incididunt ut labore et dolore magna aliqua. Ut enim ad minim veniam, nostrud exercitation ullamco laboris nisi ut aliquip. Lorem ipsum dolor sit amet, consectetur adipisicing elit, sed do eiusmod tempor incididunt ut labore et dolore magna aliqua.f<\\/p>\",\"text\":\"<p>Body copy text sizing. Sed do eiusmod tempor incididunt ut labore et dolore magna aliqua. Ut enim ad minim veniam, nostrud exercitation ullamco laboris nisi ut aliquip. Lorem ipsum dolor sit amet, consectetur adipisicing elit, sed do eiusmod tempor incididunt ut labore et dolore magna aliqua.f<\\/p>\"}},\"145\":{\"type\":\"partners\",\"enabled\":\"1\",\"fields\":{\"partner1Title\":\"Founder and CEO\",\"partner1Name\":\"Russell Williams\",\"partner1Details\":\"Body copy text sizing. Sed do eiusmod tempor incididunt ut labore et dolore magna aliqua. Ut enim ad minim veniam, quis nostrud exercitation ullamco laboris nisi ut aliquip. Sed do eiusmod tempor incididunt ut labore et dolore magna aliqua. Ut enim ad minim veniam, nostrud exercitation.\",\"partner2Title\":\"Co-Founder\",\"partner2Name\":\"Nathan\",\"partner2Details\":\"Body copy text sizing. Sed do eiusmod tempor incididunt ut labore et dolore magna aliqua. Ut enim ad minim veniam, quis nostrud exercitation ullamco laboris nisi ut aliquip. Sed do eiusmod tempor incididunt ut labore et dolore magna aliqua. Ut enim ad minim veniam, nostrud exercitation.\"}},\"146\":{\"type\":\"contactInfo\",\"enabled\":\"1\",\"fields\":{\"firstGroupHeading\":\"Sales\",\"firstGroupDetails\":\"<p>512.000.0000<\\/p><p>sales@company.com<\\/p>\",\"secondGroupHeading\":\"Press\",\"secondGroupDetails\":\"<p>512.000.0000<\\/p><p>sales@company.com<\\/p>\",\"thirdGroupHeading\":\"Support\",\"thirdGroupDetails\":\"<p>512.000.0000<\\/p><p>sales@company.com<\\/p>\"}}}}}','2015-07-22 01:56:35','2015-07-22 01:56:35','0775b3f8-e95e-4d62-9405-cc4b15f114ef'),(20,133,10,1,'en_us',7,'','{\"typeId\":null,\"authorId\":null,\"title\":\"About\",\"slug\":\"about\",\"postDate\":1437527631,\"expiryDate\":null,\"enabled\":1,\"fields\":{\"82\":{\"141\":{\"type\":\"twoColumnTextText\",\"enabled\":\"1\",\"fields\":{\"heading\":\"Aboutf\",\"makeTwoColumns\":\"<p>Body copy text sizing. Sed do eiusmod tempor incididunt ut labore et dolore magna aliqua. Ut enim ad minim veniam, nostrud exercitation ullamco laboris nisi ut aliquip. Lorem ipsum dolor sit amet, consectetur adipisicing elit, sed do eiusmod tempor incididunt ut labore et dolore magna aliqua.<\\/p><p>Body copy text sizing. Sed do eiusmod tempor incididunt ut labore et dolore magna aliqua. Ut enim ad minim veniam, nostrud exercitation ullamco laboris nisi ut aliquip. Lorem ipsum dolor sit amet, consectetur adipisicing elit, sed do eiusmod tempor incididunt ut labore et dolore magna aliqua.f<\\/p>\",\"text\":\"<p>Body copy text sizing. Sed do eiusmod tempor incididunt ut labore et dolore magna aliqua. Ut enim ad minim veniam, nostrud exercitation ullamco laboris nisi ut aliquip. Lorem ipsum dolor sit amet, consectetur adipisicing elit, sed do eiusmod tempor incididunt ut labore et dolore magna aliqua.f<\\/p>\"}},\"145\":{\"type\":\"partners\",\"enabled\":\"1\",\"fields\":{\"partner1Title\":\"Founder and CEO\",\"partner1Name\":\"Russell Williams\",\"partner1Details\":\"Body copy text sizing. Sed do eiusmod tempor incididunt ut labore et dolore magna aliqua. Ut enim ad minim veniam, quis nostrud exercitation ullamco laboris nisi ut aliquip. Sed do eiusmod tempor incididunt ut labore et dolore magna aliqua. Ut enim ad minim veniam, nostrud exercitation.\",\"partner2Title\":\"Co-Founder\",\"partner2Name\":\"Nathan\",\"partner2Details\":\"Body copy text sizing. Sed do eiusmod tempor incididunt ut labore et dolore magna aliqua. Ut enim ad minim veniam, quis nostrud exercitation ullamco laboris nisi ut aliquip. Sed do eiusmod tempor incididunt ut labore et dolore magna aliqua. Ut enim ad minim veniam, nostrud exercitation.\"}},\"146\":{\"type\":\"contactInfo\",\"enabled\":\"1\",\"fields\":{\"firstGroupHeading\":\"Sales\",\"firstGroupDetails\":\"<p>512.000.0000<\\/p><p>sales@company.com<\\/p>\",\"secondGroupHeading\":\"Press\",\"secondGroupDetails\":\"<p>512.000.0000<\\/p><p>sales@company.com<\\/p>\",\"thirdGroupHeading\":\"Support\",\"thirdGroupDetails\":\"<p>512.000.0000<\\/p><p>sales@company.com<\\/p>\"}}}}}','2015-07-22 01:57:02','2015-07-22 01:57:02','b1cdc4d3-9c8d-42ed-9580-75dc3ea4c8dd'),(21,133,10,1,'en_us',8,'','{\"typeId\":null,\"authorId\":null,\"title\":\"About\",\"slug\":\"about\",\"postDate\":1437527631,\"expiryDate\":null,\"enabled\":1,\"fields\":{\"82\":{\"141\":{\"type\":\"twoColumnTextText\",\"enabled\":\"1\",\"fields\":{\"heading\":\"About\",\"twoColumnText\":\"<p>Body copy text sizing. Sed do eiusmod tempor incididunt ut labore et dolore magna aliqua. Ut enim ad minim veniam, nostrud exercitation ullamco laboris nisi ut aliquip. Lorem ipsum dolor sit amet, consectetur adipisicing elit, sed do eiusmod tempor incididunt ut labore et dolore magna aliqua.<\\/p><p>Body copy text sizing. Sed do eiusmod tempor incididunt ut labore et dolore magna aliqua. Ut enim ad minim veniam, nostrud exercitation ullamco laboris nisi ut aliquip. Lorem ipsum dolor sit amet, consectetur adipisicing elit, sed do eiusmod tempor incididunt ut labore et dolore magna aliqua.<\\/p>\",\"text\":\"<p>Body copy text sizing. Sed do eiusmod tempor incididunt ut labore et dolore magna aliqua. Ut enim ad minim veniam, nostrud exercitation ullamco laboris nisi ut aliquip. Lorem ipsum dolor sit amet, consectetur adipisicing elit, sed do eiusmod tempor incididunt ut labore et dolore magna aliqua.<\\/p>\"}},\"145\":{\"type\":\"partners\",\"enabled\":\"1\",\"fields\":{\"partner1Title\":\"Founder and CEO\",\"partner1Name\":\"Russell Williams\",\"partner1Details\":\"Body copy text sizing. Sed do eiusmod tempor incididunt ut labore et dolore magna aliqua. Ut enim ad minim veniam, quis nostrud exercitation ullamco laboris nisi ut aliquip. Sed do eiusmod tempor incididunt ut labore et dolore magna aliqua. Ut enim ad minim veniam, nostrud exercitation.\",\"partner2Title\":\"Co-Founder\",\"partner2Name\":\"Nathan\",\"partner2Details\":\"Body copy text sizing. Sed do eiusmod tempor incididunt ut labore et dolore magna aliqua. Ut enim ad minim veniam, quis nostrud exercitation ullamco laboris nisi ut aliquip. Sed do eiusmod tempor incididunt ut labore et dolore magna aliqua. Ut enim ad minim veniam, nostrud exercitation.\"}},\"146\":{\"type\":\"contactInfo\",\"enabled\":\"1\",\"fields\":{\"firstGroupHeading\":\"Sales\",\"firstGroupDetails\":\"<p>512.000.0000<\\/p><p>sales@company.com<\\/p>\",\"secondGroupHeading\":\"Press\",\"secondGroupDetails\":\"<p>512.000.0000<\\/p><p>sales@company.com<\\/p>\",\"thirdGroupHeading\":\"Support\",\"thirdGroupDetails\":\"<p>512.000.0000<\\/p><p>sales@company.com<\\/p>\"}}}}}','2015-07-22 01:58:44','2015-07-22 01:58:44','1d9dbf5f-cccd-4b2a-8301-013debb63af3'),(22,133,10,1,'en_us',9,'','{\"typeId\":null,\"authorId\":null,\"title\":\"About\",\"slug\":\"about\",\"postDate\":1437527631,\"expiryDate\":null,\"enabled\":1,\"fields\":{\"82\":{\"141\":{\"type\":\"twoColumnTextText\",\"enabled\":\"1\",\"fields\":{\"heading\":\"About\",\"twoColumnText\":\"<p>Body copy text sizing. Sed do eiusmod tempor incididunt ut labore et dolore magna aliqua. Ut enim ad minim veniam, nostrud exercitation ullamco laboris nisi ut aliquip. Lorem ipsum dolor sit amet, consectetur adipisicing elit, sed do eiusmod tempor incididunt ut labore et dolore magna aliqua.<\\/p><p>Body copy text sizing. Sed do eiusmod tempor incididunt ut labore et dolore magna aliqua. Ut enim ad minim veniam, nostrud exercitation ullamco laboris nisi ut aliquip. Lorem ipsum dolor sit amet, consectetur adipisicing elit, sed do eiusmod tempor incididunt ut labore et dolore magna aliqua.<\\/p>\",\"text\":\"<p>Body copy text sizing. Sed do eiusmod tempor incididunt ut labore et dolore magna aliqua. Ut enim ad minim veniam, nostrud exercitation ullamco laboris nisi ut aliquip. Lorem ipsum dolor sit amet, consectetur adipisicing elit, sed do eiusmod tempor incididunt ut labore et dolore magna aliqua.<\\/p>\"}},\"145\":{\"type\":\"partners\",\"enabled\":\"1\",\"fields\":{\"partner1Title\":\"Founder and CEO\",\"partner1Name\":\"Russell Williams\",\"partner1Details\":\"Body copy text sizing. Sed do eiusmod tempor incididunt ut labore et dolore magna aliqua. Ut enim ad minim veniam, quis nostrud exercitation ullamco laboris nisi ut aliquip. Sed do eiusmod tempor incididunt ut labore et dolore magna aliqua. Ut enim ad minim veniam, nostrud exercitation.\",\"partner1Image\":[\"14\"],\"partner2Title\":\"Co-Founder\",\"partner2Name\":\"Nathan\",\"partner2Details\":\"Body copy text sizing. Sed do eiusmod tempor incididunt ut labore et dolore magna aliqua. Ut enim ad minim veniam, quis nostrud exercitation ullamco laboris nisi ut aliquip. Sed do eiusmod tempor incididunt ut labore et dolore magna aliqua. Ut enim ad minim veniam, nostrud exercitation.\",\"partner2Image\":[\"13\"]}},\"146\":{\"type\":\"contactInfo\",\"enabled\":\"1\",\"fields\":{\"firstGroupHeading\":\"Sales\",\"firstGroupDetails\":\"<p>512.000.0000<\\/p><p>sales@company.com<\\/p>\",\"secondGroupHeading\":\"Press\",\"secondGroupDetails\":\"<p>512.000.0000<\\/p><p>sales@company.com<\\/p>\",\"thirdGroupHeading\":\"Support\",\"thirdGroupDetails\":\"<p>512.000.0000<\\/p><p>sales@company.com<\\/p>\"}}}}}','2015-07-22 02:02:22','2015-07-22 02:02:22','8c394eec-7ea2-4e9a-b04c-5deec687b8e7'),(23,133,10,1,'en_us',10,'','{\"typeId\":null,\"authorId\":null,\"title\":\"About\",\"slug\":\"about\",\"postDate\":1437527631,\"expiryDate\":null,\"enabled\":1,\"fields\":{\"82\":{\"141\":{\"type\":\"twoColumnTextText\",\"enabled\":\"1\",\"fields\":{\"heading\":\"About\",\"twoColumnText\":\"<p>Body copy text sizing. Sed do eiusmod tempor incididunt ut labore et dolore magna aliqua. Ut enim ad minim veniam, nostrud exercitation ullamco laboris nisi ut aliquip. Lorem ipsum dolor sit amet, consectetur adipisicing elit, sed do eiusmod tempor incididunt ut labore et dolore magna aliqua.<\\/p><p>Body copy text sizing. Sed do eiusmod tempor incididunt ut labore et dolore magna aliqua. Ut enim ad minim veniam, nostrud exercitation ullamco laboris nisi ut aliquip. Lorem ipsum dolor sit amet, consectetur adipisicing elit, sed do eiusmod tempor incididunt ut labore et dolore magna aliqua.<\\/p>\",\"text\":\"<p>Body copy text sizing. Sed do eiusmod tempor incididunt ut labore et dolore magna aliqua. Ut enim ad minim veniam, nostrud exercitation ullamco laboris nisi ut aliquip. Lorem ipsum dolor sit amet, consectetur adipisicing elit, sed do eiusmod tempor incididunt ut labore et dolore magna aliqua.<\\/p>\"}},\"145\":{\"type\":\"partners\",\"enabled\":\"1\",\"fields\":{\"partner1Title\":\"Founder and CEO\",\"partner1Name\":\"Russell Williams\",\"partner1Details\":\"Body copy text sizing. Sed do eiusmod tempor incididunt ut labore et dolore magna aliqua. Ut enim ad minim veniam, quis nostrud exercitation ullamco laboris nisi ut aliquip. Sed do eiusmod tempor incididunt ut labore et dolore magna aliqua. Ut enim ad minim veniam, nostrud exercitation.\",\"partner1Image\":[\"14\"],\"partner2Title\":\"Co-Founder\",\"partner2Name\":\"Nathan\",\"partner2Details\":\"Body copy text sizing. Sed do eiusmod tempor incididunt ut labore et dolore magna aliqua. Ut enim ad minim veniam, quis nostrud exercitation ullamco laboris nisi ut aliquip. Sed do eiusmod tempor incididunt ut labore et dolore magna aliqua. Ut enim ad minim veniam, nostrud exercitation.\",\"partner2Image\":[\"13\"]}},\"146\":{\"type\":\"contactInfo\",\"enabled\":\"1\",\"fields\":{\"firstGroupHeading\":\"Sales\",\"firstGroupDetails\":\"<p>512.000.0000<\\/p><p>sales@company.com<\\/p>\",\"secondGroupHeading\":\"Press\",\"secondGroupDetails\":\"<p>512.000.0000<\\/p><p>sales@company.com<\\/p>\",\"thirdGroupHeading\":\"Support\",\"thirdGroupDetails\":\"<p>512.000.0000<\\/p><p>sales@company.com<\\/p>\"}}}}}','2015-07-22 02:05:23','2015-07-22 02:05:23','e038f43c-2a53-4aa4-af4b-297b2daece1b'),(24,2,1,1,'en_us',11,'','{\"typeId\":null,\"authorId\":null,\"title\":\"Home\",\"slug\":\"homepage\",\"postDate\":1435718087,\"expiryDate\":null,\"enabled\":1,\"fields\":{\"3\":{\"68\":{\"type\":\"hero\",\"enabled\":\"1\",\"fields\":{\"backgroundImage\":[\"64\"],\"heading\":\"Huge, portable\\r\\nsound redefined\",\"buttonText\":\"Meet Kube\",\"buttonUrl\":\"\\/\",\"leftAlignText\":\"\",\"makeShort\":\"\"}},\"81\":{\"type\":\"featureList\",\"enabled\":\"1\",\"fields\":{\"list\":[\"76\"]}},\"82\":{\"type\":\"experienceA\",\"enabled\":\"1\",\"fields\":{\"heading\":\"Experiences\",\"details\":\"Body copy text sizing. Sed do eiusmod tempor incididunt ut labore et dolore magna aliqua. Ut enim ad minim veniam, quis nostrud exercitation ullamco laboris nisi ut aliquip ex ea commodo consequat.\",\"tallImage\":[\"54\"],\"wideImage\":[\"57\"],\"halfWidthImage\":[\"52\"],\"secondHeading\":\"Experiences\",\"buttonText\":\"View More\",\"buttonUrl\":\"\\/experiences\"}},\"83\":{\"type\":\"halfTextHalfImage\",\"enabled\":\"1\",\"fields\":{\"heading\":\"BRING KUBE HOME\",\"details\":\"Exceptional, portable sound with insulated storage from $999\",\"buttonText\":\"BUY\",\"buttonUrl\":\"\\/\",\"solidButton\":\"\",\"image\":[\"51\"],\"imageStyle\":\"wide\"}},\"89\":{\"type\":\"vendorImageList\",\"enabled\":\"1\",\"fields\":{\"vendors\":[\"88\",\"87\",\"86\",\"85\",\"84\"]}}}}}','2015-07-26 20:35:07','2015-07-26 20:35:07','6167af30-21b7-42e5-a632-1b8ab6e94c22'),(25,133,10,1,'en_us',11,'','{\"typeId\":null,\"authorId\":null,\"title\":\"About\",\"slug\":\"about\",\"postDate\":1437527631,\"expiryDate\":null,\"enabled\":1,\"fields\":{\"82\":{\"141\":{\"type\":\"twoColumnTextText\",\"enabled\":\"1\",\"fields\":{\"heading\":\"About\",\"twoColumnText\":\"<p>Body copy text sizing. Sed do eiusmod tempor incididunt ut labore et dolore magna aliqua. Ut enim ad minim veniam, nostrud exercitation ullamco laboris nisi ut aliquip. Lorem ipsum dolor sit amet, consectetur adipisicing elit, sed do eiusmod tempor incididunt ut labore et dolore magna aliqua.<\\/p><p>Body copy text sizing. Sed do eiusmod tempor incididunt ut labore et dolore magna aliqua. Ut enim ad minim veniam, nostrud exercitation ullamco laboris nisi ut aliquip. Lorem ipsum dolor sit amet, consectetur adipisicing elit, sed do eiusmod tempor incididunt ut labore et dolore magna aliqua.<\\/p>\",\"text\":\"<p>Body copy text sizing. Sed do eiusmod tempor incididunt ut labore et dolore magna aliqua. Ut enim ad minim veniam, nostrud exercitation ullamco laboris nisi ut aliquip. Lorem ipsum dolor sit amet, consectetur adipisicing elit, sed do eiusmod tempor incididunt ut labore et dolore magna aliqua.<\\/p>\"}},\"145\":{\"type\":\"partners\",\"enabled\":\"1\",\"fields\":{\"partner1Title\":\"Founder and CEO\",\"partner1Name\":\"Russell Williamson\",\"partner1Details\":\"Body copy text sizing. Sed do eiusmod tempor incididunt ut labore et dolore magna aliqua. Ut enim ad minim veniam, quis nostrud exercitation ullamco laboris nisi ut aliquip. Sed do eiusmod tempor incididunt ut labore et dolore magna aliqua. Ut enim ad minim veniam, nostrud exercitation.\",\"partner1Image\":[\"14\"],\"partner2Title\":\"Co-Founder\",\"partner2Name\":\"Nathan\",\"partner2Details\":\"Body copy text sizing. Sed do eiusmod tempor incididunt ut labore et dolore magna aliqua. Ut enim ad minim veniam, quis nostrud exercitation ullamco laboris nisi ut aliquip. Sed do eiusmod tempor incididunt ut labore et dolore magna aliqua. Ut enim ad minim veniam, nostrud exercitation.\",\"partner2Image\":[\"13\"]}},\"146\":{\"type\":\"contactInfo\",\"enabled\":\"1\",\"fields\":{\"firstGroupHeading\":\"Sales\",\"firstGroupDetails\":\"<p>512.000.0000<\\/p><p>sales@company.com<\\/p>\",\"secondGroupHeading\":\"Press\",\"secondGroupDetails\":\"<p>512.000.0000<\\/p><p>sales@company.com<\\/p>\",\"thirdGroupHeading\":\"Support\",\"thirdGroupDetails\":\"<p>512.000.0000<\\/p><p>sales@company.com<\\/p>\"}}}}}','2015-07-26 21:19:56','2015-07-26 21:19:56','619f4324-c018-48a5-9f00-0d62ec68f95e'),(26,2,1,1,'en_us',12,'','{\"typeId\":null,\"authorId\":null,\"title\":\"Home\",\"slug\":\"homepage\",\"postDate\":1435718087,\"expiryDate\":null,\"enabled\":1,\"fields\":{\"3\":{\"68\":{\"type\":\"hero\",\"enabled\":\"1\",\"fields\":{\"backgroundImage\":[\"151\"],\"heading\":\"Huge, portable\\r\\nsound redefined\",\"buttonText\":\"Meet Kube\",\"buttonUrl\":\"\\/\",\"leftAlignText\":\"\",\"makeShort\":\"\"}},\"81\":{\"type\":\"featureList\",\"enabled\":\"1\",\"fields\":{\"list\":[\"76\"]}},\"82\":{\"type\":\"experienceA\",\"enabled\":\"1\",\"fields\":{\"heading\":\"Experiences\",\"details\":\"Body copy text sizing. Sed do eiusmod tempor incididunt ut labore et dolore magna aliqua. Ut enim ad minim veniam, quis nostrud exercitation ullamco laboris nisi ut aliquip ex ea commodo consequat.\",\"tallImage\":[\"54\"],\"wideImage\":[\"57\"],\"halfWidthImage\":[\"52\"],\"secondHeading\":\"Experiences\",\"buttonText\":\"View More\",\"buttonUrl\":\"\\/experiences\"}},\"83\":{\"type\":\"halfTextHalfImage\",\"enabled\":\"1\",\"fields\":{\"heading\":\"BRING KUBE HOME\",\"details\":\"Exceptional, portable sound with insulated storage from $999\",\"buttonText\":\"BUY\",\"buttonUrl\":\"\\/\",\"solidButton\":\"\",\"image\":[\"51\"],\"imageStyle\":\"wide\"}},\"89\":{\"type\":\"vendorImageList\",\"enabled\":\"1\",\"fields\":{\"vendors\":[\"88\",\"87\",\"86\",\"85\",\"84\"]}}}}}','2015-07-26 23:12:51','2015-07-26 23:12:51','40ba0b4c-94ea-419d-a540-024c84ac9f01'),(27,2,1,1,'en_us',13,'','{\"typeId\":null,\"authorId\":null,\"title\":\"Home\",\"slug\":\"homepage\",\"postDate\":1435718087,\"expiryDate\":null,\"enabled\":1,\"fields\":{\"3\":{\"68\":{\"type\":\"hero\",\"enabled\":\"1\",\"fields\":{\"backgroundImage\":[\"152\"],\"heading\":\"Huge, portable\\r\\nsound redefined\",\"buttonText\":\"Meet Kube\",\"buttonUrl\":\"\\/\",\"leftAlignText\":\"\",\"makeShort\":\"\"}},\"81\":{\"type\":\"featureList\",\"enabled\":\"1\",\"fields\":{\"list\":[\"76\"]}},\"82\":{\"type\":\"experienceA\",\"enabled\":\"1\",\"fields\":{\"heading\":\"Experiences\",\"details\":\"Body copy text sizing. Sed do eiusmod tempor incididunt ut labore et dolore magna aliqua. Ut enim ad minim veniam, quis nostrud exercitation ullamco laboris nisi ut aliquip ex ea commodo consequat.\",\"tallImage\":[\"54\"],\"wideImage\":[\"57\"],\"halfWidthImage\":[\"52\"],\"secondHeading\":\"Experiences\",\"buttonText\":\"View More\",\"buttonUrl\":\"\\/experiences\"}},\"83\":{\"type\":\"halfTextHalfImage\",\"enabled\":\"1\",\"fields\":{\"heading\":\"BRING KUBE HOME\",\"details\":\"Exceptional, portable sound with insulated storage from $999\",\"buttonText\":\"BUY\",\"buttonUrl\":\"\\/\",\"solidButton\":\"\",\"image\":[\"51\"],\"imageStyle\":\"wide\"}},\"89\":{\"type\":\"vendorImageList\",\"enabled\":\"1\",\"fields\":{\"vendors\":[\"88\",\"87\",\"86\",\"85\",\"84\"]}}}}}','2015-07-26 23:15:55','2015-07-26 23:15:55','a33df5e4-98be-4922-858f-08ffa8bc1cd4'),(28,2,1,1,'en_us',14,'','{\"typeId\":null,\"authorId\":null,\"title\":\"Home\",\"slug\":\"homepage\",\"postDate\":1435718087,\"expiryDate\":null,\"enabled\":1,\"fields\":{\"3\":{\"68\":{\"type\":\"hero\",\"enabled\":\"1\",\"fields\":{\"backgroundImage\":[\"153\"],\"heading\":\"Huge, portable\\r\\nsound redefined\",\"buttonText\":\"Meet Kube\",\"buttonUrl\":\"\\/\",\"leftAlignText\":\"\",\"makeShort\":\"\"}},\"81\":{\"type\":\"featureList\",\"enabled\":\"1\",\"fields\":{\"list\":[\"76\"]}},\"82\":{\"type\":\"experienceA\",\"enabled\":\"1\",\"fields\":{\"heading\":\"Experiences\",\"details\":\"Body copy text sizing. Sed do eiusmod tempor incididunt ut labore et dolore magna aliqua. Ut enim ad minim veniam, quis nostrud exercitation ullamco laboris nisi ut aliquip ex ea commodo consequat.\",\"tallImage\":[\"54\"],\"wideImage\":[\"57\"],\"halfWidthImage\":[\"52\"],\"secondHeading\":\"Experiences\",\"buttonText\":\"View More\",\"buttonUrl\":\"\\/experiences\"}},\"83\":{\"type\":\"halfTextHalfImage\",\"enabled\":\"1\",\"fields\":{\"heading\":\"BRING KUBE HOME\",\"details\":\"Exceptional, portable sound with insulated storage from $999\",\"buttonText\":\"BUY\",\"buttonUrl\":\"\\/\",\"solidButton\":\"\",\"image\":[\"51\"],\"imageStyle\":\"wide\"}},\"89\":{\"type\":\"vendorImageList\",\"enabled\":\"1\",\"fields\":{\"vendors\":[\"88\",\"87\",\"86\",\"85\",\"84\"]}}}}}','2015-07-26 23:18:27','2015-07-26 23:18:27','4268654c-8a0f-4236-9d81-08866fbd1ca8'),(29,2,1,1,'en_us',15,'','{\"typeId\":null,\"authorId\":null,\"title\":\"Home\",\"slug\":\"homepage\",\"postDate\":1435718087,\"expiryDate\":null,\"enabled\":1,\"fields\":{\"3\":{\"68\":{\"type\":\"hero\",\"enabled\":\"1\",\"fields\":{\"backgroundImage\":[\"153\"],\"heading\":\"Huge, portable\\r\\nsound redefined\",\"buttonText\":\"Meet Kube\",\"buttonUrl\":\"\\/\",\"leftAlignText\":\"\",\"makeShort\":\"\"}},\"82\":{\"type\":\"experienceA\",\"enabled\":\"1\",\"fields\":{\"heading\":\"Experiences\",\"details\":\"Body copy text sizing. Sed do eiusmod tempor incididunt ut labore et dolore magna aliqua. Ut enim ad minim veniam, quis nostrud exercitation ullamco laboris nisi ut aliquip ex ea commodo consequat.\",\"tallImage\":[\"54\"],\"wideImage\":[\"57\"],\"halfWidthImage\":[\"52\"],\"secondHeading\":\"Experiences\",\"buttonText\":\"View More\",\"buttonUrl\":\"\\/experiences\"}},\"81\":{\"type\":\"featureList\",\"enabled\":\"1\",\"fields\":{\"list\":[\"76\"]}},\"83\":{\"type\":\"halfTextHalfImage\",\"enabled\":\"1\",\"fields\":{\"heading\":\"BRING KUBE HOME\",\"details\":\"Exceptional, portable sound with insulated storage from $999\",\"buttonText\":\"BUY\",\"buttonUrl\":\"\\/\",\"solidButton\":\"\",\"image\":[\"51\"],\"imageStyle\":\"wide\"}},\"89\":{\"type\":\"vendorImageList\",\"enabled\":\"1\",\"fields\":{\"vendors\":[\"88\",\"87\",\"86\",\"85\",\"84\"]}}}}}','2015-07-26 23:25:53','2015-07-26 23:25:53','1eeea6bd-afba-47b8-82e9-e50e309eba38'),(30,2,1,1,'en_us',16,'','{\"typeId\":null,\"authorId\":null,\"title\":\"Home\",\"slug\":\"homepage\",\"postDate\":1435718087,\"expiryDate\":null,\"enabled\":1,\"fields\":{\"3\":{\"68\":{\"type\":\"hero\",\"enabled\":\"1\",\"fields\":{\"backgroundImage\":[\"153\"],\"heading\":\"Huge, portable\\r\\nsound redefined\",\"buttonText\":\"Meet Kube\",\"buttonUrl\":\"\\/\",\"leftAlignText\":\"\",\"makeShort\":\"\"}},\"82\":{\"type\":\"experienceA\",\"enabled\":\"1\",\"fields\":{\"heading\":\"Sound and functionality that has to be experienced. \",\"details\":\"Body copy text sizing. Sed do eiusmod tempor incididunt ut labore et dolore magna aliqua. Ut enim ad minim veniam, quis nostrud exercitation ullamco laboris nisi ut aliquip ex ea commodo consequat.\",\"tallImage\":[\"54\"],\"wideImage\":[\"57\"],\"halfWidthImage\":[\"52\"],\"secondHeading\":\"Experiences\",\"buttonText\":\"View More\",\"buttonUrl\":\"\\/experiences\"}},\"81\":{\"type\":\"featureList\",\"enabled\":\"1\",\"fields\":{\"list\":[\"76\"]}},\"83\":{\"type\":\"halfTextHalfImage\",\"enabled\":\"1\",\"fields\":{\"heading\":\"BRING KUBE HOME\",\"details\":\"Exceptional, portable sound with insulated storage from $999\",\"buttonText\":\"BUY\",\"buttonUrl\":\"\\/\",\"solidButton\":\"\",\"image\":[\"51\"],\"imageStyle\":\"wide\"}},\"89\":{\"type\":\"vendorImageList\",\"enabled\":\"1\",\"fields\":{\"vendors\":[\"88\",\"87\",\"86\",\"85\",\"84\"]}}}}}','2015-07-26 23:26:38','2015-07-26 23:26:38','29d1b589-2494-41fe-95f4-2c46370c71bf'),(31,2,1,1,'en_us',17,'','{\"typeId\":null,\"authorId\":null,\"title\":\"Home\",\"slug\":\"homepage\",\"postDate\":1435718087,\"expiryDate\":null,\"enabled\":1,\"fields\":{\"3\":{\"68\":{\"type\":\"hero\",\"enabled\":\"1\",\"fields\":{\"backgroundImage\":[\"153\"],\"heading\":\"Huge, portable\\r\\nsound redefined\",\"buttonText\":\"Meet Kube\",\"buttonUrl\":\"\\/\",\"leftAlignText\":\"\",\"makeShort\":\"\"}},\"82\":{\"type\":\"experienceA\",\"enabled\":\"1\",\"fields\":{\"heading\":\"Sound and functionality that has to be experienced. \",\"details\":\"Body copy text sizing. Sed do eiusmod tempor incididunt ut labore et dolore magna aliqua. Ut enim ad minim veniam, quis nostrud exercitation ullamco laboris nisi ut aliquip ex ea commodo consequat.\",\"tallImage\":[\"162\"],\"wideImage\":[\"163\"],\"halfWidthImage\":[\"164\"],\"secondHeading\":\"Experiences\",\"buttonText\":\"View More\",\"buttonUrl\":\"\\/experiences\"}},\"81\":{\"type\":\"featureList\",\"enabled\":\"1\",\"fields\":{\"list\":[\"76\"]}},\"83\":{\"type\":\"halfTextHalfImage\",\"enabled\":\"1\",\"fields\":{\"heading\":\"BRING KUBE HOME\",\"details\":\"Exceptional, portable sound with insulated storage from $999\",\"buttonText\":\"BUY\",\"buttonUrl\":\"\\/\",\"solidButton\":\"\",\"image\":[\"51\"],\"imageStyle\":\"wide\"}},\"89\":{\"type\":\"vendorImageList\",\"enabled\":\"1\",\"fields\":{\"vendors\":[\"88\",\"87\",\"86\",\"85\",\"84\"]}}}}}','2015-07-26 23:42:06','2015-07-26 23:42:06','cb9a000e-e23b-4ae6-995c-de165f95b7b6'),(32,2,1,1,'en_us',18,'','{\"typeId\":null,\"authorId\":null,\"title\":\"Home\",\"slug\":\"homepage\",\"postDate\":1435718087,\"expiryDate\":null,\"enabled\":1,\"fields\":{\"3\":{\"68\":{\"type\":\"hero\",\"enabled\":\"1\",\"fields\":{\"backgroundImage\":[\"153\"],\"heading\":\"Huge, portable\\r\\nsound redefined\",\"buttonText\":\"Meet Kube\",\"buttonUrl\":\"\\/\",\"leftAlignText\":\"\",\"makeShort\":\"\"}},\"82\":{\"type\":\"experienceA\",\"enabled\":\"1\",\"fields\":{\"heading\":\"Sound and functionality that has to be experienced. \",\"details\":\"Body copy text sizing. Sed do eiusmod tempor incididunt ut labore et dolore magna aliqua. Ut enim ad minim veniam, quis nostrud exercitation ullamco laboris nisi ut aliquip ex ea commodo consequat.\",\"tallImage\":[\"162\"],\"wideImage\":[\"165\"],\"halfWidthImage\":[\"164\"],\"secondHeading\":\"Experiences\",\"buttonText\":\"View More\",\"buttonUrl\":\"\\/experiences\"}},\"81\":{\"type\":\"featureList\",\"enabled\":\"1\",\"fields\":{\"list\":[\"76\"]}},\"83\":{\"type\":\"halfTextHalfImage\",\"enabled\":\"1\",\"fields\":{\"heading\":\"BRING KUBE HOME\",\"details\":\"Exceptional, portable sound with insulated storage from $999\",\"buttonText\":\"BUY\",\"buttonUrl\":\"\\/\",\"solidButton\":\"\",\"image\":[\"51\"],\"imageStyle\":\"wide\"}},\"89\":{\"type\":\"vendorImageList\",\"enabled\":\"1\",\"fields\":{\"vendors\":[\"88\",\"87\",\"86\",\"85\",\"84\"]}}}}}','2015-07-26 23:45:04','2015-07-26 23:45:04','7645a0fa-075e-4eb1-aa46-132a119edbe1'),(33,2,1,1,'en_us',19,'','{\"typeId\":null,\"authorId\":null,\"title\":\"Home\",\"slug\":\"homepage\",\"postDate\":1435718087,\"expiryDate\":null,\"enabled\":1,\"fields\":{\"3\":{\"68\":{\"type\":\"hero\",\"enabled\":\"1\",\"fields\":{\"backgroundImage\":[\"153\"],\"heading\":\"Huge, portable\\r\\nsound redefined\",\"buttonText\":\"Meet Kube\",\"buttonUrl\":\"\\/\",\"leftAlignText\":\"\",\"makeShort\":\"\"}},\"82\":{\"type\":\"experienceA\",\"enabled\":\"1\",\"fields\":{\"heading\":\"Sound and functionality that has to be experienced. \",\"details\":\"Body copy text sizing. Sed do eiusmod tempor incididunt ut labore et dolore magna aliqua. Ut enim ad minim veniam, quis nostrud exercitation ullamco laboris nisi ut aliquip ex ea commodo consequat.\",\"tallImage\":[\"162\"],\"wideImage\":[\"165\"],\"halfWidthImage\":[\"164\"],\"secondHeading\":\"Experiences\",\"buttonText\":\"View More\",\"buttonUrl\":\"\\/experiences\"}},\"81\":{\"type\":\"featureList\",\"enabled\":\"1\",\"fields\":{\"list\":[\"76\"]}},\"83\":{\"type\":\"halfTextHalfImage\",\"enabled\":\"1\",\"fields\":{\"heading\":\"BRING KUBE HOME\",\"details\":\"Exceptional, portable sound with insulated storage from $999\",\"buttonText\":\"BUY\",\"buttonUrl\":\"\\/\",\"solidButton\":\"\",\"image\":[\"51\"],\"imageStyle\":\"wide\"}},\"89\":{\"type\":\"vendorImageList\",\"enabled\":\"1\",\"fields\":{\"vendors\":[\"88\",\"87\",\"86\",\"85\",\"84\"]}}}}}','2015-07-26 23:47:23','2015-07-26 23:47:23','8fc69a16-ab07-4af8-be54-0f8b745f9acb'),(34,2,1,1,'en_us',20,'','{\"typeId\":null,\"authorId\":null,\"title\":\"Home\",\"slug\":\"homepage\",\"postDate\":1435718087,\"expiryDate\":null,\"enabled\":1,\"fields\":{\"3\":{\"68\":{\"type\":\"hero\",\"enabled\":\"1\",\"fields\":{\"backgroundImage\":[\"153\"],\"heading\":\"Huge, portable\\r\\nsound redefined\",\"buttonText\":\"Meet Kube\",\"buttonUrl\":\"\\/\",\"leftAlignText\":\"\",\"makeShort\":\"\"}},\"82\":{\"type\":\"experienceA\",\"enabled\":\"1\",\"fields\":{\"heading\":\"Sound and functionality that has to be experienced. \",\"details\":\"Body copy text sizing. Sed do eiusmod tempor incididunt ut labore et dolore magna aliqua. Ut enim ad minim veniam, quis nostrud exercitation ullamco laboris nisi ut aliquip ex ea commodo consequat.\",\"tallImage\":[\"162\"],\"wideImage\":[\"165\"],\"halfWidthImage\":[\"164\"],\"secondHeading\":\"Experiences\",\"buttonText\":\"View More\",\"buttonUrl\":\"\\/experiences\"}},\"81\":{\"type\":\"featureList\",\"enabled\":\"1\",\"fields\":{\"list\":[\"76\"]}},\"83\":{\"type\":\"halfTextHalfImage\",\"enabled\":\"1\",\"fields\":{\"heading\":\"BRING KUBE HOME\",\"details\":\"Exceptional, portable sound with insulated storage from $999\",\"buttonText\":\"BUY\",\"buttonUrl\":\"\\/\",\"solidButton\":\"\",\"image\":[\"51\"],\"imageStyle\":\"wide\"}},\"89\":{\"type\":\"vendorImageList\",\"enabled\":\"1\",\"fields\":{\"vendors\":[\"88\",\"87\",\"86\",\"85\",\"84\"]}}}}}','2015-07-26 23:48:12','2015-07-26 23:48:12','229b77f1-0686-4814-b261-8d0ea9c9f9fa'),(35,2,1,1,'en_us',21,'','{\"typeId\":null,\"authorId\":null,\"title\":\"Home\",\"slug\":\"homepage\",\"postDate\":1435718087,\"expiryDate\":null,\"enabled\":1,\"fields\":{\"3\":{\"68\":{\"type\":\"hero\",\"enabled\":\"1\",\"fields\":{\"backgroundImage\":[\"153\"],\"heading\":\"Huge, portable\\r\\nsound redefined\",\"buttonText\":\"Meet Kube\",\"buttonUrl\":\"\\/\",\"leftAlignText\":\"\",\"makeShort\":\"\"}},\"82\":{\"type\":\"experienceA\",\"enabled\":\"1\",\"fields\":{\"heading\":\"Sound and functionality that has to be experienced. \",\"details\":\"Don\'t confuse Kube with your Bluetooth speaker. Kube is an all new product that combines audiophile pleasing sound performance with insulated storage in a gorgeous package. No matter where you take Kube, it\'s sure to perform. \",\"tallImage\":[\"162\"],\"wideImage\":[\"165\"],\"halfWidthImage\":[\"164\"],\"secondHeading\":\"Experiences\",\"buttonText\":\"View More\",\"buttonUrl\":\"\\/experiences\"}},\"81\":{\"type\":\"featureList\",\"enabled\":\"1\",\"fields\":{\"list\":[\"76\"]}},\"83\":{\"type\":\"halfTextHalfImage\",\"enabled\":\"1\",\"fields\":{\"heading\":\"BRING KUBE HOME\",\"details\":\"Exceptional, portable sound with insulated storage from $999\",\"buttonText\":\"BUY\",\"buttonUrl\":\"\\/\",\"solidButton\":\"\",\"image\":[\"51\"],\"imageStyle\":\"wide\"}},\"89\":{\"type\":\"vendorImageList\",\"enabled\":\"1\",\"fields\":{\"vendors\":[\"88\",\"87\",\"86\",\"85\",\"84\"]}}}}}','2015-07-26 23:49:46','2015-07-26 23:49:46','2e7ae22f-2a9f-4f33-8156-fc093e3a17b7'),(36,2,1,1,'en_us',22,'','{\"typeId\":null,\"authorId\":null,\"title\":\"Home\",\"slug\":\"homepage\",\"postDate\":1435718087,\"expiryDate\":null,\"enabled\":1,\"fields\":{\"3\":{\"68\":{\"type\":\"hero\",\"enabled\":\"1\",\"fields\":{\"backgroundImage\":[\"153\"],\"heading\":\"Huge, portable\\r\\nsound redefined\",\"buttonText\":\"Meet Kube\",\"buttonUrl\":\"\\/\",\"leftAlignText\":\"\",\"makeShort\":\"\"}},\"82\":{\"type\":\"experienceA\",\"enabled\":\"1\",\"fields\":{\"heading\":\"Sound and functionality that has to be experienced. \",\"details\":\"Don\'t confuse Kube with your Bluetooth speaker. Kube is an all new product that combines audiophile pleasing sound performance with insulated storage in a gorgeous package. No matter where you take Kube, it\'s sure to perform. \",\"tallImage\":[\"162\"],\"wideImage\":[\"165\"],\"halfWidthImage\":[\"164\"],\"secondHeading\":\"Experiences\",\"buttonText\":\"View More\",\"buttonUrl\":\"\\/experiences\"}},\"81\":{\"type\":\"featureList\",\"enabled\":\"1\",\"fields\":{\"list\":[\"76\"]}},\"83\":{\"type\":\"halfTextHalfImage\",\"enabled\":\"1\",\"fields\":{\"heading\":\"BRING KUBE HOME\",\"details\":\"Exceptional, portable sound with insulated storage from $999. Click to preorder your Kube today. \",\"buttonText\":\"BUY\",\"buttonUrl\":\"\\/\",\"solidButton\":\"\",\"image\":[\"51\"],\"imageStyle\":\"wide\"}},\"89\":{\"type\":\"vendorImageList\",\"enabled\":\"1\",\"fields\":{\"vendors\":[\"88\",\"87\",\"86\",\"85\",\"84\"]}}}}}','2015-07-26 23:50:38','2015-07-26 23:50:38','d408f632-968f-4671-a4d4-476e0a0543e3'),(37,2,1,1,'en_us',23,'','{\"typeId\":null,\"authorId\":null,\"title\":\"Home\",\"slug\":\"homepage\",\"postDate\":1435718087,\"expiryDate\":null,\"enabled\":1,\"fields\":{\"3\":{\"68\":{\"type\":\"hero\",\"enabled\":\"1\",\"fields\":{\"backgroundImage\":[\"153\"],\"heading\":\"Huge, portable\\r\\nsound redefined\",\"buttonText\":\"Meet Kube\",\"buttonUrl\":\"\\/\",\"leftAlignText\":\"\",\"makeShort\":\"\"}},\"82\":{\"type\":\"experienceA\",\"enabled\":\"1\",\"fields\":{\"heading\":\"Sound and functionality that has to be experienced. \",\"details\":\"Don\'t confuse Kube with your Bluetooth speaker. Kube is an all new product that combines audiophile pleasing sound performance with insulated storage in a gorgeous package. No matter where you take Kube, it\'s sure to perform. \",\"tallImage\":[\"162\"],\"wideImage\":[\"165\"],\"halfWidthImage\":[\"164\"],\"secondHeading\":\"Experiences\",\"buttonText\":\"View More\",\"buttonUrl\":\"\\/experiences\"}},\"81\":{\"type\":\"featureList\",\"enabled\":\"1\",\"fields\":{\"list\":[\"76\"]}},\"83\":{\"type\":\"halfTextHalfImage\",\"enabled\":\"1\",\"fields\":{\"heading\":\"BRING KUBE HOME\",\"details\":\"Exceptional, portable sound with insulated storage from $999. Click to preorder your Kube today. \",\"buttonText\":\"BUY\",\"buttonUrl\":\"\\/\",\"solidButton\":\"\",\"image\":[\"163\"],\"imageStyle\":\"full\"}},\"89\":{\"type\":\"vendorImageList\",\"enabled\":\"1\",\"fields\":{\"vendors\":[\"88\",\"87\",\"86\",\"85\",\"84\"]}}}}}','2015-07-26 23:51:21','2015-07-26 23:51:21','776bff77-ba90-4ec7-bc29-d513a8299802'),(38,2,1,1,'en_us',24,'','{\"typeId\":null,\"authorId\":null,\"title\":\"Home\",\"slug\":\"homepage\",\"postDate\":1435718087,\"expiryDate\":null,\"enabled\":1,\"fields\":{\"3\":{\"68\":{\"type\":\"hero\",\"enabled\":\"1\",\"fields\":{\"backgroundImage\":[\"153\"],\"heading\":\"Huge, portable\\r\\nsound redefined\",\"buttonText\":\"Meet Kube\",\"buttonUrl\":\"\\/\",\"leftAlignText\":\"\",\"makeShort\":\"\"}},\"82\":{\"type\":\"experienceA\",\"enabled\":\"1\",\"fields\":{\"heading\":\"Sound and functionality that has to be experienced. \",\"details\":\"Don\'t confuse Kube with your Bluetooth speaker. Kube is an all new product that combines audiophile pleasing sound performance with insulated storage in a gorgeous package. No matter where you take Kube, it\'s sure to perform. \",\"tallImage\":[\"162\"],\"wideImage\":[\"165\"],\"halfWidthImage\":[\"164\"],\"secondHeading\":\"Experiences\",\"buttonText\":\"View More\",\"buttonUrl\":\"\\/experiences\"}},\"81\":{\"type\":\"featureList\",\"enabled\":\"1\",\"fields\":{\"list\":[\"76\"]}},\"83\":{\"type\":\"halfTextHalfImage\",\"enabled\":\"1\",\"fields\":{\"heading\":\"BRING KUBE HOME\",\"details\":\"Exceptional, portable sound with insulated storage from $999. Click to preorder your Kube today. \",\"buttonText\":\"BUY\",\"buttonUrl\":\"\\/\",\"solidButton\":\"\",\"image\":[\"163\"],\"imageStyle\":\"wide\"}},\"89\":{\"type\":\"vendorImageList\",\"enabled\":\"1\",\"fields\":{\"vendors\":[\"88\",\"87\",\"86\",\"85\",\"84\"]}}}}}','2015-07-26 23:51:47','2015-07-26 23:51:47','645728af-fabb-4647-a145-db6bf2351101'),(39,2,1,1,'en_us',25,'','{\"typeId\":null,\"authorId\":null,\"title\":\"Home\",\"slug\":\"homepage\",\"postDate\":1435718087,\"expiryDate\":null,\"enabled\":1,\"fields\":{\"3\":{\"68\":{\"type\":\"hero\",\"enabled\":\"1\",\"fields\":{\"backgroundImage\":[\"153\"],\"heading\":\"Huge, portable\\r\\nsound redefined\",\"buttonText\":\"Meet Kube\",\"buttonUrl\":\"\\/\",\"leftAlignText\":\"\",\"makeShort\":\"\"}},\"82\":{\"type\":\"experienceA\",\"enabled\":\"1\",\"fields\":{\"heading\":\"Sound and functionality that has to be experienced. \",\"details\":\"Don\'t confuse Kube with your Bluetooth speaker. Kube is an all new product that combines audiophile pleasing sound performance with insulated storage in a gorgeous package. No matter where you take Kube, it\'s sure to perform. \",\"tallImage\":[\"162\"],\"wideImage\":[\"165\"],\"halfWidthImage\":[\"164\"],\"secondHeading\":\"Experiences\",\"buttonText\":\"View More\",\"buttonUrl\":\"\\/experiences\"}},\"81\":{\"type\":\"featureList\",\"enabled\":\"1\",\"fields\":{\"list\":[\"76\"]}},\"83\":{\"type\":\"halfTextHalfImage\",\"enabled\":\"1\",\"fields\":{\"heading\":\"BRING KUBE HOME\",\"details\":\"Exceptional, portable sound with insulated storage from $999. Click to preorder your Kube today. \",\"buttonText\":\"BUY\",\"buttonUrl\":\"\\/\",\"solidButton\":\"\",\"image\":[\"168\"],\"imageStyle\":\"wide\"}},\"89\":{\"type\":\"vendorImageList\",\"enabled\":\"1\",\"fields\":{\"vendors\":[\"88\",\"87\",\"86\",\"85\",\"84\"]}}}}}','2015-07-26 23:53:12','2015-07-26 23:53:12','71b56299-9cc4-4aef-bb69-2667ec9fe20b'),(40,2,1,1,'en_us',26,'','{\"typeId\":null,\"authorId\":null,\"title\":\"Home\",\"slug\":\"homepage\",\"postDate\":1435718087,\"expiryDate\":null,\"enabled\":1,\"fields\":{\"3\":{\"68\":{\"type\":\"hero\",\"enabled\":\"1\",\"fields\":{\"backgroundImage\":[\"153\"],\"heading\":\"Huge, portable\\r\\nsound redefined\",\"buttonText\":\"Meet Kube\",\"buttonUrl\":\"\\/\",\"leftAlignText\":\"\",\"makeShort\":\"\"}},\"82\":{\"type\":\"experienceA\",\"enabled\":\"1\",\"fields\":{\"heading\":\"Sound and functionality that has to be experienced. \",\"details\":\"Don\'t confuse Kube with your Bluetooth speaker. Kube is an all new product that combines audiophile pleasing sound performance with insulated storage in a gorgeous package. No matter where you take Kube, it\'s sure to perform. \",\"tallImage\":[\"162\"],\"wideImage\":[\"165\"],\"halfWidthImage\":[\"164\"],\"secondHeading\":\"Experiences\",\"buttonText\":\"View More\",\"buttonUrl\":\"\\/experiences\"}},\"81\":{\"type\":\"featureList\",\"enabled\":\"1\",\"fields\":{\"list\":[\"76\"]}},\"83\":{\"type\":\"halfTextHalfImage\",\"enabled\":\"1\",\"fields\":{\"heading\":\"BRING KUBE HOME\",\"details\":\"Exceptional, portable sound with insulated storage from $999. Click to preorder your Kube today. \",\"buttonText\":\"BUY\",\"buttonUrl\":\"\\/\",\"solidButton\":\"\",\"image\":[\"169\"],\"imageStyle\":\"wide\"}},\"89\":{\"type\":\"vendorImageList\",\"enabled\":\"1\",\"fields\":{\"vendors\":[\"88\",\"87\",\"86\",\"85\",\"84\"]}}}}}','2015-07-26 23:55:02','2015-07-26 23:55:02','ed61feba-a97b-4b48-b24a-6105e172a747'),(41,2,1,1,'en_us',27,'','{\"typeId\":null,\"authorId\":null,\"title\":\"Home\",\"slug\":\"homepage\",\"postDate\":1435718087,\"expiryDate\":null,\"enabled\":1,\"fields\":{\"3\":{\"68\":{\"type\":\"hero\",\"enabled\":\"1\",\"fields\":{\"backgroundImage\":[\"153\"],\"heading\":\"Huge, portable\\r\\nsound redefined\",\"buttonText\":\"Meet Kube\",\"buttonUrl\":\"\\/\",\"leftAlignText\":\"\",\"makeShort\":\"\"}},\"82\":{\"type\":\"experienceA\",\"enabled\":\"1\",\"fields\":{\"heading\":\"Sound and functionality that has to be experienced. \",\"details\":\"Don\'t confuse Kube with your Bluetooth speaker. Kube is an all new product that combines audiophile pleasing sound performance with insulated storage in a gorgeous package. No matter where you take Kube, it\'s sure to perform. \",\"tallImage\":[\"162\"],\"wideImage\":[\"165\"],\"halfWidthImage\":[\"164\"],\"secondHeading\":\"Experiences\",\"buttonText\":\"View More\",\"buttonUrl\":\"\\/experiences\"}},\"81\":{\"type\":\"featureList\",\"enabled\":\"1\",\"fields\":{\"list\":[\"76\"]}},\"83\":{\"type\":\"halfTextHalfImage\",\"enabled\":\"1\",\"fields\":{\"heading\":\"Bring Home Kube\",\"details\":\"Exceptional, portable sound with insulated storage from $999. Click to preorder your Kube today. \",\"buttonText\":\"Preorder\",\"buttonUrl\":\"\\/\",\"solidButton\":\"\",\"image\":[\"169\"],\"imageStyle\":\"wide\"}},\"89\":{\"type\":\"vendorImageList\",\"enabled\":\"1\",\"fields\":{\"vendors\":[\"88\",\"87\",\"86\",\"85\",\"84\"]}}}}}','2015-07-26 23:55:56','2015-07-26 23:55:56','ae467656-17e2-4070-a692-f77628d58b38'),(42,2,1,1,'en_us',28,'','{\"typeId\":null,\"authorId\":null,\"title\":\"Home\",\"slug\":\"homepage\",\"postDate\":1435718087,\"expiryDate\":null,\"enabled\":1,\"fields\":{\"3\":{\"68\":{\"type\":\"hero\",\"enabled\":\"1\",\"fields\":{\"backgroundImage\":[\"153\"],\"heading\":\"Huge, portable\\r\\nsound redefined\",\"buttonText\":\"Meet Kube\",\"buttonUrl\":\"\\/\",\"leftAlignText\":\"\",\"makeShort\":\"\"}},\"82\":{\"type\":\"experienceA\",\"enabled\":\"1\",\"fields\":{\"heading\":\"Sound and functionality that has to be experienced. \",\"details\":\"Don\'t confuse Kube with your Bluetooth speaker. Kube is an all new product that combines audiophile pleasing sound performance with insulated storage in a gorgeous package. No matter where you take Kube, it\'s sure to perform. \",\"tallImage\":[\"162\"],\"wideImage\":[\"165\"],\"halfWidthImage\":[\"164\"],\"secondHeading\":\"Kube is inspiring experiences everywhere it goes.\",\"buttonText\":\"View More\",\"buttonUrl\":\"\\/experiences\"}},\"81\":{\"type\":\"featureList\",\"enabled\":\"1\",\"fields\":{\"list\":[\"76\"]}},\"83\":{\"type\":\"halfTextHalfImage\",\"enabled\":\"1\",\"fields\":{\"heading\":\"Bring Home Kube\",\"details\":\"Exceptional, portable sound with insulated storage from $999. Click to preorder your Kube today. \",\"buttonText\":\"Preorder\",\"buttonUrl\":\"\\/\",\"solidButton\":\"\",\"image\":[\"169\"],\"imageStyle\":\"wide\"}},\"89\":{\"type\":\"vendorImageList\",\"enabled\":\"1\",\"fields\":{\"vendors\":[\"88\",\"87\",\"86\",\"85\",\"84\"]}}}}}','2015-07-27 00:06:06','2015-07-27 00:06:06','d148c42f-cb8e-4c94-848e-20787bcd0cec'),(43,2,1,1,'en_us',29,'','{\"typeId\":null,\"authorId\":null,\"title\":\"Home\",\"slug\":\"homepage\",\"postDate\":1435718087,\"expiryDate\":null,\"enabled\":1,\"fields\":{\"3\":{\"68\":{\"type\":\"hero\",\"enabled\":\"1\",\"fields\":{\"backgroundImage\":[\"153\"],\"heading\":\"Huge, portable\\r\\nsound redefined\",\"buttonText\":\"Meet Kube\",\"buttonUrl\":\"\\/\",\"leftAlignText\":\"\",\"makeShort\":\"\"}},\"82\":{\"type\":\"experienceA\",\"enabled\":\"1\",\"fields\":{\"heading\":\"Sound and functionality that has to be experienced. \",\"details\":\"Don\'t confuse Kube with your Bluetooth speaker. Kube is an all new product that combines audiophile pleasing sound performance with insulated storage in a gorgeous package. No matter where you take Kube, it\'s sure to perform. \",\"tallImage\":[\"162\"],\"wideImage\":[\"165\"],\"halfWidthImage\":[\"164\"],\"secondHeading\":\"Wherever you take Kube, you\'re sure to bring the entertainment with you. \",\"buttonText\":\"View More Experiences\",\"buttonUrl\":\"\\/experiences\"}},\"81\":{\"type\":\"featureList\",\"enabled\":\"1\",\"fields\":{\"list\":[\"76\"]}},\"83\":{\"type\":\"halfTextHalfImage\",\"enabled\":\"1\",\"fields\":{\"heading\":\"Bring Home Kube\",\"details\":\"Exceptional, portable sound with insulated storage from $999. Click to preorder your Kube today. \",\"buttonText\":\"Preorder\",\"buttonUrl\":\"\\/\",\"solidButton\":\"\",\"image\":[\"169\"],\"imageStyle\":\"wide\"}},\"89\":{\"type\":\"vendorImageList\",\"enabled\":\"1\",\"fields\":{\"vendors\":[\"88\",\"87\",\"86\",\"85\",\"84\"]}}}}}','2015-07-27 00:14:05','2015-07-27 00:14:05','46409f36-f7b3-4546-ac3b-80b8cddb3ea7'),(44,2,1,1,'en_us',30,'','{\"typeId\":null,\"authorId\":null,\"title\":\"Home\",\"slug\":\"homepage\",\"postDate\":1435718087,\"expiryDate\":null,\"enabled\":1,\"fields\":{\"3\":{\"68\":{\"type\":\"hero\",\"enabled\":\"1\",\"fields\":{\"backgroundImage\":[\"153\"],\"heading\":\"Huge, portable\\r\\nsound redefined\",\"buttonText\":\"Meet Kube\",\"buttonUrl\":\"\\/\",\"leftAlignText\":\"\",\"makeShort\":\"\"}},\"82\":{\"type\":\"experienceA\",\"enabled\":\"1\",\"fields\":{\"heading\":\"Sound and functionality that has to be experienced. \",\"details\":\"Don\'t confuse Kube with your Bluetooth speaker. Kube is an all new product that combines audiophile pleasing sound performance with insulated storage in a gorgeous package. No matter where you take Kube, it\'s sure to perform. \",\"tallImage\":[\"162\"],\"wideImage\":[\"165\"],\"halfWidthImage\":[\"164\"],\"secondHeading\":\"Bring Kube. Bring the Entertainment.\",\"buttonText\":\"View More Experiences\",\"buttonUrl\":\"\\/experiences\"}},\"81\":{\"type\":\"featureList\",\"enabled\":\"1\",\"fields\":{\"list\":[\"76\"]}},\"83\":{\"type\":\"halfTextHalfImage\",\"enabled\":\"1\",\"fields\":{\"heading\":\"Bring Home Kube\",\"details\":\"Exceptional, portable sound with insulated storage from $999. Click to preorder your Kube today. \",\"buttonText\":\"Preorder\",\"buttonUrl\":\"\\/\",\"solidButton\":\"\",\"image\":[\"169\"],\"imageStyle\":\"wide\"}},\"89\":{\"type\":\"vendorImageList\",\"enabled\":\"1\",\"fields\":{\"vendors\":[\"88\",\"87\",\"86\",\"85\",\"84\"]}}}}}','2015-07-27 00:14:58','2015-07-27 00:14:58','fd278bbd-7aad-4a54-8f3f-1fbd95cfbcb0'),(45,2,1,1,'en_us',31,'','{\"typeId\":null,\"authorId\":null,\"title\":\"Home\",\"slug\":\"homepage\",\"postDate\":1435718087,\"expiryDate\":null,\"enabled\":1,\"fields\":{\"3\":{\"68\":{\"type\":\"hero\",\"enabled\":\"1\",\"fields\":{\"backgroundImage\":[\"153\"],\"heading\":\"Huge, portable\\r\\nsound redefined\",\"buttonText\":\"Meet Kube\",\"buttonUrl\":\"\\/\",\"leftAlignText\":\"\",\"makeShort\":\"\"}},\"82\":{\"type\":\"experienceA\",\"enabled\":\"1\",\"fields\":{\"heading\":\"Sound and functionality that has to be experienced. \",\"details\":\"Don\'t confuse Kube with your Bluetooth speaker. Kube is an all new product that combines audiophile pleasing sound performance with insulated storage in a gorgeous package. No matter where you take Kube, it\'s sure to perform. \",\"tallImage\":[\"162\"],\"wideImage\":[\"165\"],\"halfWidthImage\":[\"164\"],\"secondHeading\":\"Bring Kube. Bring the Entertainment.\",\"buttonText\":\"View More Experiences\",\"buttonUrl\":\"\\/experiences\"}},\"81\":{\"type\":\"featureList\",\"enabled\":\"1\",\"fields\":{\"list\":[\"76\"]}},\"83\":{\"type\":\"halfTextHalfImage\",\"enabled\":\"1\",\"fields\":{\"heading\":\"Bring Home Kube\",\"details\":\"Exceptional, portable sound with insulated storage from $999. Click to preorder your Kube today. \",\"buttonText\":\"Preorder\",\"buttonUrl\":\"\\/\",\"solidButton\":\"\",\"image\":[\"169\"],\"imageStyle\":\"wide\"}},\"89\":{\"type\":\"vendorImageList\",\"enabled\":\"1\",\"fields\":{\"vendors\":[\"88\",\"87\",\"86\",\"85\",\"84\"]}}}}}','2015-07-27 00:58:44','2015-07-27 00:58:44','56478f89-5616-4cb7-afa3-ccddf203cbe2'),(46,2,1,1,'en_us',32,'','{\"typeId\":null,\"authorId\":null,\"title\":\"Home\",\"slug\":\"homepage\",\"postDate\":1435718087,\"expiryDate\":null,\"enabled\":1,\"fields\":{\"3\":{\"68\":{\"type\":\"hero\",\"enabled\":\"1\",\"fields\":{\"backgroundImage\":[\"153\"],\"heading\":\"Huge, portable\\r\\nsound redefined\",\"buttonText\":\"Meet Kube\",\"buttonUrl\":\"\\/\",\"leftAlignText\":\"\",\"makeShort\":\"\"}},\"82\":{\"type\":\"experienceA\",\"enabled\":\"1\",\"fields\":{\"heading\":\"Sound and functionality that has to be experienced. \",\"details\":\"Don\'t confuse Kube with your Bluetooth speaker. Kube is an all new product that combines audiophile pleasing sound performance with insulated storage in a gorgeous package. No matter where you take Kube, it\'s sure to perform. \",\"tallImage\":[\"162\"],\"wideImage\":[\"165\"],\"halfWidthImage\":[\"164\"],\"secondHeading\":\"Bring Kube. Bring the Entertainment.\",\"buttonText\":\"View More Experiences\",\"buttonUrl\":\"\\/experiences\"}},\"81\":{\"type\":\"featureList\",\"enabled\":\"1\",\"fields\":{\"list\":[\"76\"]}},\"83\":{\"type\":\"halfTextHalfImage\",\"enabled\":\"1\",\"fields\":{\"heading\":\"Bring Home Kube\",\"details\":\"Exceptional, portable sound with insulated storage from $999. Click to preorder your Kube today. \",\"buttonText\":\"Preorder\",\"buttonUrl\":\"\\/\",\"solidButton\":\"\",\"image\":[\"169\"],\"imageStyle\":\"wide\"}},\"89\":{\"type\":\"vendorImageList\",\"enabled\":\"1\",\"fields\":{\"vendors\":[\"88\",\"87\",\"86\",\"85\",\"84\"]}}}}}','2015-07-27 01:00:19','2015-07-27 01:00:19','abb983fe-1611-4355-855a-29d097bcbc1c'),(47,2,1,1,'en_us',33,'','{\"typeId\":null,\"authorId\":null,\"title\":\"Home\",\"slug\":\"homepage\",\"postDate\":1435718087,\"expiryDate\":null,\"enabled\":1,\"fields\":{\"3\":{\"68\":{\"type\":\"hero\",\"enabled\":\"1\",\"fields\":{\"backgroundImage\":[\"153\"],\"heading\":\"Huge, portable\\r\\nsound redefined\",\"buttonText\":\"Meet Kube\",\"buttonUrl\":\"\\/\",\"leftAlignText\":\"\",\"makeShort\":\"\"}},\"82\":{\"type\":\"experienceA\",\"enabled\":\"1\",\"fields\":{\"heading\":\"Sound and functionality that has to be experienced. \",\"details\":\"Don\'t confuse Kube with your Bluetooth speaker. Kube is an all new product that combines audiophile pleasing sound performance with insulated storage in a gorgeous package. No matter where you take Kube, it\'s sure to perform. \",\"tallImage\":[\"162\"],\"wideImage\":[\"165\"],\"halfWidthImage\":[\"164\"],\"secondHeading\":\"Bring Kube. Bring the Entertainment.\",\"buttonText\":\"View More Experiences\",\"buttonUrl\":\"\\/experiences\"}},\"81\":{\"type\":\"featureList\",\"enabled\":\"1\",\"fields\":{\"list\":[\"76\"]}},\"83\":{\"type\":\"halfTextHalfImage\",\"enabled\":\"1\",\"fields\":{\"heading\":\"Bring Home Kube\",\"details\":\"Exceptional, portable sound with insulated storage from $999. Our first production units begin shipping in January of 2016 but are available for preorder today. Click to reserve yours now. \",\"buttonText\":\"Preorder\",\"buttonUrl\":\"\\/\",\"solidButton\":\"\",\"image\":[\"169\"],\"imageStyle\":\"wide\"}},\"89\":{\"type\":\"vendorImageList\",\"enabled\":\"1\",\"fields\":{\"vendors\":[\"88\",\"87\",\"86\",\"85\",\"84\"]}}}}}','2015-07-27 01:01:18','2015-07-27 01:01:18','ea1a0aa1-9efd-41f1-92fb-7d7a3f20033d'),(48,2,1,1,'en_us',34,'','{\"typeId\":null,\"authorId\":null,\"title\":\"Home\",\"slug\":\"homepage\",\"postDate\":1435718087,\"expiryDate\":null,\"enabled\":1,\"fields\":{\"3\":{\"68\":{\"type\":\"hero\",\"enabled\":\"1\",\"fields\":{\"backgroundImage\":[\"153\"],\"heading\":\"Huge, portable\\r\\nsound redefined\",\"buttonText\":\"Meet Kube\",\"buttonUrl\":\"\\/\",\"leftAlignText\":\"\",\"makeShort\":\"\"}},\"82\":{\"type\":\"experienceA\",\"enabled\":\"1\",\"fields\":{\"heading\":\"Sound and functionality that has to be experienced. \",\"details\":\"Don\'t confuse Kube with your Bluetooth speaker. Kube is an all new product that combines audiophile pleasing sound performance with insulated storage in a gorgeous package. No matter where you take Kube, it\'s sure to perform. \",\"tallImage\":[\"162\"],\"wideImage\":[\"165\"],\"halfWidthImage\":[\"164\"],\"secondHeading\":\"Bring Kube. Bring the Entertainment.\",\"buttonText\":\"View More Experiences\",\"buttonUrl\":\"\\/experiences\"}},\"81\":{\"type\":\"featureList\",\"enabled\":\"1\",\"fields\":{\"list\":[\"76\"]}},\"new2\":{\"type\":\"wideImage\",\"enabled\":\"1\",\"fields\":{\"image\":[\"151\"]}},\"83\":{\"type\":\"halfTextHalfImage\",\"enabled\":\"1\",\"fields\":{\"heading\":\"Bring Home Kube\",\"details\":\"Exceptional, portable sound with insulated storage from $999. Our first production units begin shipping in January of 2016 but are available for preorder today. Click to reserve yours now. \",\"buttonText\":\"Preorder\",\"buttonUrl\":\"\\/\",\"solidButton\":\"\",\"image\":[\"169\"],\"imageStyle\":\"wide\"}},\"89\":{\"type\":\"vendorImageList\",\"enabled\":\"1\",\"fields\":{\"vendors\":[\"88\",\"87\",\"86\",\"85\",\"84\"]}}}}}','2015-07-27 01:08:12','2015-07-27 01:08:12','53e6e948-4314-418d-bbdb-d8d961704dc9'),(49,2,1,1,'en_us',35,'','{\"typeId\":null,\"authorId\":null,\"title\":\"Home\",\"slug\":\"homepage\",\"postDate\":1435718087,\"expiryDate\":null,\"enabled\":1,\"fields\":{\"3\":{\"68\":{\"type\":\"hero\",\"enabled\":\"1\",\"fields\":{\"backgroundImage\":[\"153\"],\"heading\":\"Huge, portable\\r\\nsound redefined\",\"buttonText\":\"Meet Kube\",\"buttonUrl\":\"\\/\",\"leftAlignText\":\"\",\"makeShort\":\"\"}},\"82\":{\"type\":\"experienceA\",\"enabled\":\"1\",\"fields\":{\"heading\":\"Sound and functionality that has to be experienced. \",\"details\":\"Don\'t confuse Kube with your Bluetooth speaker. Kube is an all new product that combines audiophile pleasing sound performance with insulated storage in a gorgeous package. No matter where you take Kube, it\'s sure to perform. \",\"tallImage\":[\"162\"],\"wideImage\":[\"165\"],\"halfWidthImage\":[\"164\"],\"secondHeading\":\"Bring Kube. Bring the Entertainment.\",\"buttonText\":\"View More Experiences\",\"buttonUrl\":\"\\/experiences\"}},\"81\":{\"type\":\"featureList\",\"enabled\":\"1\",\"fields\":{\"list\":[\"76\"]}},\"185\":{\"type\":\"wideImage\",\"enabled\":\"1\",\"fields\":{\"image\":[\"186\"]}},\"83\":{\"type\":\"halfTextHalfImage\",\"enabled\":\"1\",\"fields\":{\"heading\":\"Bring Home Kube\",\"details\":\"Exceptional, portable sound with insulated storage from $999. Our first production units begin shipping in January of 2016 but are available for preorder today. Click to reserve yours now. \",\"buttonText\":\"Preorder\",\"buttonUrl\":\"\\/\",\"solidButton\":\"\",\"image\":[\"169\"],\"imageStyle\":\"wide\"}},\"89\":{\"type\":\"vendorImageList\",\"enabled\":\"1\",\"fields\":{\"vendors\":[\"88\",\"87\",\"86\",\"85\",\"84\"]}}}}}','2015-07-27 01:16:55','2015-07-27 01:16:55','cd4e9030-070b-4ad0-8d8b-076c13f53fdc'),(50,2,1,1,'en_us',36,'','{\"typeId\":null,\"authorId\":null,\"title\":\"Home\",\"slug\":\"homepage\",\"postDate\":1435718087,\"expiryDate\":null,\"enabled\":1,\"fields\":{\"3\":{\"68\":{\"type\":\"hero\",\"enabled\":\"1\",\"fields\":{\"backgroundImage\":[\"153\"],\"heading\":\"Huge, portable\\r\\nsound redefined\",\"buttonText\":\"Meet Kube\",\"buttonUrl\":\"\\/\",\"leftAlignText\":\"\",\"makeShort\":\"\"}},\"82\":{\"type\":\"experienceA\",\"enabled\":\"1\",\"fields\":{\"heading\":\"Sound and functionality that has to be experienced. \",\"details\":\"Don\'t confuse Kube with your Bluetooth speaker. Kube is an all new product that combines audiophile pleasing sound performance with insulated storage in a gorgeous package. No matter where you take Kube, it\'s sure to perform. \",\"tallImage\":[\"162\"],\"wideImage\":[\"165\"],\"halfWidthImage\":[\"164\"],\"secondHeading\":\"Bring Kube. Bring the Entertainment.\",\"buttonText\":\"View More Experiences\",\"buttonUrl\":\"\\/experiences\"}},\"new1\":{\"type\":\"wideImage\",\"enabled\":\"1\",\"fields\":{\"image\":[\"187\"]}},\"81\":{\"type\":\"featureList\",\"enabled\":\"1\",\"fields\":{\"list\":[\"76\"]}},\"185\":{\"type\":\"wideImage\",\"enabled\":\"1\",\"fields\":{\"image\":[\"186\"]}},\"83\":{\"type\":\"halfTextHalfImage\",\"enabled\":\"1\",\"fields\":{\"heading\":\"Bring Home Kube\",\"details\":\"Exceptional, portable sound with insulated storage from $999. Our first production units begin shipping in January of 2016 but are available for preorder today. Click to reserve yours now. \",\"buttonText\":\"Preorder\",\"buttonUrl\":\"\\/\",\"solidButton\":\"\",\"image\":[\"169\"],\"imageStyle\":\"wide\"}},\"89\":{\"type\":\"vendorImageList\",\"enabled\":\"1\",\"fields\":{\"vendors\":[\"88\",\"87\",\"86\",\"85\",\"84\"]}}}}}','2015-07-27 01:42:53','2015-07-27 01:42:53','adf7c909-6422-4370-98a8-8c9200211154'),(51,2,1,1,'en_us',37,'','{\"typeId\":null,\"authorId\":null,\"title\":\"Home\",\"slug\":\"homepage\",\"postDate\":1435718087,\"expiryDate\":null,\"enabled\":1,\"fields\":{\"3\":{\"68\":{\"type\":\"hero\",\"enabled\":\"1\",\"fields\":{\"backgroundImage\":[\"153\"],\"heading\":\"Huge, portable\\r\\nsound redefined\",\"buttonText\":\"Meet Kube\",\"buttonUrl\":\"\\/\",\"leftAlignText\":\"1\",\"makeShort\":\"\"}},\"82\":{\"type\":\"experienceA\",\"enabled\":\"1\",\"fields\":{\"heading\":\"Sound and functionality that has to be experienced. \",\"details\":\"Don\'t confuse Kube with your Bluetooth speaker. Kube is an all new product that combines audiophile pleasing sound performance with insulated storage in a gorgeous package. No matter where you take Kube, it\'s sure to perform. \",\"tallImage\":[\"162\"],\"wideImage\":[\"165\"],\"halfWidthImage\":[\"164\"],\"secondHeading\":\"Bring Kube. Bring the Entertainment.\",\"buttonText\":\"View More Experiences\",\"buttonUrl\":\"\\/experiences\"}},\"188\":{\"type\":\"wideImage\",\"enabled\":\"1\",\"fields\":{\"image\":[\"187\"]}},\"81\":{\"type\":\"featureList\",\"enabled\":\"1\",\"fields\":{\"list\":[\"76\"]}},\"185\":{\"type\":\"wideImage\",\"enabled\":\"1\",\"fields\":{\"image\":[\"186\"]}},\"83\":{\"type\":\"halfTextHalfImage\",\"enabled\":\"1\",\"fields\":{\"heading\":\"Bring Home Kube\",\"details\":\"Exceptional, portable sound with insulated storage from $999. Our first production units begin shipping in January of 2016 but are available for preorder today. Click to reserve yours now. \",\"buttonText\":\"Preorder\",\"buttonUrl\":\"\\/\",\"solidButton\":\"\",\"image\":[\"169\"],\"imageStyle\":\"wide\"}},\"89\":{\"type\":\"vendorImageList\",\"enabled\":\"1\",\"fields\":{\"vendors\":[\"88\",\"87\",\"86\",\"85\",\"84\"]}}}}}','2015-07-27 02:15:36','2015-07-27 02:15:36','3be28c07-698e-4c76-a751-87e5b55a5ad6'),(52,2,1,1,'en_us',38,'','{\"typeId\":null,\"authorId\":null,\"title\":\"Home\",\"slug\":\"homepage\",\"postDate\":1435718087,\"expiryDate\":null,\"enabled\":1,\"fields\":{\"3\":{\"68\":{\"type\":\"hero\",\"enabled\":\"1\",\"fields\":{\"backgroundImage\":[\"153\"],\"heading\":\"Huge, portable\\r\\nsound redefined\",\"buttonText\":\"Meet Kube\",\"buttonUrl\":\"\\/\",\"leftAlignText\":\"\",\"makeShort\":\"\"}},\"82\":{\"type\":\"experienceA\",\"enabled\":\"1\",\"fields\":{\"heading\":\"Sound and functionality that has to be experienced. \",\"details\":\"Don\'t confuse Kube with your Bluetooth speaker. Kube is an all new product that combines audiophile pleasing sound performance with insulated storage in a gorgeous package. No matter where you take Kube, it\'s sure to perform. \",\"tallImage\":[\"162\"],\"wideImage\":[\"165\"],\"halfWidthImage\":[\"164\"],\"secondHeading\":\"Bring Kube. Bring the Entertainment.\",\"buttonText\":\"View More Experiences\",\"buttonUrl\":\"\\/experiences\"}},\"188\":{\"type\":\"wideImage\",\"enabled\":\"1\",\"fields\":{\"image\":[\"187\"]}},\"81\":{\"type\":\"featureList\",\"enabled\":\"1\",\"fields\":{\"list\":[\"76\"]}},\"185\":{\"type\":\"wideImage\",\"enabled\":\"1\",\"fields\":{\"image\":[\"186\"]}},\"83\":{\"type\":\"halfTextHalfImage\",\"enabled\":\"1\",\"fields\":{\"heading\":\"Bring Home Kube\",\"details\":\"Exceptional, portable sound with insulated storage from $999. Our first production units begin shipping in January of 2016 but are available for preorder today. Click to reserve yours now. \",\"buttonText\":\"Preorder\",\"buttonUrl\":\"\\/\",\"solidButton\":\"\",\"image\":[\"169\"],\"imageStyle\":\"wide\"}},\"89\":{\"type\":\"vendorImageList\",\"enabled\":\"1\",\"fields\":{\"vendors\":[\"88\",\"87\",\"86\",\"85\",\"84\"]}}}}}','2015-07-27 02:17:12','2015-07-27 02:17:12','0c7edd36-6861-4c3d-861d-33f2d019cf5b'),(53,2,1,1,'en_us',39,'','{\"typeId\":null,\"authorId\":null,\"title\":\"Home\",\"slug\":\"homepage\",\"postDate\":1435718087,\"expiryDate\":null,\"enabled\":1,\"fields\":{\"3\":{\"68\":{\"type\":\"hero\",\"enabled\":\"1\",\"fields\":{\"backgroundImage\":[\"153\"],\"heading\":\"Huge, portable\\r\\nsound redefined\",\"buttonText\":\"Meet Kube\",\"buttonUrl\":\"\\/\",\"leftAlignText\":\"\",\"makeShort\":\"\"}},\"82\":{\"type\":\"experienceA\",\"enabled\":\"1\",\"fields\":{\"heading\":\"Sound and functionality that has to be experienced. \",\"details\":\"Don\'t confuse Kube with your Bluetooth speaker. Kube is an all new product that combines audiophile pleasing sound performance with insulated storage in a gorgeous package. No matter where you take Kube, it\'s sure to perform. \",\"tallImage\":[\"162\"],\"wideImage\":[\"165\"],\"halfWidthImage\":[\"164\"],\"secondHeading\":\"Bring Kube. Bring the Entertainment.\",\"buttonText\":\"View More Experiences\",\"buttonUrl\":\"\\/experiences\"}},\"188\":{\"type\":\"wideImage\",\"enabled\":\"1\",\"fields\":{\"image\":[\"187\"]}},\"185\":{\"type\":\"wideImage\",\"enabled\":\"1\",\"fields\":{\"image\":[\"186\"]}},\"81\":{\"type\":\"featureList\",\"enabled\":\"1\",\"fields\":{\"list\":[\"76\"]}},\"83\":{\"type\":\"halfTextHalfImage\",\"enabled\":\"1\",\"fields\":{\"heading\":\"Bring Home Kube\",\"details\":\"Exceptional, portable sound with insulated storage from $999. Our first production units begin shipping in January of 2016 but are available for preorder today. Click to reserve yours now. \",\"buttonText\":\"Preorder\",\"buttonUrl\":\"\\/\",\"solidButton\":\"\",\"image\":[\"169\"],\"imageStyle\":\"wide\"}},\"89\":{\"type\":\"vendorImageList\",\"enabled\":\"1\",\"fields\":{\"vendors\":[\"88\",\"87\",\"86\",\"85\",\"84\"]}}}}}','2015-07-27 02:19:45','2015-07-27 02:19:45','9ebdba37-f428-4bc0-85df-709f01cdc3b4'),(54,2,1,1,'en_us',40,'','{\"typeId\":null,\"authorId\":null,\"title\":\"Home\",\"slug\":\"homepage\",\"postDate\":1435718087,\"expiryDate\":null,\"enabled\":1,\"fields\":{\"3\":{\"68\":{\"type\":\"hero\",\"enabled\":\"1\",\"fields\":{\"backgroundImage\":[\"153\"],\"heading\":\"Huge, portable\\r\\nsound redefined\",\"buttonText\":\"Meet Kube\",\"buttonUrl\":\"\\/\",\"leftAlignText\":\"\",\"makeShort\":\"\"}},\"82\":{\"type\":\"experienceA\",\"enabled\":\"1\",\"fields\":{\"heading\":\"Sound and functionality that has to be experienced. \",\"details\":\"Don\'t confuse Kube with your Bluetooth speaker. Kube is an all new product that combines audiophile pleasing sound performance with insulated storage in a gorgeous package. No matter where you take Kube, it\'s sure to perform. \",\"tallImage\":[\"162\"],\"wideImage\":[\"165\"],\"halfWidthImage\":[\"164\"],\"secondHeading\":\"Bring Kube. Bring the Entertainment.\",\"buttonText\":\"View More Experiences\",\"buttonUrl\":\"\\/experiences\"}},\"185\":{\"type\":\"wideImage\",\"enabled\":\"1\",\"fields\":{\"image\":[\"186\"]}},\"81\":{\"type\":\"featureList\",\"enabled\":\"1\",\"fields\":{\"list\":[\"76\"]}},\"188\":{\"type\":\"wideImage\",\"enabled\":\"1\",\"fields\":{\"image\":[\"187\"]}},\"83\":{\"type\":\"halfTextHalfImage\",\"enabled\":\"1\",\"fields\":{\"heading\":\"Bring Home Kube\",\"details\":\"Exceptional, portable sound with insulated storage from $999. Our first production units begin shipping in January of 2016 but are available for preorder today. Click to reserve yours now. \",\"buttonText\":\"Preorder\",\"buttonUrl\":\"\\/\",\"solidButton\":\"\",\"image\":[\"169\"],\"imageStyle\":\"wide\"}},\"89\":{\"type\":\"vendorImageList\",\"enabled\":\"1\",\"fields\":{\"vendors\":[\"88\",\"87\",\"86\",\"85\",\"84\"]}},\"new1\":{\"type\":\"wideImage\",\"enabled\":\"1\",\"fields\":{\"image\":[\"151\"]}}}}}','2015-07-27 02:20:36','2015-07-27 02:20:36','92143829-6391-4211-973f-8de13e2f8e92'),(55,2,1,1,'en_us',41,'','{\"typeId\":null,\"authorId\":null,\"title\":\"Home\",\"slug\":\"homepage\",\"postDate\":1435718087,\"expiryDate\":null,\"enabled\":1,\"fields\":{\"3\":{\"68\":{\"type\":\"hero\",\"enabled\":\"1\",\"fields\":{\"backgroundImage\":[\"153\"],\"heading\":\"Huge, portable\\r\\nsound redefined\",\"buttonText\":\"Meet Kube\",\"buttonUrl\":\"\\/\",\"leftAlignText\":\"\",\"makeShort\":\"\"}},\"82\":{\"type\":\"experienceA\",\"enabled\":\"1\",\"fields\":{\"heading\":\"Sound and functionality that has to be experienced. \",\"details\":\"Don\'t confuse Kube with your Bluetooth speaker. Kube is an all new product that combines audiophile pleasing sound performance with insulated storage in a gorgeous package. No matter where you take Kube, it\'s sure to perform. \",\"tallImage\":[\"162\"],\"wideImage\":[\"165\"],\"halfWidthImage\":[\"164\"],\"secondHeading\":\"Bring Kube. Bring the Entertainment.\",\"buttonText\":\"View More Experiences\",\"buttonUrl\":\"\\/experiences\"}},\"185\":{\"type\":\"wideImage\",\"enabled\":\"1\",\"fields\":{\"image\":[\"186\"]}},\"81\":{\"type\":\"featureList\",\"enabled\":\"1\",\"fields\":{\"list\":[\"76\"]}},\"188\":{\"type\":\"wideImage\",\"enabled\":\"1\",\"fields\":{\"image\":[\"187\"]}},\"83\":{\"type\":\"halfTextHalfImage\",\"enabled\":\"1\",\"fields\":{\"heading\":\"Bring Home Kube\",\"details\":\"Exceptional, portable sound with insulated storage from $999. Our first production units begin shipping in January of 2016 but are available for preorder today. Click to reserve yours now. \",\"buttonText\":\"Preorder\",\"buttonUrl\":\"\\/\",\"solidButton\":\"\",\"image\":[\"169\"],\"imageStyle\":\"wide\"}},\"89\":{\"type\":\"vendorImageList\",\"enabled\":\"1\",\"fields\":{\"vendors\":[\"88\",\"87\",\"86\",\"85\",\"84\"]}}}}}','2015-07-27 02:21:03','2015-07-27 02:21:03','04f9d010-e65b-4b5e-8f28-82b68ac58440'),(56,2,1,189,'en_us',42,'','{\"typeId\":null,\"authorId\":null,\"title\":\"Home\",\"slug\":\"homepage\",\"postDate\":1435718087,\"expiryDate\":null,\"enabled\":1,\"fields\":{\"3\":{\"68\":{\"type\":\"hero\",\"enabled\":\"1\",\"fields\":{\"backgroundImage\":[\"153\"],\"heading\":\"Entertainment: Reimagined\",\"buttonText\":\"Meet Kube\",\"buttonUrl\":\"\\/\",\"leftAlignText\":\"\",\"makeShort\":\"\"}},\"82\":{\"type\":\"experienceA\",\"enabled\":\"1\",\"fields\":{\"heading\":\"Sound and functionality that has to be experienced. \",\"details\":\"Don\'t confuse Kube with your Bluetooth speaker. Kube is an all new product that combines audiophile pleasing sound performance with insulated storage in a gorgeous package. No matter where you take Kube, it\'s sure to perform. \",\"tallImage\":[\"162\"],\"wideImage\":[\"165\"],\"halfWidthImage\":[\"164\"],\"secondHeading\":\"Bring Kube. Bring the Entertainment.\",\"buttonText\":\"View More Experiences\",\"buttonUrl\":\"\\/experiences\"}},\"185\":{\"type\":\"wideImage\",\"enabled\":\"1\",\"fields\":{\"image\":[\"186\"]}},\"81\":{\"type\":\"featureList\",\"enabled\":\"1\",\"fields\":{\"list\":[\"76\"]}},\"188\":{\"type\":\"wideImage\",\"enabled\":\"1\",\"fields\":{\"image\":[\"187\"]}},\"83\":{\"type\":\"halfTextHalfImage\",\"enabled\":\"1\",\"fields\":{\"heading\":\"Bring Home Kube\",\"details\":\"Exceptional, portable sound with insulated storage from $999. Our first production units begin shipping in January of 2016 but are available for preorder today. Click to reserve yours now. \",\"buttonText\":\"Preorder\",\"buttonUrl\":\"\\/\",\"solidButton\":\"\",\"image\":[\"169\"],\"imageStyle\":\"wide\"}},\"89\":{\"type\":\"vendorImageList\",\"enabled\":\"1\",\"fields\":{\"vendors\":[\"88\",\"87\",\"86\",\"85\",\"84\"]}}}}}','2015-07-27 03:18:27','2015-07-27 03:18:27','c7020c81-8664-4dfc-b757-88e1092ab844'),(57,2,1,189,'en_us',43,'','{\"typeId\":null,\"authorId\":null,\"title\":\"Home\",\"slug\":\"homepage\",\"postDate\":1435718087,\"expiryDate\":null,\"enabled\":1,\"fields\":{\"3\":{\"68\":{\"type\":\"hero\",\"enabled\":\"1\",\"fields\":{\"backgroundImage\":[\"153\"],\"heading\":\"Entertainment: Reimagined\",\"buttonText\":\"Meet Kube\",\"buttonUrl\":\"\\/\",\"leftAlignText\":\"\",\"makeShort\":\"\"}},\"82\":{\"type\":\"experienceA\",\"enabled\":\"1\",\"fields\":{\"heading\":\"Massive sound and functionality that has to be experienced. \",\"details\":\"Don\'t confuse Kube with your Bluetooth speaker. Kube is an all new product that combines earth-shaking sound while providing utility, in a gorgeous package. No matter where you take Kube, you\'ll entertain like never before.\",\"tallImage\":[\"162\"],\"wideImage\":[\"165\"],\"halfWidthImage\":[\"164\"],\"secondHeading\":\"Bring Kube. Bring the Entertainment.\",\"buttonText\":\"View More Experiences\",\"buttonUrl\":\"\\/experiences\"}},\"185\":{\"type\":\"wideImage\",\"enabled\":\"1\",\"fields\":{\"image\":[\"186\"]}},\"81\":{\"type\":\"featureList\",\"enabled\":\"1\",\"fields\":{\"list\":[\"76\"]}},\"188\":{\"type\":\"wideImage\",\"enabled\":\"1\",\"fields\":{\"image\":[\"187\"]}},\"83\":{\"type\":\"halfTextHalfImage\",\"enabled\":\"1\",\"fields\":{\"heading\":\"Bring Home Kube\",\"details\":\"Exceptional, portable sound with insulated storage from $999. Our first production units begin shipping in January of 2016 but are available for preorder today. Click to reserve yours now. \",\"buttonText\":\"Preorder\",\"buttonUrl\":\"\\/\",\"solidButton\":\"\",\"image\":[\"169\"],\"imageStyle\":\"wide\"}},\"89\":{\"type\":\"vendorImageList\",\"enabled\":\"1\",\"fields\":{\"vendors\":[\"88\",\"87\",\"86\",\"85\",\"84\"]}}}}}','2015-07-27 03:23:30','2015-07-27 03:23:30','870994b8-6e90-4b7b-9cf6-0016d9967570'),(58,2,1,189,'en_us',44,'','{\"typeId\":null,\"authorId\":null,\"title\":\"Home\",\"slug\":\"homepage\",\"postDate\":1435718087,\"expiryDate\":null,\"enabled\":1,\"fields\":{\"3\":{\"68\":{\"type\":\"hero\",\"enabled\":\"1\",\"fields\":{\"backgroundImage\":[\"153\"],\"heading\":\"Entertainment: Reimagined\",\"buttonText\":\"Meet Kube\",\"buttonUrl\":\"\\/\",\"leftAlignText\":\"\",\"makeShort\":\"\"}},\"82\":{\"type\":\"experienceA\",\"enabled\":\"1\",\"fields\":{\"heading\":\"Massive sound and functionality that has to be experienced. \",\"details\":\"Don\'t confuse Kube with your Bluetooth speaker. Kube is an all new product that combines earth-shaking sound while providing utility, in a gorgeous package. No matter where you take Kube, you\'ll entertain like never before.\",\"tallImage\":[\"162\"],\"wideImage\":[\"165\"],\"halfWidthImage\":[\"164\"],\"secondHeading\":\"Bring Kube. Bring the Entertainment.\",\"buttonText\":\"View More Experiences\",\"buttonUrl\":\"\\/experiences\"}},\"185\":{\"type\":\"wideImage\",\"enabled\":\"1\",\"fields\":{\"image\":[\"186\"]}},\"81\":{\"type\":\"featureList\",\"enabled\":\"1\",\"fields\":{\"list\":[\"76\"]}},\"188\":{\"type\":\"wideImage\",\"enabled\":\"1\",\"fields\":{\"image\":[\"187\"]}},\"83\":{\"type\":\"halfTextHalfImage\",\"enabled\":\"1\",\"fields\":{\"heading\":\"Bring Home Kube\",\"details\":\"Kube is available at $1499 MSRP. Our first production units begin shipping in January of 2016 but are available for preorder today. Click to reserve yours now\",\"buttonText\":\"Preorder\",\"buttonUrl\":\"\\/\",\"solidButton\":\"\",\"image\":[\"169\"],\"imageStyle\":\"wide\"}},\"89\":{\"type\":\"vendorImageList\",\"enabled\":\"1\",\"fields\":{\"vendors\":[\"88\",\"87\",\"86\",\"85\",\"84\"]}}}}}','2015-07-27 03:32:19','2015-07-27 03:32:19','7ebadb57-22b2-4af3-9108-938e0145454e'),(59,2,1,189,'en_us',45,'','{\"typeId\":null,\"authorId\":null,\"title\":\"Home\",\"slug\":\"homepage\",\"postDate\":1435718087,\"expiryDate\":null,\"enabled\":1,\"fields\":{\"3\":{\"68\":{\"type\":\"hero\",\"enabled\":\"1\",\"fields\":{\"backgroundImage\":[\"153\"],\"heading\":\"Entertainment: Reimagined\",\"buttonText\":\"Meet Kube\",\"buttonUrl\":\"\\/\",\"leftAlignText\":\"\",\"makeShort\":\"\"}},\"82\":{\"type\":\"experienceA\",\"enabled\":\"1\",\"fields\":{\"heading\":\"Massive sound and functionality that has to be experienced. \",\"details\":\"Don\'t confuse Kube with your Bluetooth speaker. Kube is an all new product that combines earth-shaking sound while providing utility, in a gorgeous package. No matter where you take Kube, you\'ll entertain like never before.\",\"tallImage\":[\"162\"],\"wideImage\":[\"165\"],\"halfWidthImage\":[\"164\"],\"secondHeading\":\"Bring Kube. Bring the Entertainment.\",\"buttonText\":\"View More Experiences\",\"buttonUrl\":\"\\/experiences\"}},\"185\":{\"type\":\"wideImage\",\"enabled\":\"1\",\"fields\":{\"image\":[\"186\"]}},\"81\":{\"type\":\"featureList\",\"enabled\":\"1\",\"fields\":{\"list\":[\"76\"]}},\"188\":{\"type\":\"wideImage\",\"enabled\":\"1\",\"fields\":{\"image\":[\"187\"]}},\"83\":{\"type\":\"halfTextHalfImage\",\"enabled\":\"1\",\"fields\":{\"heading\":\"Bring Home KUBE\",\"details\":\"Kube is available at $1499 MSRP. Our first production units begin shipping in January of 2016 but are available for preorder today. Click to reserve yours now\",\"buttonText\":\"Preorder\",\"buttonUrl\":\"\\/\",\"solidButton\":\"\",\"image\":[\"169\"],\"imageStyle\":\"wide\"}},\"89\":{\"type\":\"vendorImageList\",\"enabled\":\"1\",\"fields\":{\"vendors\":[\"88\",\"87\",\"86\",\"85\",\"84\"]}}}}}','2015-07-27 03:34:15','2015-07-27 03:34:15','8aa890b2-ce90-4c6e-a758-3fec072c93d8'),(60,2,1,189,'en_us',46,'','{\"typeId\":null,\"authorId\":null,\"title\":\"Home\",\"slug\":\"homepage\",\"postDate\":1435718087,\"expiryDate\":null,\"enabled\":1,\"fields\":{\"3\":{\"68\":{\"type\":\"hero\",\"enabled\":\"1\",\"fields\":{\"backgroundImage\":[\"153\"],\"heading\":\"Entertainment: Reimagined\",\"buttonText\":\"Meet KUBE\",\"buttonUrl\":\"\\/\",\"leftAlignText\":\"\",\"makeShort\":\"\"}},\"82\":{\"type\":\"experienceA\",\"enabled\":\"1\",\"fields\":{\"heading\":\"Massive sound and functionality that has to be experienced. \",\"details\":\"Don\'t confuse Kube with your Bluetooth speaker. Kube is an all new product that combines earth-shaking sound while providing utility, in a gorgeous package. No matter where you take Kube, you\'ll entertain like never before.\",\"tallImage\":[\"162\"],\"wideImage\":[\"165\"],\"halfWidthImage\":[\"164\"],\"secondHeading\":\"Bring Kube. Bring the Entertainment.\",\"buttonText\":\"View More Experiences\",\"buttonUrl\":\"\\/experiences\"}},\"185\":{\"type\":\"wideImage\",\"enabled\":\"1\",\"fields\":{\"image\":[\"186\"]}},\"81\":{\"type\":\"featureList\",\"enabled\":\"1\",\"fields\":{\"list\":[\"76\"]}},\"188\":{\"type\":\"wideImage\",\"enabled\":\"1\",\"fields\":{\"image\":[\"187\"]}},\"83\":{\"type\":\"halfTextHalfImage\",\"enabled\":\"1\",\"fields\":{\"heading\":\"Bring Home KUBE\",\"details\":\"Kube is available at $1499 MSRP. Our first production units begin shipping in January of 2016 but are available for preorder today. Click to reserve yours now\",\"buttonText\":\"Preorder\",\"buttonUrl\":\"\\/\",\"solidButton\":\"\",\"image\":[\"169\"],\"imageStyle\":\"wide\"}},\"89\":{\"type\":\"vendorImageList\",\"enabled\":\"1\",\"fields\":{\"vendors\":[\"88\",\"87\",\"86\",\"85\",\"84\"]}}}}}','2015-07-27 03:34:49','2015-07-27 03:34:49','0f870c45-ad5e-4f59-a3e4-c9f640f15478'),(61,2,1,189,'en_us',47,'','{\"typeId\":null,\"authorId\":null,\"title\":\"Home\",\"slug\":\"homepage\",\"postDate\":1435718087,\"expiryDate\":null,\"enabled\":1,\"fields\":{\"3\":{\"68\":{\"type\":\"hero\",\"enabled\":\"1\",\"fields\":{\"backgroundImage\":[\"153\"],\"heading\":\"Entertainment: Reimagined\",\"buttonText\":\"Meet KUBE\",\"buttonUrl\":\"\\/\",\"leftAlignText\":\"\",\"makeShort\":\"\"}},\"82\":{\"type\":\"experienceA\",\"enabled\":\"1\",\"fields\":{\"heading\":\"Massive sound and functionality that has to be experienced. \",\"details\":\"Don\'t confuse Kube with your Bluetooth speaker. Kube is an all new product that combines earth-shaking sound while providing utility, in a gorgeous package. No matter where you take Kube, you\'ll entertain like never before.\",\"tallImage\":[\"162\"],\"wideImage\":[\"165\"],\"halfWidthImage\":[\"164\"],\"secondHeading\":\"Bring Kube. Bring the Entertainment.\",\"buttonText\":\"View More Experiences\",\"buttonUrl\":\"\\/experiences\"}},\"185\":{\"type\":\"wideImage\",\"enabled\":\"1\",\"fields\":{\"image\":[\"186\"]}},\"81\":{\"type\":\"featureList\",\"enabled\":\"1\",\"fields\":{\"list\":[\"76\"]}},\"188\":{\"type\":\"wideImage\",\"enabled\":\"1\",\"fields\":{\"image\":[\"187\"]}},\"83\":{\"type\":\"halfTextHalfImage\",\"enabled\":\"1\",\"fields\":{\"heading\":\"Bring Home Kub\",\"details\":\"Kube is available at $1499 MSRP. Our first production units begin shipping in January of 2016 but are available for preorder today. Click to reserve yours now\",\"buttonText\":\"Preorder\",\"buttonUrl\":\"\\/\",\"solidButton\":\"\",\"image\":[\"169\"],\"imageStyle\":\"wide\"}},\"89\":{\"type\":\"vendorImageList\",\"enabled\":\"1\",\"fields\":{\"vendors\":[\"88\",\"87\",\"86\",\"85\",\"84\"]}}}}}','2015-07-27 03:35:19','2015-07-27 03:35:19','ce7ea081-e113-4022-b4df-5629abb418e6'),(62,2,1,189,'en_us',48,'','{\"typeId\":null,\"authorId\":null,\"title\":\"Home\",\"slug\":\"homepage\",\"postDate\":1435718087,\"expiryDate\":null,\"enabled\":1,\"fields\":{\"3\":{\"68\":{\"type\":\"hero\",\"enabled\":\"1\",\"fields\":{\"backgroundImage\":[\"153\"],\"heading\":\"Entertainment: Reimagined\",\"buttonText\":\"Meet KUBE\",\"buttonUrl\":\"\\/\",\"leftAlignText\":\"\",\"makeShort\":\"\"}},\"82\":{\"type\":\"experienceA\",\"enabled\":\"1\",\"fields\":{\"heading\":\"Massive sound and functionality that has to be experienced. \",\"details\":\"Don\'t confuse Kube with your Bluetooth speaker. Kube is an all new product that combines earth-shaking sound while providing utility, in a gorgeous package. No matter where you take Kube, you\'ll entertain like never before.\",\"tallImage\":[\"162\"],\"wideImage\":[\"165\"],\"halfWidthImage\":[\"164\"],\"secondHeading\":\"Bring Kube. Bring the Entertainment.\",\"buttonText\":\"View More Experiences\",\"buttonUrl\":\"\\/experiences\"}},\"185\":{\"type\":\"wideImage\",\"enabled\":\"1\",\"fields\":{\"image\":[\"186\"]}},\"81\":{\"type\":\"featureList\",\"enabled\":\"1\",\"fields\":{\"list\":[\"76\"]}},\"188\":{\"type\":\"wideImage\",\"enabled\":\"1\",\"fields\":{\"image\":[\"187\"]}},\"83\":{\"type\":\"halfTextHalfImage\",\"enabled\":\"1\",\"fields\":{\"heading\":\"Bring Home Kube\",\"details\":\"Kube is available at $1499 MSRP. Our first production units begin shipping in January of 2016 but are available for preorder today. Click to reserve yours now\",\"buttonText\":\"Preorder\",\"buttonUrl\":\"\\/\",\"solidButton\":\"\",\"image\":[\"169\"],\"imageStyle\":\"wide\"}},\"89\":{\"type\":\"vendorImageList\",\"enabled\":\"1\",\"fields\":{\"vendors\":[\"88\",\"87\",\"86\",\"85\",\"84\"]}}}}}','2015-07-27 03:35:34','2015-07-27 03:35:34','5616aebb-783a-4791-a0b3-ac09cc708141'),(63,2,1,189,'en_us',49,'','{\"typeId\":null,\"authorId\":null,\"title\":\"Home\",\"slug\":\"homepage\",\"postDate\":1435718087,\"expiryDate\":null,\"enabled\":1,\"fields\":{\"3\":{\"68\":{\"type\":\"hero\",\"enabled\":\"1\",\"fields\":{\"backgroundImage\":[\"153\"],\"heading\":\"Entertainment: Reimagined\",\"buttonText\":\"Meet KUBE\",\"buttonUrl\":\"\\/\",\"leftAlignText\":\"\",\"makeShort\":\"\"}},\"82\":{\"type\":\"experienceA\",\"enabled\":\"1\",\"fields\":{\"heading\":\"Massive sound and functionality that has to be experienced. \",\"details\":\"Don\'t confuse Kube with your Bluetooth speaker. Kube is an all new product that combines earth-shaking sound while providing utility, in a gorgeous package. No matter where you take Kube, you\'ll entertain like never before.\",\"tallImage\":[\"162\"],\"wideImage\":[\"165\"],\"halfWidthImage\":[\"164\"],\"secondHeading\":\"Bring Kube. Bring the Entertainment.\",\"buttonText\":\"View More Experiences\",\"buttonUrl\":\"\\/experiences\"}},\"185\":{\"type\":\"wideImage\",\"enabled\":\"1\",\"fields\":{\"image\":[\"186\"]}},\"81\":{\"type\":\"featureList\",\"enabled\":\"1\",\"fields\":{\"list\":[\"76\"]}},\"188\":{\"type\":\"wideImage\",\"enabled\":\"1\",\"fields\":{\"image\":[\"187\"]}},\"83\":{\"type\":\"halfTextHalfImage\",\"enabled\":\"1\",\"fields\":{\"heading\":\"Pre-Order Today\",\"details\":\"Kube is available at $1499 MSRP. Our first production units begin shipping in January of 2016 but are available for preorder today. Click to reserve yours now\",\"buttonText\":\"Preorder\",\"buttonUrl\":\"\\/\",\"solidButton\":\"\",\"image\":[\"169\"],\"imageStyle\":\"wide\"}},\"89\":{\"type\":\"vendorImageList\",\"enabled\":\"1\",\"fields\":{\"vendors\":[\"88\",\"87\",\"86\",\"85\",\"84\"]}}}}}','2015-07-27 03:36:36','2015-07-27 03:36:36','f721163d-a32f-40f0-b702-8941fff09fbb'),(64,2,1,189,'en_us',50,'','{\"typeId\":null,\"authorId\":null,\"title\":\"Home\",\"slug\":\"homepage\",\"postDate\":1435718087,\"expiryDate\":null,\"enabled\":1,\"fields\":{\"3\":{\"68\":{\"type\":\"hero\",\"enabled\":\"1\",\"fields\":{\"backgroundImage\":[\"153\"],\"heading\":\"Entertainment: Reimagined\",\"buttonText\":\"Meet KUBE\",\"buttonUrl\":\"\\/\",\"leftAlignText\":\"\",\"makeShort\":\"\"}},\"82\":{\"type\":\"experienceA\",\"enabled\":\"1\",\"fields\":{\"heading\":\"Massive sound and functionality that has to be experienced. \",\"details\":\"Don\'t confuse Kube with your Bluetooth speaker. Kube is an all new product that combines earth-shaking sound while providing utility, in a gorgeous package. No matter where you take Kube, you\'ll entertain like never before.\",\"tallImage\":[\"162\"],\"wideImage\":[\"165\"],\"halfWidthImage\":[\"164\"],\"secondHeading\":\"Bring Kube. Bring the Entertainment.\",\"buttonText\":\"View More Experiences\",\"buttonUrl\":\"\\/experiences\"}},\"185\":{\"type\":\"wideImage\",\"enabled\":\"1\",\"fields\":{\"image\":[\"186\"]}},\"81\":{\"type\":\"featureList\",\"enabled\":\"1\",\"fields\":{\"list\":[\"76\"]}},\"188\":{\"type\":\"wideImage\",\"enabled\":\"1\",\"fields\":{\"image\":[\"187\"]}},\"83\":{\"type\":\"halfTextHalfImage\",\"enabled\":\"1\",\"fields\":{\"heading\":\"Bring Home Kube \",\"details\":\"Kube is available at $1499 MSRP. Our first production units begin shipping in January of 2016 but are available for preorder today. Click to reserve yours now\",\"buttonText\":\"Preorder\",\"buttonUrl\":\"\\/\",\"solidButton\":\"\",\"image\":[\"169\"],\"imageStyle\":\"wide\"}},\"89\":{\"type\":\"vendorImageList\",\"enabled\":\"1\",\"fields\":{\"vendors\":[\"88\",\"87\",\"86\",\"85\",\"84\"]}}}}}','2015-07-27 03:37:23','2015-07-27 03:37:23','ffa58f00-2acb-42c7-9219-ad2435f47015'),(65,2,1,189,'en_us',51,'','{\"typeId\":null,\"authorId\":null,\"title\":\"Home\",\"slug\":\"homepage\",\"postDate\":1435718087,\"expiryDate\":null,\"enabled\":1,\"fields\":{\"3\":{\"68\":{\"type\":\"hero\",\"enabled\":\"1\",\"fields\":{\"backgroundImage\":[\"153\"],\"heading\":\"Entertainment: Reimagined\",\"buttonText\":\"Meet KUBE\",\"buttonUrl\":\"\\/\",\"leftAlignText\":\"\",\"makeShort\":\"\"}},\"82\":{\"type\":\"experienceA\",\"enabled\":\"1\",\"fields\":{\"heading\":\"Massive sound and functionality that has to be experienced. \",\"details\":\"Don\'t confuse Kube with your Bluetooth speaker. Kube is an all new product that combines earth-shaking sound while providing utility, in a gorgeous package. No matter where you take Kube, you\'ll entertain like never before.\",\"tallImage\":[\"162\"],\"wideImage\":[\"165\"],\"halfWidthImage\":[\"164\"],\"secondHeading\":\"Bring Kube. Bring the Entertainment.\",\"buttonText\":\"View More Experiences\",\"buttonUrl\":\"\\/experiences\"}},\"185\":{\"type\":\"wideImage\",\"enabled\":\"1\",\"fields\":{\"image\":[\"186\"]}},\"81\":{\"type\":\"featureList\",\"enabled\":\"1\",\"fields\":{\"list\":[\"76\"]}},\"188\":{\"type\":\"wideImage\",\"enabled\":\"1\",\"fields\":{\"image\":[\"187\"]}},\"83\":{\"type\":\"halfTextHalfImage\",\"enabled\":\"1\",\"fields\":{\"heading\":\"Bring Home Kube\",\"details\":\"Kube is available at $1499 MSRP. Our first production units begin shipping in January of 2016 but are available for preorder today. Click to reserve yours now\",\"buttonText\":\"Preorder\",\"buttonUrl\":\"\\/\",\"solidButton\":\"\",\"image\":[\"169\"],\"imageStyle\":\"wide\"}},\"89\":{\"type\":\"vendorImageList\",\"enabled\":\"1\",\"fields\":{\"vendors\":[\"88\",\"87\",\"86\",\"85\",\"84\"]}}}}}','2015-07-27 03:37:45','2015-07-27 03:37:45','f6ec740a-b0a4-4e12-9d0d-2ba46312a467'),(66,133,10,189,'en_us',12,'','{\"typeId\":null,\"authorId\":null,\"title\":\"About\",\"slug\":\"about\",\"postDate\":1437527631,\"expiryDate\":null,\"enabled\":1,\"fields\":{\"82\":{\"141\":{\"type\":\"twoColumnTextText\",\"enabled\":\"1\",\"fields\":{\"heading\":\"About\",\"twoColumnText\":\"<p>Body copy text sizing. Sed do eiusmod tempor incididunt ut labore et dolore magna aliqua. Ut enim ad minim veniam, nostrud exercitation ullamco laboris nisi ut aliquip. Lorem ipsum dolor sit amet, consectetur adipisicing elit, sed do eiusmod tempor incididunt ut labore et dolore magna aliqua.<\\/p><p>Body copy text sizing. Sed do eiusmod tempor incididunt ut labore et dolore magna aliqua. Ut enim ad minim veniam, nostrud exercitation ullamco laboris nisi ut aliquip. Lorem ipsum dolor sit amet, consectetur adipisicing elit, sed do eiusmod tempor incididunt ut labore et dolore magna aliqua.<\\/p>\",\"text\":\"<p>Body copy text sizing. Sed do eiusmod tempor incididunt ut labore et dolore magna aliqua. Ut enim ad minim veniam, nostrud exercitation ullamco laboris nisi ut aliquip. Lorem ipsum dolor sit amet, consectetur adipisicing elit, sed do eiusmod tempor incididunt ut labore et dolore magna aliqua.<\\/p>\"}},\"145\":{\"type\":\"partners\",\"enabled\":\"1\",\"fields\":{\"partner1Title\":\"Founder and CEO\",\"partner1Name\":\"Russell Williamson\",\"partner1Details\":\"Body copy text sizing. Sed do eiusmod tempor incididunt ut labore et dolore magna aliqua. Ut enim ad minim veniam, quis nostrud exercitation ullamco laboris nisi ut aliquip. Sed do eiusmod tempor incididunt ut labore et dolore magna aliqua. Ut enim ad minim veniam, nostrud exercitation.\",\"partner1Image\":[\"14\"],\"partner2Title\":\"Co-Founder\",\"partner2Name\":\"Nathan George\",\"partner2Details\":\"Body copy text sizing. Sed do eiusmod tempor incididunt ut labore et dolore magna aliqua. Ut enim ad minim veniam, quis nostrud exercitation ullamco laboris nisi ut aliquip. Sed do eiusmod tempor incididunt ut labore et dolore magna aliqua. Ut enim ad minim veniam, nostrud exercitation.\",\"partner2Image\":[\"13\"]}},\"146\":{\"type\":\"contactInfo\",\"enabled\":\"1\",\"fields\":{\"firstGroupHeading\":\"Sales\",\"firstGroupDetails\":\"<p>512.000.0000<\\/p><p>sales@company.com<\\/p>\",\"secondGroupHeading\":\"Press\",\"secondGroupDetails\":\"<p>512.000.0000<\\/p><p>sales@company.com<\\/p>\",\"thirdGroupHeading\":\"Support\",\"thirdGroupDetails\":\"<p>512.000.0000<\\/p><p>sales@company.com<\\/p>\"}}}}}','2015-07-27 03:47:01','2015-07-27 03:47:01','355e97b1-47c9-48d0-bc18-6562462da6ea');
/*!40000 ALTER TABLE `craft_entryversions` ENABLE KEYS */;
UNLOCK TABLES;

--
-- Table structure for table `craft_fieldgroups`
--

DROP TABLE IF EXISTS `craft_fieldgroups`;
/*!40101 SET @saved_cs_client     = @@character_set_client */;
/*!40101 SET character_set_client = utf8 */;
CREATE TABLE `craft_fieldgroups` (
  `id` int(11) NOT NULL AUTO_INCREMENT,
  `name` varchar(255) COLLATE utf8_unicode_ci NOT NULL,
  `dateCreated` datetime NOT NULL,
  `dateUpdated` datetime NOT NULL,
  `uid` char(36) COLLATE utf8_unicode_ci NOT NULL DEFAULT '0',
  PRIMARY KEY (`id`),
  UNIQUE KEY `craft_fieldgroups_name_unq_idx` (`name`)
) ENGINE=InnoDB AUTO_INCREMENT=9 DEFAULT CHARSET=utf8 COLLATE=utf8_unicode_ci;
/*!40101 SET character_set_client = @saved_cs_client */;

--
-- Dumping data for table `craft_fieldgroups`
--

LOCK TABLES `craft_fieldgroups` WRITE;
/*!40000 ALTER TABLE `craft_fieldgroups` DISABLE KEYS */;
INSERT INTO `craft_fieldgroups` VALUES (1,'Default','2015-07-01 02:34:47','2015-07-01 02:34:47','f6308ead-22d9-4380-85ec-6322e2856d51'),(2,'Sections','2015-07-21 15:07:54','2015-07-21 15:07:54','007d52a6-2a37-4949-b91a-8f6f90e77c86'),(3,'Feature List','2015-07-21 16:20:40','2015-07-21 16:20:40','b375bb9d-91b7-4a79-b550-c67de70b8a0a'),(4,'Vendors','2015-07-21 17:08:12','2015-07-21 17:08:12','e3109941-4490-4004-aaf4-c02bba7a34ee'),(5,'Navigation','2015-07-21 17:26:40','2015-07-21 17:26:40','673252df-16f4-48c0-b4b4-5435931e959c'),(6,'Parts','2015-07-21 18:41:00','2015-07-21 18:41:00','09b83c44-9646-4f81-aeb6-87e56579b9d4'),(7,'Experiences','2015-07-22 00:47:31','2015-07-22 00:47:31','4eaa22a7-042b-4ebe-8d91-83d760ed4102'),(8,'Aux Pages','2015-07-22 01:22:01','2015-07-22 01:22:01','f4de4f94-12e2-4f4f-acbd-2b5973c0150d');
/*!40000 ALTER TABLE `craft_fieldgroups` ENABLE KEYS */;
UNLOCK TABLES;

--
-- Table structure for table `craft_fieldlayoutfields`
--

DROP TABLE IF EXISTS `craft_fieldlayoutfields`;
/*!40101 SET @saved_cs_client     = @@character_set_client */;
/*!40101 SET character_set_client = utf8 */;
CREATE TABLE `craft_fieldlayoutfields` (
  `id` int(11) NOT NULL AUTO_INCREMENT,
  `layoutId` int(11) NOT NULL,
  `tabId` int(11) NOT NULL,
  `fieldId` int(11) NOT NULL,
  `required` tinyint(1) unsigned NOT NULL DEFAULT '0',
  `sortOrder` tinyint(4) DEFAULT NULL,
  `dateCreated` datetime NOT NULL,
  `dateUpdated` datetime NOT NULL,
  `uid` char(36) COLLATE utf8_unicode_ci NOT NULL DEFAULT '0',
  PRIMARY KEY (`id`),
  UNIQUE KEY `craft_fieldlayoutfields_layoutId_fieldId_unq_idx` (`layoutId`,`fieldId`),
  KEY `craft_fieldlayoutfields_sortOrder_idx` (`sortOrder`),
  KEY `craft_fieldlayoutfields_tabId_fk` (`tabId`),
  KEY `craft_fieldlayoutfields_fieldId_fk` (`fieldId`),
  CONSTRAINT `craft_fieldlayoutfields_fieldId_fk` FOREIGN KEY (`fieldId`) REFERENCES `craft_fields` (`id`) ON DELETE CASCADE,
  CONSTRAINT `craft_fieldlayoutfields_layoutId_fk` FOREIGN KEY (`layoutId`) REFERENCES `craft_fieldlayouts` (`id`) ON DELETE CASCADE,
  CONSTRAINT `craft_fieldlayoutfields_tabId_fk` FOREIGN KEY (`tabId`) REFERENCES `craft_fieldlayouttabs` (`id`) ON DELETE CASCADE
) ENGINE=InnoDB AUTO_INCREMENT=1169 DEFAULT CHARSET=utf8 COLLATE=utf8_unicode_ci;
/*!40101 SET character_set_client = @saved_cs_client */;

--
-- Dumping data for table `craft_fieldlayoutfields`
--

LOCK TABLES `craft_fieldlayoutfields` WRITE;
/*!40000 ALTER TABLE `craft_fieldlayoutfields` DISABLE KEYS */;
INSERT INTO `craft_fieldlayoutfields` VALUES (34,14,9,3,0,1,'2015-07-21 15:25:03','2015-07-21 15:25:03','f4b93750-0823-4ac6-b20a-fd91192bc571'),(51,20,13,3,0,1,'2015-07-21 15:59:21','2015-07-21 15:59:21','01380666-3c55-4223-8cf7-dd0fb00319e3'),(52,21,14,3,0,1,'2015-07-21 15:59:30','2015-07-21 15:59:30','8b334561-d51d-4e70-9c65-44a681df8993'),(53,23,15,16,1,1,'2015-07-21 16:21:47','2015-07-21 16:21:47','cfb15c39-b27c-4590-8ad9-d370ebd8207f'),(54,23,15,17,1,2,'2015-07-21 16:21:47','2015-07-21 16:21:47','660a1556-78d1-4976-a67d-4248e7557766'),(55,23,15,18,0,3,'2015-07-21 16:21:47','2015-07-21 16:21:47','f2b8619e-80ec-4b55-b6e3-20bf4ae0ac04'),(56,24,16,15,0,1,'2015-07-21 16:22:17','2015-07-21 16:22:17','8d400687-74b2-4ee7-93c2-684f99d29bdd'),(178,60,50,42,0,1,'2015-07-21 17:37:34','2015-07-21 17:37:34','31f51874-f033-4338-87e9-0486238b6947'),(179,60,50,39,1,2,'2015-07-21 17:37:34','2015-07-21 17:37:34','158fb2a5-cfb8-4556-aa0f-f18230e5a821'),(180,61,51,40,1,1,'2015-07-21 17:37:35','2015-07-21 17:37:35','1d84fab0-bc1c-4240-951f-3ebcdf48f074'),(181,61,51,41,1,2,'2015-07-21 17:37:35','2015-07-21 17:37:35','b76df2cb-9d79-4bd1-89ea-b7830a0ceb63'),(182,61,51,43,0,3,'2015-07-21 17:37:35','2015-07-21 17:37:35','df70be9c-5dbd-4fea-9bea-19971afc2d08'),(183,62,52,38,0,1,'2015-07-21 17:52:23','2015-07-21 17:52:23','f5ebe737-cc87-498c-8454-5375c24a227f'),(184,62,52,35,0,2,'2015-07-21 17:52:23','2015-07-21 17:52:23','2cc91c1e-b63f-4ac6-b367-47f366d9e280'),(242,79,68,53,0,1,'2015-07-21 18:43:17','2015-07-21 18:43:17','781899bd-aa36-4b9d-902b-d239ee5aa5f4'),(243,79,68,52,0,2,'2015-07-21 18:43:17','2015-07-21 18:43:17','c8acbdd4-ba7a-437d-bc87-01091b27020c'),(244,79,68,54,0,3,'2015-07-21 18:43:17','2015-07-21 18:43:17','5ed65ded-bf99-4e44-8dc2-878b89a4f21a'),(987,272,261,4,1,1,'2015-07-22 00:08:24','2015-07-22 00:08:24','2c47d94f-3d7b-49de-878d-3a7c25f39839'),(988,272,261,5,1,2,'2015-07-22 00:08:24','2015-07-22 00:08:24','2db6acaf-5665-4ef3-9035-67b1895f4f3b'),(989,272,261,6,0,3,'2015-07-22 00:08:24','2015-07-22 00:08:24','76dc3f20-0615-411d-b581-3e789696020b'),(990,272,261,7,0,4,'2015-07-22 00:08:24','2015-07-22 00:08:24','4dd4b315-0e69-4844-92e5-8d87008fdcdc'),(991,272,261,14,0,5,'2015-07-22 00:08:24','2015-07-22 00:08:24','afb9c9f5-0cb8-4184-af59-145c9537bcdd'),(992,272,261,8,0,6,'2015-07-22 00:08:24','2015-07-22 00:08:24','0337c4da-0900-47c0-a20f-b189bb32d1cd'),(993,273,262,19,1,1,'2015-07-22 00:08:24','2015-07-22 00:08:24','1f045f08-391d-4573-810c-3feb8099445b'),(994,274,263,20,1,1,'2015-07-22 00:08:24','2015-07-22 00:08:24','6f72f3eb-d55c-4332-9ad7-3b8cec6ca2c4'),(995,274,263,21,1,2,'2015-07-22 00:08:24','2015-07-22 00:08:24','b5a856f9-96f6-4f8d-98ff-11ed8023d950'),(996,274,263,22,1,3,'2015-07-22 00:08:24','2015-07-22 00:08:24','1adc1cfd-e9eb-4d7c-a82d-623eb3456bb2'),(997,274,263,23,1,4,'2015-07-22 00:08:24','2015-07-22 00:08:24','0e5d3faa-adb2-4e9b-815c-c55418e235a4'),(998,274,263,24,1,5,'2015-07-22 00:08:24','2015-07-22 00:08:24','73385109-b1a5-4237-8577-7e253565f0fa'),(999,274,263,25,1,6,'2015-07-22 00:08:24','2015-07-22 00:08:24','22e50b62-494a-45f4-b3ab-e855f5383524'),(1000,274,263,26,1,7,'2015-07-22 00:08:24','2015-07-22 00:08:24','ebbad55a-2984-4b9b-a75c-8adb77719b98'),(1001,274,263,27,1,8,'2015-07-22 00:08:24','2015-07-22 00:08:24','79a9dad7-2698-4425-a6e7-f533da5ebfa3'),(1002,275,264,28,1,1,'2015-07-22 00:08:24','2015-07-22 00:08:24','585193d7-201b-4ddf-841a-a73c54585675'),(1003,275,264,66,1,2,'2015-07-22 00:08:24','2015-07-22 00:08:24','7e295189-64bf-4586-920d-120a3d60dda2'),(1004,275,264,67,1,3,'2015-07-22 00:08:24','2015-07-22 00:08:24','af614e0b-4b44-4d35-9ca9-49741213223a'),(1005,275,264,68,1,4,'2015-07-22 00:08:24','2015-07-22 00:08:24','ffd2f019-39cd-4328-b573-4a342873c69e'),(1006,275,264,70,1,5,'2015-07-22 00:08:24','2015-07-22 00:08:24','6e705676-447e-4a13-ab30-c666288ddc2c'),(1007,275,264,71,1,6,'2015-07-22 00:08:24','2015-07-22 00:08:24','06121ba7-543f-4c3b-8013-43ec16fa92a8'),(1008,275,264,72,1,7,'2015-07-22 00:08:24','2015-07-22 00:08:24','fdff009e-938e-493e-8059-19fad750c741'),(1009,276,265,29,1,1,'2015-07-22 00:08:24','2015-07-22 00:08:24','13ebf6f5-8701-4288-85fe-d87c0ed04d0b'),(1010,276,265,30,1,2,'2015-07-22 00:08:24','2015-07-22 00:08:24','c202f1b5-1265-418f-a6c3-dae6e3d9a32a'),(1011,276,265,31,0,3,'2015-07-22 00:08:24','2015-07-22 00:08:24','33125c9a-d36f-498e-af51-ff19d90585b1'),(1012,276,265,32,0,4,'2015-07-22 00:08:24','2015-07-22 00:08:24','3edd85d0-373f-4a4d-9f19-3709231cc3a9'),(1013,276,265,34,0,5,'2015-07-22 00:08:24','2015-07-22 00:08:24','49108638-2933-4981-8dde-68c97c976e03'),(1014,276,265,33,1,6,'2015-07-22 00:08:24','2015-07-22 00:08:24','777251f2-c205-4fa8-a4bd-9fb524f69bfd'),(1015,276,265,55,0,7,'2015-07-22 00:08:24','2015-07-22 00:08:24','432adbe4-adec-415c-bf01-3c92b1f9dbb0'),(1016,277,266,44,1,1,'2015-07-22 00:08:24','2015-07-22 00:08:24','18b1f243-1070-4248-ae1c-ed958afe9cc3'),(1017,277,266,45,1,2,'2015-07-22 00:08:24','2015-07-22 00:08:24','0bbc0a5a-9ec8-456d-a567-f0ea622996fd'),(1018,277,266,46,1,3,'2015-07-22 00:08:24','2015-07-22 00:08:24','d2c2b81c-c2d6-4d1e-853d-45f1386f01b6'),(1019,278,267,37,1,1,'2015-07-22 00:08:24','2015-07-22 00:08:24','1042440e-1aef-4287-83d8-a05bf7b40bfe'),(1020,279,268,47,1,1,'2015-07-22 00:08:24','2015-07-22 00:08:24','8a3b3f93-b69d-4ebf-bf1d-f432a5253cf4'),(1021,279,268,48,1,2,'2015-07-22 00:08:24','2015-07-22 00:08:24','04cdf6b9-f29a-4b92-9fe4-b68066c9b348'),(1022,279,268,49,1,3,'2015-07-22 00:08:24','2015-07-22 00:08:24','514952a9-df39-441f-a4c1-9cf59eac2a43'),(1023,279,268,50,1,4,'2015-07-22 00:08:24','2015-07-22 00:08:24','9855579b-77cd-42bc-be6f-53ed717da0b7'),(1024,279,268,51,0,5,'2015-07-22 00:08:24','2015-07-22 00:08:24','d815fa8d-037b-44f8-a9af-2fb127e83727'),(1025,280,269,56,0,1,'2015-07-22 00:08:24','2015-07-22 00:08:24','b8bc359a-0cb5-44c8-b85f-2b4e34c65c11'),(1026,281,270,57,0,1,'2015-07-22 00:08:24','2015-07-22 00:08:24','b3d0fb37-d106-466b-866e-221a43a4aecc'),(1027,281,270,58,0,2,'2015-07-22 00:08:24','2015-07-22 00:08:24','30f9581e-316c-4da2-a62d-3e251c824072'),(1028,281,270,73,0,3,'2015-07-22 00:08:24','2015-07-22 00:08:24','47bf390d-e6b5-45a0-aa03-692c86efa1f9'),(1029,281,270,74,0,4,'2015-07-22 00:08:24','2015-07-22 00:08:24','641f9ce9-d92c-4b65-9477-9a1ba6dec94d'),(1030,281,270,75,0,5,'2015-07-22 00:08:24','2015-07-22 00:08:24','d04cce4d-2e30-4b03-b3c7-39b88d69abc8'),(1031,282,271,59,0,1,'2015-07-22 00:08:24','2015-07-22 00:08:24','2096c5fa-9323-45e6-918d-c6d58091a17f'),(1032,283,272,76,1,1,'2015-07-22 00:08:24','2015-07-22 00:08:24','e962bb95-412a-4b21-824b-95c39ad8ce2c'),(1033,283,272,77,0,2,'2015-07-22 00:08:24','2015-07-22 00:08:24','5a28bf06-3548-42e0-aaf8-062c5dd1342e'),(1034,283,272,78,0,3,'2015-07-22 00:08:24','2015-07-22 00:08:24','f082a6e0-f22d-42ce-a7d9-3852f29da576'),(1037,288,274,79,1,1,'2015-07-22 00:56:35','2015-07-22 00:56:35','c1626b76-de35-47b6-a1b4-ca3644328233'),(1038,288,274,80,1,2,'2015-07-22 00:56:35','2015-07-22 00:56:35','2132c952-6d98-4434-9557-d6cbd0247c5f'),(1039,288,274,81,0,3,'2015-07-22 00:56:35','2015-07-22 00:56:35','2164eb55-8328-49a7-87d9-c750c5c76038'),(1056,301,281,82,0,1,'2015-07-22 01:27:10','2015-07-22 01:27:10','7fa9c988-6b7c-4c82-8daf-c5df89d0231e'),(1057,302,282,82,0,1,'2015-07-22 01:27:22','2015-07-22 01:27:22','7f5a20cc-5ffa-4122-b45e-05a30b73d4b5'),(1058,303,283,82,0,1,'2015-07-22 01:27:47','2015-07-22 01:27:47','c4e7d525-6f70-470c-9e4a-b74588d93d00'),(1149,324,304,99,0,1,'2015-07-22 02:01:56','2015-07-22 02:01:56','507206fc-64ab-4d50-a48b-0c9fdf4a7552'),(1150,324,304,91,0,2,'2015-07-22 02:01:56','2015-07-22 02:01:56','41222cf7-e51c-4d0b-b822-434a5a47540c'),(1151,324,304,83,0,3,'2015-07-22 02:01:56','2015-07-22 02:01:56','1cd5f943-2961-4a99-ae2c-bf1abdffeccb'),(1152,325,305,93,1,1,'2015-07-22 02:01:56','2015-07-22 02:01:56','62d5f4b5-a344-477d-8f12-683254a46c14'),(1153,325,305,94,1,2,'2015-07-22 02:01:56','2015-07-22 02:01:56','23c9b95e-c45f-4b4b-a3b1-eacf1b77ffd6'),(1154,325,305,95,1,3,'2015-07-22 02:01:56','2015-07-22 02:01:56','71ac00a7-3ee9-4d48-a477-af9ab6bfd9ef'),(1155,325,305,100,1,4,'2015-07-22 02:01:56','2015-07-22 02:01:56','56c037af-14ad-4b91-ac85-e8d1eae93181'),(1156,325,305,96,1,5,'2015-07-22 02:01:56','2015-07-22 02:01:56','73f7d934-afc7-4d97-ade2-6b154a988b30'),(1157,325,305,97,1,6,'2015-07-22 02:01:56','2015-07-22 02:01:56','a93bc5c4-fd89-4df3-994e-4e06eadaa937'),(1158,325,305,98,1,7,'2015-07-22 02:01:56','2015-07-22 02:01:56','664d9649-2ed2-4bf6-a121-cfadd3c1bdf3'),(1159,325,305,101,1,8,'2015-07-22 02:01:56','2015-07-22 02:01:56','e676a2ea-d268-463b-8577-f90d8e74463e'),(1160,326,306,85,1,1,'2015-07-22 02:01:57','2015-07-22 02:01:57','88730739-d8f0-47af-8d1b-1425fd154712'),(1161,326,306,86,1,2,'2015-07-22 02:01:57','2015-07-22 02:01:57','2ac369fb-2118-44f4-a8f3-0f9b3fe05944'),(1162,326,306,87,1,3,'2015-07-22 02:01:57','2015-07-22 02:01:57','a01cb513-50ea-4983-bd46-373a9846829f'),(1163,326,306,88,1,4,'2015-07-22 02:01:57','2015-07-22 02:01:57','4ed48168-8f89-4baf-9025-7050a8e854e8'),(1164,326,306,89,1,5,'2015-07-22 02:01:57','2015-07-22 02:01:57','f7d468a4-674c-4171-a970-2549127d0c99'),(1165,326,306,90,1,6,'2015-07-22 02:01:57','2015-07-22 02:01:57','f51e46b9-914d-434b-a832-7db4b2d077c7'),(1166,327,307,35,0,1,'2015-07-22 02:11:59','2015-07-22 02:11:59','c2f5dd93-6b7c-4f4a-83ea-6f0d44c7004e'),(1167,327,307,36,0,2,'2015-07-22 02:11:59','2015-07-22 02:11:59','86413b78-c030-4cc3-bc49-84e723ed3ba4'),(1168,327,307,102,0,3,'2015-07-22 02:11:59','2015-07-22 02:11:59','2b46572c-4e37-45ff-b11f-982474884b96');
/*!40000 ALTER TABLE `craft_fieldlayoutfields` ENABLE KEYS */;
UNLOCK TABLES;

--
-- Table structure for table `craft_fieldlayouts`
--

DROP TABLE IF EXISTS `craft_fieldlayouts`;
/*!40101 SET @saved_cs_client     = @@character_set_client */;
/*!40101 SET character_set_client = utf8 */;
CREATE TABLE `craft_fieldlayouts` (
  `id` int(11) NOT NULL AUTO_INCREMENT,
  `type` varchar(150) COLLATE utf8_unicode_ci NOT NULL,
  `dateCreated` datetime NOT NULL,
  `dateUpdated` datetime NOT NULL,
  `uid` char(36) COLLATE utf8_unicode_ci NOT NULL DEFAULT '0',
  PRIMARY KEY (`id`),
  KEY `craft_fieldlayouts_type_idx` (`type`)
) ENGINE=InnoDB AUTO_INCREMENT=328 DEFAULT CHARSET=utf8 COLLATE=utf8_unicode_ci;
/*!40101 SET character_set_client = @saved_cs_client */;

--
-- Dumping data for table `craft_fieldlayouts`
--

LOCK TABLES `craft_fieldlayouts` WRITE;
/*!40000 ALTER TABLE `craft_fieldlayouts` DISABLE KEYS */;
INSERT INTO `craft_fieldlayouts` VALUES (1,'Tag','2015-07-01 02:34:47','2015-07-01 02:34:47','dd9a3582-01b5-4406-8e01-120f67c638e0'),(5,'Entry','2015-07-01 02:34:47','2015-07-01 02:34:47','b71e35f5-5e5d-430a-bb37-106b7dbfe8dd'),(11,'Asset','2015-07-21 15:20:41','2015-07-21 15:20:41','21ba9b01-3138-41f0-a53f-454373b56440'),(14,'Entry','2015-07-21 15:25:03','2015-07-21 15:25:03','cbfcec8d-2018-4767-b878-b5732a7da648'),(20,'Entry','2015-07-21 15:59:21','2015-07-21 15:59:21','3c8153a7-868d-4189-9386-e0eeb566cecb'),(21,'Entry','2015-07-21 15:59:30','2015-07-21 15:59:30','00208709-476a-4d89-a16c-ca90b2706b9d'),(23,'MatrixBlock','2015-07-21 16:21:47','2015-07-21 16:21:47','eae82e8e-5f7a-40f6-b5e3-2cf15c002182'),(24,'Entry','2015-07-21 16:22:17','2015-07-21 16:22:17','247e8c44-f5d2-4681-ab5f-9888cb88e920'),(60,'MatrixBlock','2015-07-21 17:37:34','2015-07-21 17:37:34','840f4739-18ff-47a7-be91-1840fc15bd82'),(61,'MatrixBlock','2015-07-21 17:37:35','2015-07-21 17:37:35','7fe074ae-17c1-4111-8c8f-fcf287086eff'),(62,'Entry','2015-07-21 17:52:23','2015-07-21 17:52:23','418f5553-d738-491a-9a62-86d1af959a3c'),(79,'Entry','2015-07-21 18:43:17','2015-07-21 18:43:17','12ab2c12-c513-4768-80f5-38661d71a794'),(272,'MatrixBlock','2015-07-22 00:08:24','2015-07-22 00:08:24','62f97239-b127-45b6-8f32-3eece8da3d72'),(273,'MatrixBlock','2015-07-22 00:08:24','2015-07-22 00:08:24','4be49ffb-7e0e-489b-94d1-6e9d64f380a4'),(274,'MatrixBlock','2015-07-22 00:08:24','2015-07-22 00:08:24','9a3db8f2-b7f0-4cfa-a553-15ffc081acf7'),(275,'MatrixBlock','2015-07-22 00:08:24','2015-07-22 00:08:24','c8e95594-fcd3-44f0-9904-7a3c979cb06e'),(276,'MatrixBlock','2015-07-22 00:08:24','2015-07-22 00:08:24','927dd72b-9339-406a-9aa1-964622563198'),(277,'MatrixBlock','2015-07-22 00:08:24','2015-07-22 00:08:24','9176ffaa-ddb4-4cc4-84ec-bb8c836585e2'),(278,'MatrixBlock','2015-07-22 00:08:24','2015-07-22 00:08:24','54fbc11b-61ed-4f17-be3a-549719259ea0'),(279,'MatrixBlock','2015-07-22 00:08:24','2015-07-22 00:08:24','0b5e3018-6274-49e9-aca8-51c8d0d97534'),(280,'MatrixBlock','2015-07-22 00:08:24','2015-07-22 00:08:24','6819ff10-38f7-46d8-b70f-e8d5b09a78ca'),(281,'MatrixBlock','2015-07-22 00:08:24','2015-07-22 00:08:24','16059c2a-9849-481f-8fa9-f2448cbef904'),(282,'MatrixBlock','2015-07-22 00:08:24','2015-07-22 00:08:24','16e61f56-c81f-4d00-8db3-af66a2fcbdd0'),(283,'MatrixBlock','2015-07-22 00:08:24','2015-07-22 00:08:24','f2dde1f5-560f-43e5-8083-8e09877c8f31'),(285,'Asset','2015-07-22 00:49:49','2015-07-22 00:49:49','93604a23-b494-484b-9b07-0b864e655703'),(287,'Category','2015-07-22 00:53:46','2015-07-22 00:53:46','657f984e-5e6a-49c9-bdc8-08300eaa8e4f'),(288,'Entry','2015-07-22 00:56:35','2015-07-22 00:56:35','6ec4cfd3-7685-48ab-9e23-7472aca98784'),(291,'Entry','2015-07-22 01:14:34','2015-07-22 01:14:34','728915b7-4add-4e5e-9307-3a9517f673fd'),(293,'Entry','2015-07-22 01:15:14','2015-07-22 01:15:14','063a7fab-3498-409c-a6c0-ccb17bfb2c1b'),(294,'Entry','2015-07-22 01:15:30','2015-07-22 01:15:30','faf6c333-8936-49e4-b4b2-b5feeea2b965'),(301,'Entry','2015-07-22 01:27:10','2015-07-22 01:27:10','678ec73d-baed-4407-bd41-7848a69b8dac'),(302,'Entry','2015-07-22 01:27:22','2015-07-22 01:27:22','8229073c-414e-49f9-80c8-57cea8d498fb'),(303,'Entry','2015-07-22 01:27:47','2015-07-22 01:27:47','1f48719b-14b9-4391-8f76-bed7257bf555'),(324,'MatrixBlock','2015-07-22 02:01:56','2015-07-22 02:01:56','c9b2295a-1915-449a-89fd-f4574d9cb4de'),(325,'MatrixBlock','2015-07-22 02:01:56','2015-07-22 02:01:56','d6795ec8-9ee6-44b2-b67d-dcd7f28cb440'),(326,'MatrixBlock','2015-07-22 02:01:57','2015-07-22 02:01:57','e231e674-7471-4ce7-9377-9755a9bf0e09'),(327,'Entry','2015-07-22 02:11:59','2015-07-22 02:11:59','4d02383c-3c0c-477e-bf45-3d154be955d5');
/*!40000 ALTER TABLE `craft_fieldlayouts` ENABLE KEYS */;
UNLOCK TABLES;

--
-- Table structure for table `craft_fieldlayouttabs`
--

DROP TABLE IF EXISTS `craft_fieldlayouttabs`;
/*!40101 SET @saved_cs_client     = @@character_set_client */;
/*!40101 SET character_set_client = utf8 */;
CREATE TABLE `craft_fieldlayouttabs` (
  `id` int(11) NOT NULL AUTO_INCREMENT,
  `layoutId` int(11) NOT NULL,
  `name` varchar(255) COLLATE utf8_unicode_ci NOT NULL,
  `sortOrder` tinyint(4) DEFAULT NULL,
  `dateCreated` datetime NOT NULL,
  `dateUpdated` datetime NOT NULL,
  `uid` char(36) COLLATE utf8_unicode_ci NOT NULL DEFAULT '0',
  PRIMARY KEY (`id`),
  KEY `craft_fieldlayouttabs_sortOrder_idx` (`sortOrder`),
  KEY `craft_fieldlayouttabs_layoutId_fk` (`layoutId`),
  CONSTRAINT `craft_fieldlayouttabs_layoutId_fk` FOREIGN KEY (`layoutId`) REFERENCES `craft_fieldlayouts` (`id`) ON DELETE CASCADE
) ENGINE=InnoDB AUTO_INCREMENT=308 DEFAULT CHARSET=utf8 COLLATE=utf8_unicode_ci;
/*!40101 SET character_set_client = @saved_cs_client */;

--
-- Dumping data for table `craft_fieldlayouttabs`
--

LOCK TABLES `craft_fieldlayouttabs` WRITE;
/*!40000 ALTER TABLE `craft_fieldlayouttabs` DISABLE KEYS */;
INSERT INTO `craft_fieldlayouttabs` VALUES (2,5,'Content',1,'2015-07-01 02:34:47','2015-07-01 02:34:47','624d95fa-3e5f-48d9-85e2-b608ca1b9f24'),(9,14,'Content',1,'2015-07-21 15:25:03','2015-07-21 15:25:03','c7cd1673-786b-4f9c-898f-f1e2eddb1f0c'),(13,20,'Content',1,'2015-07-21 15:59:21','2015-07-21 15:59:21','5799549f-e4bd-4d25-abd7-cfac8fbd561d'),(14,21,'Content',1,'2015-07-21 15:59:30','2015-07-21 15:59:30','ebb76abb-4609-4858-a842-8c87f16dc99c'),(15,23,'Content',1,'2015-07-21 16:21:47','2015-07-21 16:21:47','3cede47f-a6a5-44b7-a189-90bfa6120b2f'),(16,24,'Content',1,'2015-07-21 16:22:17','2015-07-21 16:22:17','3159709b-c5a1-49fe-84be-dbccc95f0c0a'),(50,60,'Content',1,'2015-07-21 17:37:34','2015-07-21 17:37:34','b68b8a59-95b0-47dc-9315-a6b7257fdbaf'),(51,61,'Content',1,'2015-07-21 17:37:35','2015-07-21 17:37:35','feed610b-b2ee-4eba-b24f-86e19cf23a5f'),(52,62,'Content',1,'2015-07-21 17:52:23','2015-07-21 17:52:23','18601944-6c3f-4d36-b905-8ca96c91c6df'),(68,79,'Content',1,'2015-07-21 18:43:17','2015-07-21 18:43:17','f7d8f242-a49a-49b6-a6dc-fe8fcb93ad1c'),(261,272,'Content',1,'2015-07-22 00:08:24','2015-07-22 00:08:24','eb575c40-f62c-4569-b161-e7591898768d'),(262,273,'Content',1,'2015-07-22 00:08:24','2015-07-22 00:08:24','5bdb1ea8-a706-4960-9f4a-670e9f164c26'),(263,274,'Content',1,'2015-07-22 00:08:24','2015-07-22 00:08:24','89eb8347-4bf1-42c5-8878-062a55019a34'),(264,275,'Content',1,'2015-07-22 00:08:24','2015-07-22 00:08:24','621e49a0-0a8b-4dba-9b49-272890a98258'),(265,276,'Content',1,'2015-07-22 00:08:24','2015-07-22 00:08:24','58c47072-b126-4186-9f0d-31ac705f58a5'),(266,277,'Content',1,'2015-07-22 00:08:24','2015-07-22 00:08:24','c0f1015d-4119-475d-ae48-ac2182d4ea98'),(267,278,'Content',1,'2015-07-22 00:08:24','2015-07-22 00:08:24','92cc9c16-c9c5-441c-ac4f-5ac27e965ce3'),(268,279,'Content',1,'2015-07-22 00:08:24','2015-07-22 00:08:24','fa26491a-af53-406e-9792-5a90fa646de9'),(269,280,'Content',1,'2015-07-22 00:08:24','2015-07-22 00:08:24','0ff7c278-edd3-48bb-98a0-3864b28140ff'),(270,281,'Content',1,'2015-07-22 00:08:24','2015-07-22 00:08:24','56cc075f-84d0-4723-a471-0d187a5a9929'),(271,282,'Content',1,'2015-07-22 00:08:24','2015-07-22 00:08:24','b13d9b36-cbf9-45c9-b9cd-31df21837418'),(272,283,'Content',1,'2015-07-22 00:08:24','2015-07-22 00:08:24','43f6c805-d468-4e8e-94f4-ae9fafd0ab2a'),(274,288,'Content',1,'2015-07-22 00:56:35','2015-07-22 00:56:35','8d239ac6-8a61-471e-b99d-7bc13d2db980'),(281,301,'Content',1,'2015-07-22 01:27:10','2015-07-22 01:27:10','31598c09-f32c-4165-bfa7-099fde21fadd'),(282,302,'Content',1,'2015-07-22 01:27:22','2015-07-22 01:27:22','6f053a16-1af4-4ae0-8d8a-e48a91f6922c'),(283,303,'Content',1,'2015-07-22 01:27:47','2015-07-22 01:27:47','b42c5d1c-2e72-47ee-9f22-409963e035f6'),(304,324,'Content',1,'2015-07-22 02:01:56','2015-07-22 02:01:56','fe3dd18f-8797-4763-abe9-87ed8f1d765d'),(305,325,'Content',1,'2015-07-22 02:01:56','2015-07-22 02:01:56','76e59009-9405-43c5-a073-00deedc0f208'),(306,326,'Content',1,'2015-07-22 02:01:57','2015-07-22 02:01:57','564607a6-3a39-4e48-b5d2-c6769fefea2b'),(307,327,'Content',1,'2015-07-22 02:11:59','2015-07-22 02:11:59','0a41c6fb-7ce9-48dc-a73c-49b5e1b1315d');
/*!40000 ALTER TABLE `craft_fieldlayouttabs` ENABLE KEYS */;
UNLOCK TABLES;

--
-- Table structure for table `craft_fields`
--

DROP TABLE IF EXISTS `craft_fields`;
/*!40101 SET @saved_cs_client     = @@character_set_client */;
/*!40101 SET character_set_client = utf8 */;
CREATE TABLE `craft_fields` (
  `id` int(11) NOT NULL AUTO_INCREMENT,
  `groupId` int(11) DEFAULT NULL,
  `name` varchar(255) COLLATE utf8_unicode_ci NOT NULL,
  `handle` varchar(58) COLLATE utf8_unicode_ci NOT NULL,
  `context` varchar(255) COLLATE utf8_unicode_ci NOT NULL DEFAULT 'global',
  `instructions` text COLLATE utf8_unicode_ci,
  `translatable` tinyint(1) unsigned NOT NULL DEFAULT '0',
  `type` varchar(150) COLLATE utf8_unicode_ci NOT NULL,
  `settings` text COLLATE utf8_unicode_ci,
  `dateCreated` datetime NOT NULL,
  `dateUpdated` datetime NOT NULL,
  `uid` char(36) COLLATE utf8_unicode_ci NOT NULL DEFAULT '0',
  PRIMARY KEY (`id`),
  UNIQUE KEY `craft_fields_handle_context_unq_idx` (`handle`,`context`),
  KEY `craft_fields_context_idx` (`context`),
  KEY `craft_fields_groupId_fk` (`groupId`),
  CONSTRAINT `craft_fields_groupId_fk` FOREIGN KEY (`groupId`) REFERENCES `craft_fieldgroups` (`id`) ON DELETE CASCADE
) ENGINE=InnoDB AUTO_INCREMENT=103 DEFAULT CHARSET=utf8 COLLATE=utf8_unicode_ci;
/*!40101 SET character_set_client = @saved_cs_client */;

--
-- Dumping data for table `craft_fields`
--

LOCK TABLES `craft_fields` WRITE;
/*!40000 ALTER TABLE `craft_fields` DISABLE KEYS */;
INSERT INTO `craft_fields` VALUES (3,1,'Sections','sections','global','',0,'Matrix','{\"maxBlocks\":null}','2015-07-21 15:15:37','2015-07-22 00:08:24','89817f84-31bd-4906-bdc8-4e2fb38860d8'),(4,NULL,'Background Image','backgroundImage','matrixBlockType:1','',0,'Assets','{\"useSingleFolder\":\"\",\"sources\":[\"folder:1\"],\"defaultUploadLocationSource\":\"1\",\"defaultUploadLocationSubpath\":\"\",\"singleUploadLocationSource\":\"1\",\"singleUploadLocationSubpath\":\"\",\"restrictFiles\":\"1\",\"allowedKinds\":[\"image\"],\"limit\":\"1\",\"selectionLabel\":\"Add background image\"}','2015-07-21 15:15:37','2015-07-22 00:08:24','7a6062b2-ab43-40bd-a640-3d3ab5546f0e'),(5,NULL,'Heading','heading','matrixBlockType:1','',0,'PlainText','{\"placeholder\":\"\",\"maxLength\":\"\",\"multiline\":\"1\",\"initialRows\":\"1\"}','2015-07-21 15:15:37','2015-07-22 00:08:24','3bbb30d4-0f5e-4470-b42f-d5fb0eaedf2e'),(6,NULL,'Button Text','buttonText','matrixBlockType:1','',0,'PlainText','{\"placeholder\":\"\",\"maxLength\":\"\",\"multiline\":\"\",\"initialRows\":\"4\"}','2015-07-21 15:15:37','2015-07-22 00:08:24','596234e3-3efd-4504-89d6-727c5b73278a'),(7,NULL,'Button URL','buttonUrl','matrixBlockType:1','',0,'PlainText','{\"placeholder\":\"\",\"maxLength\":\"\",\"multiline\":\"\",\"initialRows\":\"4\"}','2015-07-21 15:15:37','2015-07-22 00:08:24','12053c37-8d07-4127-b684-d036d7e5aa3a'),(8,NULL,'Make Short','makeShort','matrixBlockType:1','Makes the hero section shorter ',0,'Lightswitch','{\"default\":\"\"}','2015-07-21 15:15:37','2015-07-22 00:08:24','5270caf3-4774-4819-9670-78dd9a3b66ca'),(14,NULL,'Left Align Text','leftAlignText','matrixBlockType:1','Aligns the heading text to the left.',0,'Lightswitch','{\"default\":\"\"}','2015-07-21 15:47:14','2015-07-22 00:08:24','b1dd0ea8-6e67-474e-bfd9-329a49437133'),(15,3,'List','list','global','',0,'Matrix','{\"maxBlocks\":null}','2015-07-21 16:21:47','2015-07-21 16:21:47','c5c04b50-d206-40a9-9f06-5b1873c66906'),(16,NULL,'Heading','heading','matrixBlockType:3','',0,'PlainText','{\"placeholder\":\"\",\"maxLength\":\"\",\"multiline\":\"\",\"initialRows\":\"4\"}','2015-07-21 16:21:47','2015-07-21 16:21:47','9a0808d1-6a4f-4448-8baa-f34ca144f26e'),(17,NULL,'Description','description','matrixBlockType:3','',0,'PlainText','{\"placeholder\":\"\",\"maxLength\":\"\",\"multiline\":\"\",\"initialRows\":\"4\"}','2015-07-21 16:21:47','2015-07-21 16:21:47','75a56985-9e2a-4e2b-a630-dd2eccd6a01a'),(18,NULL,'Image','image','matrixBlockType:3','',0,'Assets','{\"useSingleFolder\":\"\",\"sources\":[\"folder:1\"],\"defaultUploadLocationSource\":\"1\",\"defaultUploadLocationSubpath\":\"\",\"singleUploadLocationSource\":\"1\",\"singleUploadLocationSubpath\":\"\",\"restrictFiles\":\"1\",\"allowedKinds\":[\"image\"],\"limit\":\"1\",\"selectionLabel\":\"Add image\"}','2015-07-21 16:21:47','2015-07-21 16:21:47','599bef6a-73fb-43ea-a74a-b77c3b95f1eb'),(19,NULL,'List','list','matrixBlockType:4','To edit this list, edit the entries under the \'Feature Lists\' channel (/admin/entries/featureLists)',0,'Entries','{\"sources\":[\"section:5\"],\"limit\":\"1\",\"selectionLabel\":\"Add a list\"}','2015-07-21 16:26:53','2015-07-22 00:08:24','b52dbbc0-267a-44ca-ac9f-2883b3c7c6ec'),(20,NULL,'Heading','heading','matrixBlockType:5','',0,'PlainText','{\"placeholder\":\"\",\"maxLength\":\"\",\"multiline\":\"\",\"initialRows\":\"4\"}','2015-07-21 16:41:13','2015-07-22 00:08:24','3815e448-cfa1-42e2-aee5-c956786258b6'),(21,NULL,'Details','details','matrixBlockType:5','',0,'PlainText','{\"placeholder\":\"\",\"maxLength\":\"\",\"multiline\":\"1\",\"initialRows\":\"1\"}','2015-07-21 16:41:14','2015-07-22 00:08:24','31ec3999-7719-44b8-8a79-b8bedf2bbde5'),(22,NULL,'Tall Image','tallImage','matrixBlockType:5','',0,'Assets','{\"useSingleFolder\":\"\",\"sources\":[\"folder:1\"],\"defaultUploadLocationSource\":\"1\",\"defaultUploadLocationSubpath\":\"\",\"singleUploadLocationSource\":\"1\",\"singleUploadLocationSubpath\":\"\",\"restrictFiles\":\"1\",\"allowedKinds\":[\"image\"],\"limit\":\"1\",\"selectionLabel\":\"Add tall image\"}','2015-07-21 16:41:14','2015-07-22 00:08:24','f3f51bd8-1846-4154-a19a-cfd30d791a8e'),(23,NULL,'Wide Image','wideImage','matrixBlockType:5','',0,'Assets','{\"useSingleFolder\":\"\",\"sources\":[\"folder:1\"],\"defaultUploadLocationSource\":\"1\",\"defaultUploadLocationSubpath\":\"\",\"singleUploadLocationSource\":\"1\",\"singleUploadLocationSubpath\":\"\",\"restrictFiles\":\"1\",\"allowedKinds\":[\"image\"],\"limit\":\"1\",\"selectionLabel\":\"Add wide image\"}','2015-07-21 16:41:14','2015-07-22 00:08:24','bc633be9-ffd8-4108-a7c7-7d3ee81e2862'),(24,NULL,'Half-Width Image','halfWidthImage','matrixBlockType:5','',0,'Assets','{\"useSingleFolder\":\"\",\"sources\":[\"folder:1\"],\"defaultUploadLocationSource\":\"1\",\"defaultUploadLocationSubpath\":\"\",\"singleUploadLocationSource\":\"1\",\"singleUploadLocationSubpath\":\"\",\"restrictFiles\":\"1\",\"allowedKinds\":[\"image\"],\"limit\":\"1\",\"selectionLabel\":\"Add half-width image\"}','2015-07-21 16:41:14','2015-07-22 00:08:24','c6195673-a778-46b5-9c3b-5ad2ba9fafa5'),(25,NULL,'Second Heading','secondHeading','matrixBlockType:5','',0,'PlainText','{\"placeholder\":\"\",\"maxLength\":\"\",\"multiline\":\"\",\"initialRows\":\"4\"}','2015-07-21 16:41:14','2015-07-22 00:08:24','cd71363a-2749-49e1-8313-36513023ce56'),(26,NULL,'Button Text','buttonText','matrixBlockType:5','',0,'PlainText','{\"placeholder\":\"\",\"maxLength\":\"\",\"multiline\":\"\",\"initialRows\":\"4\"}','2015-07-21 16:41:14','2015-07-22 00:08:24','3183188e-0c94-48fe-9efe-5a7a786754af'),(27,NULL,'Button URL','buttonUrl','matrixBlockType:5','',0,'PlainText','{\"placeholder\":\"\",\"maxLength\":\"\",\"multiline\":\"\",\"initialRows\":\"4\"}','2015-07-21 16:41:14','2015-07-22 00:08:24','801abc12-d709-4d3f-9b9b-0a2ff9550927'),(28,NULL,'Heading','heading','matrixBlockType:6','',0,'PlainText','{\"placeholder\":\"\",\"maxLength\":\"\",\"multiline\":\"\",\"initialRows\":\"4\"}','2015-07-21 16:41:14','2015-07-22 00:08:24','ba649428-23b6-4229-b1d3-aff055400882'),(29,NULL,'Heading','heading','matrixBlockType:7','',0,'PlainText','{\"placeholder\":\"\",\"maxLength\":\"\",\"multiline\":\"\",\"initialRows\":\"4\"}','2015-07-21 17:01:09','2015-07-22 00:08:24','a924403f-4792-4364-8c52-215082b5d207'),(30,NULL,'Details','details','matrixBlockType:7','',0,'PlainText','{\"placeholder\":\"\",\"maxLength\":\"\",\"multiline\":\"1\",\"initialRows\":\"1\"}','2015-07-21 17:01:09','2015-07-22 00:08:24','d139e5b9-db25-4858-bd32-f2d12c1ddbe3'),(31,NULL,'Button Text','buttonText','matrixBlockType:7','',0,'PlainText','{\"placeholder\":\"\",\"maxLength\":\"\",\"multiline\":\"\",\"initialRows\":\"4\"}','2015-07-21 17:01:09','2015-07-22 00:08:24','2358a4d2-9b57-4357-8c2f-d3275fd451cc'),(32,NULL,'Button URL','buttonUrl','matrixBlockType:7','',0,'PlainText','{\"placeholder\":\"\",\"maxLength\":\"\",\"multiline\":\"\",\"initialRows\":\"4\"}','2015-07-21 17:01:09','2015-07-22 00:08:24','faaa5108-ffb6-4b9a-9e0a-4a463607b28f'),(33,NULL,'Image','image','matrixBlockType:7','',0,'Assets','{\"useSingleFolder\":\"\",\"sources\":[\"folder:1\"],\"defaultUploadLocationSource\":\"1\",\"defaultUploadLocationSubpath\":\"\",\"singleUploadLocationSource\":\"1\",\"singleUploadLocationSubpath\":\"\",\"restrictFiles\":\"1\",\"allowedKinds\":[\"image\"],\"limit\":\"1\",\"selectionLabel\":\"Add image\"}','2015-07-21 17:01:09','2015-07-22 00:08:24','08e6b11f-5cef-4998-a787-e603406838cb'),(34,NULL,'Solid Button','solidButton','matrixBlockType:7','',0,'Lightswitch','{\"default\":\"1\"}','2015-07-21 17:03:21','2015-07-22 00:08:24','9629a89d-ad3a-4e92-b4b5-daef51fb2bc2'),(35,4,'URL','vendorUrl','global','',0,'PlainText','{\"placeholder\":\"\",\"maxLength\":\"\",\"multiline\":\"\",\"initialRows\":\"4\"}','2015-07-21 17:08:49','2015-07-21 17:08:49','085d0010-8eb2-4852-b2e1-31c745e748b8'),(36,4,'Small Image','smallImage','global','',0,'Assets','{\"useSingleFolder\":\"\",\"sources\":[\"folder:1\"],\"defaultUploadLocationSource\":\"1\",\"defaultUploadLocationSubpath\":\"\",\"singleUploadLocationSource\":\"1\",\"singleUploadLocationSubpath\":\"\",\"restrictFiles\":\"1\",\"allowedKinds\":[\"image\"],\"limit\":\"1\",\"selectionLabel\":\"Add small vendor image\"}','2015-07-21 17:09:14','2015-07-21 17:09:14','25a63e93-97f6-4767-9626-a8efa93d126a'),(37,NULL,'Vendors','vendors','matrixBlockType:8','',0,'Entries','{\"sources\":[\"section:6\"],\"limit\":\"\",\"selectionLabel\":\"Add a vendor\"}','2015-07-21 17:12:49','2015-07-22 00:08:24','b3e741de-b86a-4edf-9cb6-3b967ffc8c4f'),(38,5,'Links','links','global','',0,'Matrix','{\"maxBlocks\":null}','2015-07-21 17:31:19','2015-07-21 17:37:34','d30304ac-0c28-4e65-8e1f-119becd5ec8e'),(39,NULL,'Page','page','matrixBlockType:9','',0,'Entries','{\"sources\":[\"singles\"],\"limit\":\"1\",\"selectionLabel\":\"Add internal page\"}','2015-07-21 17:31:19','2015-07-21 17:37:34','33d39f5a-165d-4d32-93d6-44f375be826f'),(40,NULL,'Label','label','matrixBlockType:10','',0,'PlainText','{\"placeholder\":\"\",\"maxLength\":\"\",\"multiline\":\"\",\"initialRows\":\"4\"}','2015-07-21 17:31:19','2015-07-21 17:37:34','c6d5bb93-c191-45f3-97e9-7ca35ddbce5f'),(41,NULL,'URL','linkUrl','matrixBlockType:10','Be sure to include \'http://\' at the beginning of the URL',0,'PlainText','{\"placeholder\":\"\",\"maxLength\":\"\",\"multiline\":\"\",\"initialRows\":\"4\"}','2015-07-21 17:31:19','2015-07-21 17:37:35','3dcf0900-29af-441d-9e84-1d0d1fd73e25'),(42,NULL,'Label','label','matrixBlockType:9','This overwrites the title of the page selected below.',0,'PlainText','{\"placeholder\":\"\",\"maxLength\":\"\",\"multiline\":\"\",\"initialRows\":\"4\"}','2015-07-21 17:36:30','2015-07-21 17:37:34','e3d47625-fb3d-44f1-b41d-25bf840c84c7'),(43,NULL,'Opens in new tab','opensInNewTab','matrixBlockType:10','',0,'Lightswitch','{\"default\":\"\"}','2015-07-21 17:37:35','2015-07-21 17:37:35','e7182317-0d1e-4e4c-a1a5-1afc3c1c9445'),(44,NULL,'Image','image','matrixBlockType:11','',0,'Assets','{\"useSingleFolder\":\"\",\"sources\":[\"folder:1\"],\"defaultUploadLocationSource\":\"1\",\"defaultUploadLocationSubpath\":\"\",\"singleUploadLocationSource\":\"1\",\"singleUploadLocationSubpath\":\"\",\"restrictFiles\":\"1\",\"allowedKinds\":[\"image\"],\"limit\":\"1\",\"selectionLabel\":\"Add image\"}','2015-07-21 18:18:07','2015-07-22 00:08:24','3d62dfd8-a932-444a-8981-a35b63e6c3a3'),(45,NULL,'Heading','heading','matrixBlockType:11','',0,'PlainText','{\"placeholder\":\"\",\"maxLength\":\"\",\"multiline\":\"\",\"initialRows\":\"4\"}','2015-07-21 18:18:07','2015-07-22 00:08:24','7e4d1dbb-828c-46ec-8117-a066412d92db'),(46,NULL,'Details','details','matrixBlockType:11','',0,'PlainText','{\"placeholder\":\"\",\"maxLength\":\"\",\"multiline\":\"1\",\"initialRows\":\"1\"}','2015-07-21 18:18:07','2015-07-22 00:08:24','5b87cdf1-b8e9-464f-9ec2-509d068c941b'),(47,NULL,'Heading','heading','matrixBlockType:12','',0,'PlainText','{\"placeholder\":\"\",\"maxLength\":\"\",\"multiline\":\"\",\"initialRows\":\"4\"}','2015-07-21 18:40:31','2015-07-22 00:08:24','cda1fb11-618a-4e81-b417-6209071f5c52'),(48,NULL,'Details','details','matrixBlockType:12','',0,'PlainText','{\"placeholder\":\"\",\"maxLength\":\"\",\"multiline\":\"\",\"initialRows\":\"4\"}','2015-07-21 18:40:31','2015-07-22 00:08:24','11543f04-9f88-4f0d-bd5c-d704304b792d'),(49,NULL,'Top Image 1','topImage1','matrixBlockType:12','',0,'Assets','{\"useSingleFolder\":\"\",\"sources\":[\"folder:1\"],\"defaultUploadLocationSource\":\"1\",\"defaultUploadLocationSubpath\":\"\",\"singleUploadLocationSource\":\"1\",\"singleUploadLocationSubpath\":\"\",\"restrictFiles\":\"1\",\"allowedKinds\":[\"image\"],\"limit\":\"1\",\"selectionLabel\":\"Add image\"}','2015-07-21 18:40:31','2015-07-22 00:08:24','1c14c616-9a5c-4302-9f92-b5850d1f80dd'),(50,NULL,'Top Image 2','topImage2','matrixBlockType:12','',0,'Assets','{\"useSingleFolder\":\"\",\"sources\":\"*\",\"defaultUploadLocationSource\":\"1\",\"defaultUploadLocationSubpath\":\"\",\"singleUploadLocationSource\":\"1\",\"singleUploadLocationSubpath\":\"\",\"restrictFiles\":\"1\",\"allowedKinds\":[\"image\"],\"limit\":\"1\",\"selectionLabel\":\"Add image\"}','2015-07-21 18:40:31','2015-07-22 00:08:24','fad9f936-6fa0-45e6-a304-abc15800f346'),(51,NULL,'Parts','parts','matrixBlockType:12','',0,'Entries','{\"sources\":[\"section:8\"],\"limit\":\"3\",\"selectionLabel\":\"Add an entry\"}','2015-07-21 18:40:31','2015-07-22 00:08:24','54a68de6-e381-4210-877d-f141be28f474'),(52,6,'Heading','heading','global','',0,'PlainText','{\"placeholder\":\"\",\"maxLength\":\"\",\"multiline\":\"\",\"initialRows\":\"4\"}','2015-07-21 18:41:14','2015-07-21 18:41:14','e1597680-00c9-48b8-9b40-2e50ffa2fa37'),(53,6,'Details','details','global','',0,'PlainText','{\"placeholder\":\"\",\"maxLength\":\"\",\"multiline\":\"1\",\"initialRows\":\"1\"}','2015-07-21 18:41:28','2015-07-21 18:41:28','ad3ade9e-712b-41ce-947f-5e28e626a955'),(54,6,'Image','partImage','global','',0,'Assets','{\"useSingleFolder\":\"\",\"sources\":[\"folder:1\"],\"defaultUploadLocationSource\":\"1\",\"defaultUploadLocationSubpath\":\"\",\"singleUploadLocationSource\":\"1\",\"singleUploadLocationSubpath\":\"\",\"restrictFiles\":\"1\",\"allowedKinds\":[\"image\"],\"limit\":\"1\",\"selectionLabel\":\"Add image\"}','2015-07-21 18:41:50','2015-07-21 18:41:50','cfe6aae1-f432-477e-a2bc-158582c485da'),(55,NULL,'Image Style','imageStyle','matrixBlockType:7','',0,'Dropdown','{\"options\":[{\"label\":\"Normal\",\"value\":\"normal\",\"default\":\"1\"},{\"label\":\"Wide\",\"value\":\"wide\",\"default\":\"\"},{\"label\":\"Full\",\"value\":\"full\",\"default\":\"\"}]}','2015-07-21 19:07:16','2015-07-22 00:08:24','f68dcb46-575e-4ca6-a77d-d57aa9a532a5'),(56,NULL,'Image','image','matrixBlockType:13','',0,'Assets','{\"useSingleFolder\":\"\",\"sources\":[\"folder:1\"],\"defaultUploadLocationSource\":\"1\",\"defaultUploadLocationSubpath\":\"\",\"singleUploadLocationSource\":\"1\",\"singleUploadLocationSubpath\":\"\",\"restrictFiles\":\"1\",\"allowedKinds\":[\"image\"],\"limit\":\"1\",\"selectionLabel\":\"Add wide image\"}','2015-07-21 19:22:24','2015-07-22 00:08:24','d08741ca-6dc7-4b69-ac86-c403991d9b2d'),(57,NULL,'Heading','heading','matrixBlockType:14','',0,'PlainText','{\"placeholder\":\"\",\"maxLength\":\"\",\"multiline\":\"\",\"initialRows\":\"4\"}','2015-07-21 19:22:24','2015-07-22 00:08:24','4e479972-fe95-446a-b164-d256a6d65d77'),(58,NULL,'Details','details','matrixBlockType:14','',0,'PlainText','{\"placeholder\":\"\",\"maxLength\":\"\",\"multiline\":\"1\",\"initialRows\":\"1\"}','2015-07-21 19:22:24','2015-07-22 00:08:24','643ea73f-fd1b-4155-8849-7b35a9d8564d'),(59,NULL,'Coming soon','comingSoon','matrixBlockType:15','Coming soon',0,'PlainText','{\"placeholder\":\"\",\"maxLength\":\"\",\"multiline\":\"\",\"initialRows\":\"4\"}','2015-07-21 19:28:39','2015-07-22 00:08:24','05522c64-e55a-427f-b915-1081aa2e8407'),(60,NULL,'Details','details','matrixBlockType:6','',0,'PlainText','{\"placeholder\":\"\",\"maxLength\":\"\",\"multiline\":\"1\",\"initialRows\":\"1\"}','2015-07-21 19:34:06','2015-07-21 19:34:06','40c0b0c3-4e8e-4fce-84cc-8875125d22ec'),(61,NULL,'2/3 Image (top)','twoThirdsimageTop','matrixBlockType:6','',0,'Assets','{\"useSingleFolder\":\"\",\"sources\":[\"folder:1\"],\"defaultUploadLocationSource\":\"1\",\"defaultUploadLocationSubpath\":\"\",\"singleUploadLocationSource\":\"1\",\"singleUploadLocationSubpath\":\"\",\"restrictFiles\":\"1\",\"allowedKinds\":[\"image\"],\"limit\":\"1\",\"selectionLabel\":\"Add image\"}','2015-07-21 19:34:06','2015-07-21 19:34:06','63707124-8e42-4e11-96ee-d2c01b88ab67'),(62,NULL,'1/3 Image (top)','oneThirdimageTop','matrixBlockType:6','',0,'Assets','{\"useSingleFolder\":\"\",\"sources\":[\"folder:1\"],\"defaultUploadLocationSource\":\"1\",\"defaultUploadLocationSubpath\":\"\",\"singleUploadLocationSource\":\"1\",\"singleUploadLocationSubpath\":\"\",\"restrictFiles\":\"1\",\"allowedKinds\":[\"image\"],\"limit\":\"1\",\"selectionLabel\":\"Add image\"}','2015-07-21 19:34:06','2015-07-21 19:34:06','d071c4d8-19a8-41d7-9652-7b92db7beb88'),(63,NULL,'1/3 Image (middle)','imageMiddle','matrixBlockType:6','',0,'Assets','{\"useSingleFolder\":\"\",\"sources\":[\"folder:1\"],\"defaultUploadLocationSource\":\"1\",\"defaultUploadLocationSubpath\":\"\",\"singleUploadLocationSource\":\"1\",\"singleUploadLocationSubpath\":\"\",\"restrictFiles\":\"1\",\"allowedKinds\":[\"image\"],\"limit\":\"1\",\"selectionLabel\":\"Add image\"}','2015-07-21 19:34:06','2015-07-21 19:34:06','c0315512-b8bb-477c-9032-9410dc7c9ef7'),(64,NULL,'2/3 Image (bottom)','imageBottom','matrixBlockType:6','',0,'Assets','{\"useSingleFolder\":\"\",\"sources\":[\"folder:1\"],\"defaultUploadLocationSource\":\"1\",\"defaultUploadLocationSubpath\":\"\",\"singleUploadLocationSource\":\"1\",\"singleUploadLocationSubpath\":\"\",\"restrictFiles\":\"1\",\"allowedKinds\":[\"image\"],\"limit\":\"1\",\"selectionLabel\":\"Add image\"}','2015-07-21 19:34:06','2015-07-21 19:34:06','43dc6a3b-9f02-44b8-b5a9-f769a33f6855'),(66,NULL,'Details','experienceDetails','matrixBlockType:6','',0,'PlainText','{\"placeholder\":\"\",\"maxLength\":\"\",\"multiline\":\"1\",\"initialRows\":\"1\"}','2015-07-21 19:34:36','2015-07-22 00:08:24','5ed4ea2d-e9a4-41dd-9558-c3f4b5542477'),(67,NULL,'2/3 Image (top)','imageTopTwoThirds','matrixBlockType:6','',0,'Assets','{\"useSingleFolder\":\"\",\"sources\":[\"folder:1\"],\"defaultUploadLocationSource\":\"1\",\"defaultUploadLocationSubpath\":\"\",\"singleUploadLocationSource\":\"1\",\"singleUploadLocationSubpath\":\"\",\"restrictFiles\":\"1\",\"allowedKinds\":[\"image\"],\"limit\":\"1\",\"selectionLabel\":\"Add image\"}','2015-07-21 19:35:12','2015-07-22 00:08:24','bad31783-492c-418c-9baf-2189a2f1030b'),(68,NULL,'1/3 Image (top)','imageTopOneThird','matrixBlockType:6','',0,'Assets','{\"useSingleFolder\":\"\",\"sources\":[\"folder:1\"],\"defaultUploadLocationSource\":\"1\",\"defaultUploadLocationSubpath\":\"\",\"singleUploadLocationSource\":\"1\",\"singleUploadLocationSubpath\":\"\",\"restrictFiles\":\"1\",\"allowedKinds\":[\"image\"],\"limit\":\"1\",\"selectionLabel\":\"Add image\"}','2015-07-21 19:38:30','2015-07-22 00:08:24','8aa667ec-feaf-4d27-8b9b-c2bd470fc803'),(70,NULL,'1/3 Image (middle)','imageMiddleOneThird','matrixBlockType:6','',0,'Assets','{\"useSingleFolder\":\"\",\"sources\":[\"folder:1\"],\"defaultUploadLocationSource\":\"1\",\"defaultUploadLocationSubpath\":\"\",\"singleUploadLocationSource\":\"1\",\"singleUploadLocationSubpath\":\"\",\"restrictFiles\":\"1\",\"allowedKinds\":[\"image\"],\"limit\":\"1\",\"selectionLabel\":\"Add image\"}','2015-07-21 19:40:15','2015-07-22 00:08:24','1efb7046-33fd-418b-b5f9-df2e519c12cb'),(71,NULL,'2/3 Image (bottom)','imageBottomTwoThirds','matrixBlockType:6','',0,'Assets','{\"useSingleFolder\":\"\",\"sources\":[\"folder:1\"],\"defaultUploadLocationSource\":\"1\",\"defaultUploadLocationSubpath\":\"\",\"singleUploadLocationSource\":\"1\",\"singleUploadLocationSubpath\":\"\",\"restrictFiles\":\"1\",\"allowedKinds\":[\"image\"],\"limit\":\"1\",\"selectionLabel\":\"Add image\"}','2015-07-21 19:41:20','2015-07-22 00:08:24','970b567d-56ff-4ad0-adda-cea805e9f305'),(72,NULL,'1/3 Image (bottom)','imageBottomOneThird','matrixBlockType:6','',0,'Assets','{\"useSingleFolder\":\"\",\"sources\":[\"folder:1\"],\"defaultUploadLocationSource\":\"1\",\"defaultUploadLocationSubpath\":\"\",\"singleUploadLocationSource\":\"1\",\"singleUploadLocationSubpath\":\"\",\"restrictFiles\":\"1\",\"allowedKinds\":[\"image\"],\"limit\":\"1\",\"selectionLabel\":\"Add image\"}','2015-07-21 19:41:20','2015-07-22 00:08:24','d0c78224-ecd2-4045-89f0-39fc5d675831'),(73,NULL,'Background Image','backgroundImage','matrixBlockType:14','',0,'Assets','{\"useSingleFolder\":\"\",\"sources\":[\"folder:1\"],\"defaultUploadLocationSource\":\"1\",\"defaultUploadLocationSubpath\":\"\",\"singleUploadLocationSource\":\"1\",\"singleUploadLocationSubpath\":\"\",\"restrictFiles\":\"1\",\"allowedKinds\":[\"image\"],\"limit\":\"1\",\"selectionLabel\":\"Add background image\"}','2015-07-21 23:45:44','2015-07-22 00:08:24','71ee152a-bba2-4998-8b60-f39a19e492fb'),(74,NULL,'Text position','textPosition','matrixBlockType:14','',0,'Dropdown','{\"options\":[{\"label\":\"Top\",\"value\":\"top\",\"default\":\"\"},{\"label\":\"Middle\",\"value\":\"middle\",\"default\":\"1\"},{\"label\":\"Bottom\",\"value\":\"bottom\",\"default\":\"\"}]}','2015-07-21 23:45:44','2015-07-22 00:08:24','8df7d02f-f821-47d6-be18-51a380cc72d9'),(75,NULL,'Section Height','sectionHeight','matrixBlockType:14','',0,'Dropdown','{\"options\":[{\"label\":\"Normal\",\"value\":\"normal\",\"default\":\"1\"},{\"label\":\"Short\",\"value\":\"short\",\"default\":\"\"},{\"label\":\"Tall\",\"value\":\"tall\",\"default\":\"\"}]}','2015-07-21 23:47:42','2015-07-22 00:08:24','af44f0fb-3475-4e02-98b4-a518e51e844e'),(76,NULL,'Heading','heading','matrixBlockType:16','',0,'PlainText','{\"placeholder\":\"\",\"maxLength\":\"\",\"multiline\":\"\",\"initialRows\":\"4\"}','2015-07-22 00:08:24','2015-07-22 00:08:24','878a188d-f9fd-4205-a52f-f7039868b0f3'),(77,NULL,'Button Text','buttonText','matrixBlockType:16','',0,'PlainText','{\"placeholder\":\"\",\"maxLength\":\"\",\"multiline\":\"\",\"initialRows\":\"4\"}','2015-07-22 00:08:24','2015-07-22 00:08:24','77e8fdb0-8a87-4487-aa3c-9417fe387eb0'),(78,NULL,'Button URL','buttonUrl','matrixBlockType:16','',0,'PlainText','{\"placeholder\":\"\",\"maxLength\":\"\",\"multiline\":\"\",\"initialRows\":\"4\"}','2015-07-22 00:08:24','2015-07-22 00:08:24','29dc6b9e-dc8f-47ff-9601-195f133895fa'),(79,7,'Details','eDetails','global','',0,'PlainText','{\"placeholder\":\"\",\"maxLength\":\"\",\"multiline\":\"1\",\"initialRows\":\"1\"}','2015-07-22 00:48:18','2015-07-22 00:48:18','2d3d93c2-adb7-48cd-9246-7ae8bcd8165a'),(80,7,'Image','eImage','global','',0,'Assets','{\"useSingleFolder\":\"1\",\"sources\":\"*\",\"defaultUploadLocationSource\":\"1\",\"defaultUploadLocationSubpath\":\"\",\"singleUploadLocationSource\":\"2\",\"singleUploadLocationSubpath\":\"\",\"restrictFiles\":\"1\",\"allowedKinds\":[\"image\"],\"limit\":\"1\",\"selectionLabel\":\"Add image\"}','2015-07-22 00:48:49','2015-07-22 00:50:32','18d2a834-b9ac-46c2-bf6a-46b471445ed7'),(81,7,'Category','eCategory','global','',0,'Categories','{\"source\":\"group:1\",\"limit\":\"\",\"selectionLabel\":\"Add a category\"}','2015-07-22 00:55:59','2015-07-22 00:55:59','f0dde858-7a3d-4617-98ca-a26c65a21200'),(82,8,'Aux Sections','auxSections','global','',0,'Matrix','{\"maxBlocks\":null}','2015-07-22 01:26:28','2015-07-22 02:01:56','18dde103-0202-4582-b040-d667e881d357'),(83,NULL,'Text','text','matrixBlockType:17','',0,'RichText','{\"configFile\":\"\",\"cleanupHtml\":\"1\",\"purifyHtml\":\"\",\"columnType\":\"text\"}','2015-07-22 01:26:29','2015-07-22 02:01:56','32138830-3993-4287-935b-e38b07490dde'),(85,NULL,'First Group Heading','firstGroupHeading','matrixBlockType:19','',0,'PlainText','{\"placeholder\":\"\",\"maxLength\":\"\",\"multiline\":\"\",\"initialRows\":\"4\"}','2015-07-22 01:26:29','2015-07-22 02:01:56','8bb70458-9b4a-451b-854f-c6e09f99048c'),(86,NULL,'First Group Details','firstGroupDetails','matrixBlockType:19','',0,'RichText','{\"configFile\":\"\",\"cleanupHtml\":\"1\",\"purifyHtml\":\"\",\"columnType\":\"text\"}','2015-07-22 01:26:29','2015-07-22 02:01:56','345c3d20-c869-46ef-a8a1-6a8a2ff82587'),(87,NULL,'Second Group Heading','secondGroupHeading','matrixBlockType:19','',0,'PlainText','{\"placeholder\":\"\",\"maxLength\":\"\",\"multiline\":\"\",\"initialRows\":\"4\"}','2015-07-22 01:26:29','2015-07-22 02:01:56','3525c2c4-10aa-481d-8f76-89cd151667e2'),(88,NULL,'Second Group Details','secondGroupDetails','matrixBlockType:19','',0,'RichText','{\"configFile\":\"\",\"cleanupHtml\":\"1\",\"purifyHtml\":\"\",\"columnType\":\"text\"}','2015-07-22 01:26:29','2015-07-22 02:01:57','b0c13826-fda2-41cf-ac42-4f18ac01f92d'),(89,NULL,'Third Group Heading','thirdGroupHeading','matrixBlockType:19','',0,'PlainText','{\"placeholder\":\"\",\"maxLength\":\"\",\"multiline\":\"\",\"initialRows\":\"4\"}','2015-07-22 01:26:29','2015-07-22 02:01:57','cfebe15b-070c-4a91-b93a-a680e7ff71f0'),(90,NULL,'Third Group Details','thirdGroupDetails','matrixBlockType:19','',0,'RichText','{\"configFile\":\"\",\"cleanupHtml\":\"1\",\"purifyHtml\":\"\",\"columnType\":\"text\"}','2015-07-22 01:26:29','2015-07-22 02:01:57','368a9980-df32-4f54-b2f2-b0228a91ab35'),(91,NULL,'Two-Column Text','twoColumnText','matrixBlockType:17','',0,'RichText','{\"configFile\":\"\",\"cleanupHtml\":\"1\",\"purifyHtml\":\"\",\"columnType\":\"text\"}','2015-07-22 01:30:37','2015-07-22 02:01:56','ae3d85ef-ba6f-41e2-aef9-1930ab2e7191'),(93,NULL,'Partner 1 Title','partner1Title','matrixBlockType:20','',0,'PlainText','{\"placeholder\":\"\",\"maxLength\":\"\",\"multiline\":\"\",\"initialRows\":\"4\"}','2015-07-22 01:45:23','2015-07-22 02:01:56','59cecc22-70cc-4d9b-85f7-0ba107ae136a'),(94,NULL,'Partner 1 Name','partner1Name','matrixBlockType:20','',0,'PlainText','{\"placeholder\":\"\",\"maxLength\":\"\",\"multiline\":\"\",\"initialRows\":\"4\"}','2015-07-22 01:45:23','2015-07-22 02:01:56','1baed7fc-6bd0-4387-95d9-812d64b2ca9f'),(95,NULL,'Partner 1 Details','partner1Details','matrixBlockType:20','',0,'PlainText','{\"placeholder\":\"\",\"maxLength\":\"\",\"multiline\":\"1\",\"initialRows\":\"1\"}','2015-07-22 01:45:23','2015-07-22 02:01:56','75074c32-0539-4a83-8675-ed84f2b83f05'),(96,NULL,'Partner 2 Title','partner2Title','matrixBlockType:20','',0,'PlainText','{\"placeholder\":\"\",\"maxLength\":\"\",\"multiline\":\"\",\"initialRows\":\"4\"}','2015-07-22 01:45:23','2015-07-22 02:01:56','47d5be5e-84ad-4861-9b93-8da34004055f'),(97,NULL,'Partner 2 Name','partner2Name','matrixBlockType:20','',0,'PlainText','{\"placeholder\":\"\",\"maxLength\":\"\",\"multiline\":\"\",\"initialRows\":\"4\"}','2015-07-22 01:45:23','2015-07-22 02:01:56','d7f339a0-abd2-4b54-a4f8-e8b68c202c47'),(98,NULL,'Partner 2 Details','partner2Details','matrixBlockType:20','',0,'PlainText','{\"placeholder\":\"\",\"maxLength\":\"\",\"multiline\":\"1\",\"initialRows\":\"1\"}','2015-07-22 01:45:23','2015-07-22 02:01:56','2355947d-df7d-46f5-b8cb-fda59ec0fbee'),(99,NULL,'Heading','heading','matrixBlockType:17','',0,'PlainText','{\"placeholder\":\"\",\"maxLength\":\"\",\"multiline\":\"\",\"initialRows\":\"4\"}','2015-07-22 01:54:53','2015-07-22 02:01:56','90ff05fb-d260-4751-b1f6-363ae4f1fac1'),(100,NULL,'Partner 1 Image','partner1Image','matrixBlockType:20','',0,'Assets','{\"useSingleFolder\":\"\",\"sources\":[\"folder:1\"],\"defaultUploadLocationSource\":\"1\",\"defaultUploadLocationSubpath\":\"\",\"singleUploadLocationSource\":\"1\",\"singleUploadLocationSubpath\":\"\",\"restrictFiles\":\"1\",\"allowedKinds\":[\"image\"],\"limit\":\"1\",\"selectionLabel\":\"Add image\"}','2015-07-22 02:01:56','2015-07-22 02:01:56','04d2748c-245d-4803-a91d-5997a3eb10f1'),(101,NULL,'Partner 2 Image','partner2Image','matrixBlockType:20','',0,'Assets','{\"useSingleFolder\":\"\",\"sources\":[\"folder:1\"],\"defaultUploadLocationSource\":\"1\",\"defaultUploadLocationSubpath\":\"\",\"singleUploadLocationSource\":\"1\",\"singleUploadLocationSubpath\":\"\",\"restrictFiles\":\"1\",\"allowedKinds\":[\"image\"],\"limit\":\"1\",\"selectionLabel\":\"Add image\"}','2015-07-22 02:01:56','2015-07-22 02:01:56','f3dbbb3d-6c46-4d42-981b-7c6f59881360'),(102,4,'Large Image','largeImage','global','',0,'Assets','{\"useSingleFolder\":\"\",\"sources\":[\"folder:1\"],\"defaultUploadLocationSource\":\"1\",\"defaultUploadLocationSubpath\":\"\",\"singleUploadLocationSource\":\"1\",\"singleUploadLocationSubpath\":\"\",\"restrictFiles\":\"1\",\"allowedKinds\":[\"image\"],\"limit\":\"1\",\"selectionLabel\":\"Add image\"}','2015-07-22 02:11:44','2015-07-22 02:11:44','baf43fd6-1a93-442d-8c04-535647cbcd5b');
/*!40000 ALTER TABLE `craft_fields` ENABLE KEYS */;
UNLOCK TABLES;

--
-- Table structure for table `craft_globalsets`
--

DROP TABLE IF EXISTS `craft_globalsets`;
/*!40101 SET @saved_cs_client     = @@character_set_client */;
/*!40101 SET character_set_client = utf8 */;
CREATE TABLE `craft_globalsets` (
  `id` int(11) NOT NULL,
  `name` varchar(255) COLLATE utf8_unicode_ci NOT NULL,
  `handle` varchar(255) COLLATE utf8_unicode_ci NOT NULL,
  `fieldLayoutId` int(10) DEFAULT NULL,
  `dateCreated` datetime NOT NULL,
  `dateUpdated` datetime NOT NULL,
  `uid` char(36) COLLATE utf8_unicode_ci NOT NULL DEFAULT '0',
  PRIMARY KEY (`id`),
  UNIQUE KEY `craft_globalsets_name_unq_idx` (`name`),
  UNIQUE KEY `craft_globalsets_handle_unq_idx` (`handle`),
  KEY `craft_globalsets_fieldLayoutId_fk` (`fieldLayoutId`),
  CONSTRAINT `craft_globalsets_fieldLayoutId_fk` FOREIGN KEY (`fieldLayoutId`) REFERENCES `craft_fieldlayouts` (`id`) ON DELETE SET NULL,
  CONSTRAINT `craft_globalsets_id_fk` FOREIGN KEY (`id`) REFERENCES `craft_elements` (`id`) ON DELETE CASCADE
) ENGINE=InnoDB DEFAULT CHARSET=utf8 COLLATE=utf8_unicode_ci;
/*!40101 SET character_set_client = @saved_cs_client */;

--
-- Dumping data for table `craft_globalsets`
--

LOCK TABLES `craft_globalsets` WRITE;
/*!40000 ALTER TABLE `craft_globalsets` DISABLE KEYS */;
/*!40000 ALTER TABLE `craft_globalsets` ENABLE KEYS */;
UNLOCK TABLES;

--
-- Table structure for table `craft_info`
--

DROP TABLE IF EXISTS `craft_info`;
/*!40101 SET @saved_cs_client     = @@character_set_client */;
/*!40101 SET character_set_client = utf8 */;
CREATE TABLE `craft_info` (
  `id` int(11) NOT NULL AUTO_INCREMENT,
  `version` varchar(15) COLLATE utf8_unicode_ci NOT NULL,
  `build` int(11) unsigned NOT NULL,
  `schemaVersion` varchar(15) COLLATE utf8_unicode_ci NOT NULL,
  `releaseDate` datetime NOT NULL,
  `edition` tinyint(1) unsigned NOT NULL DEFAULT '0',
  `siteName` varchar(100) COLLATE utf8_unicode_ci NOT NULL,
  `siteUrl` varchar(255) COLLATE utf8_unicode_ci NOT NULL,
  `timezone` varchar(30) COLLATE utf8_unicode_ci DEFAULT NULL,
  `on` tinyint(1) unsigned NOT NULL DEFAULT '0',
  `maintenance` tinyint(1) unsigned NOT NULL DEFAULT '0',
  `track` varchar(40) COLLATE utf8_unicode_ci NOT NULL,
  `dateCreated` datetime NOT NULL,
  `dateUpdated` datetime NOT NULL,
  `uid` char(36) COLLATE utf8_unicode_ci NOT NULL DEFAULT '0',
  PRIMARY KEY (`id`)
) ENGINE=InnoDB AUTO_INCREMENT=2 DEFAULT CHARSET=utf8 COLLATE=utf8_unicode_ci;
/*!40101 SET character_set_client = @saved_cs_client */;

--
-- Dumping data for table `craft_info`
--

LOCK TABLES `craft_info` WRITE;
/*!40000 ALTER TABLE `craft_info` DISABLE KEYS */;
INSERT INTO `craft_info` VALUES (1,'2.4',2670,'2.4.0','2015-06-16 18:59:31',2,'KUBE','http://dev.kube.com','UTC',1,0,'stable','2015-07-01 02:34:40','2015-07-27 02:03:10','8630cf16-5b93-4412-bb45-395d37a8cc3a');
/*!40000 ALTER TABLE `craft_info` ENABLE KEYS */;
UNLOCK TABLES;

--
-- Table structure for table `craft_locales`
--

DROP TABLE IF EXISTS `craft_locales`;
/*!40101 SET @saved_cs_client     = @@character_set_client */;
/*!40101 SET character_set_client = utf8 */;
CREATE TABLE `craft_locales` (
  `locale` char(12) COLLATE utf8_unicode_ci NOT NULL,
  `sortOrder` tinyint(4) DEFAULT NULL,
  `dateCreated` datetime NOT NULL,
  `dateUpdated` datetime NOT NULL,
  `uid` char(36) COLLATE utf8_unicode_ci NOT NULL DEFAULT '0',
  PRIMARY KEY (`locale`),
  KEY `craft_locales_sortOrder_idx` (`sortOrder`)
) ENGINE=InnoDB DEFAULT CHARSET=utf8 COLLATE=utf8_unicode_ci;
/*!40101 SET character_set_client = @saved_cs_client */;

--
-- Dumping data for table `craft_locales`
--

LOCK TABLES `craft_locales` WRITE;
/*!40000 ALTER TABLE `craft_locales` DISABLE KEYS */;
INSERT INTO `craft_locales` VALUES ('en_us',1,'2015-07-01 02:34:41','2015-07-01 02:34:41','67e48f96-c190-4295-9a6b-f5c62276deea');
/*!40000 ALTER TABLE `craft_locales` ENABLE KEYS */;
UNLOCK TABLES;

--
-- Table structure for table `craft_matrixblocks`
--

DROP TABLE IF EXISTS `craft_matrixblocks`;
/*!40101 SET @saved_cs_client     = @@character_set_client */;
/*!40101 SET character_set_client = utf8 */;
CREATE TABLE `craft_matrixblocks` (
  `id` int(11) NOT NULL,
  `ownerId` int(11) NOT NULL,
  `fieldId` int(11) NOT NULL,
  `typeId` int(11) DEFAULT NULL,
  `sortOrder` tinyint(4) DEFAULT NULL,
  `ownerLocale` char(12) COLLATE utf8_unicode_ci DEFAULT NULL,
  `dateCreated` datetime NOT NULL,
  `dateUpdated` datetime NOT NULL,
  `uid` char(36) COLLATE utf8_unicode_ci NOT NULL DEFAULT '0',
  PRIMARY KEY (`id`),
  KEY `craft_matrixblocks_ownerId_idx` (`ownerId`),
  KEY `craft_matrixblocks_fieldId_idx` (`fieldId`),
  KEY `craft_matrixblocks_typeId_idx` (`typeId`),
  KEY `craft_matrixblocks_sortOrder_idx` (`sortOrder`),
  KEY `craft_matrixblocks_ownerLocale_fk` (`ownerLocale`),
  CONSTRAINT `craft_matrixblocks_fieldId_fk` FOREIGN KEY (`fieldId`) REFERENCES `craft_fields` (`id`) ON DELETE CASCADE,
  CONSTRAINT `craft_matrixblocks_id_fk` FOREIGN KEY (`id`) REFERENCES `craft_elements` (`id`) ON DELETE CASCADE,
  CONSTRAINT `craft_matrixblocks_ownerId_fk` FOREIGN KEY (`ownerId`) REFERENCES `craft_elements` (`id`) ON DELETE CASCADE,
  CONSTRAINT `craft_matrixblocks_ownerLocale_fk` FOREIGN KEY (`ownerLocale`) REFERENCES `craft_locales` (`locale`) ON DELETE CASCADE ON UPDATE CASCADE,
  CONSTRAINT `craft_matrixblocks_typeId_fk` FOREIGN KEY (`typeId`) REFERENCES `craft_matrixblocktypes` (`id`) ON DELETE CASCADE
) ENGINE=InnoDB DEFAULT CHARSET=utf8 COLLATE=utf8_unicode_ci;
/*!40101 SET character_set_client = @saved_cs_client */;

--
-- Dumping data for table `craft_matrixblocks`
--

LOCK TABLES `craft_matrixblocks` WRITE;
/*!40000 ALTER TABLE `craft_matrixblocks` DISABLE KEYS */;
INSERT INTO `craft_matrixblocks` VALUES (68,2,3,1,1,NULL,'2015-07-21 15:27:19','2015-07-27 03:37:44','581adda6-d697-4d07-b903-0ad5b5e3fb0d'),(74,72,3,1,1,NULL,'2015-07-21 16:00:12','2015-07-26 21:15:43','b8d997be-eae1-4743-9aed-0d63c1037cbf'),(75,73,3,1,1,NULL,'2015-07-21 16:00:46','2015-07-27 03:46:01','927ba688-d653-48ba-acd1-fa727f7fdd03'),(77,76,15,3,2,NULL,'2015-07-21 16:24:42','2015-07-27 03:28:13','23e0c4cc-9363-482a-8cd6-16a86f734a3d'),(78,76,15,3,3,NULL,'2015-07-21 16:24:42','2015-07-27 03:28:13','e659814e-3416-41ef-9565-3f9e85b19f30'),(79,76,15,3,4,NULL,'2015-07-21 16:24:42','2015-07-27 03:28:13','47e7fdc7-e6f6-4fb1-907d-a6f2c909bc22'),(80,76,15,3,1,NULL,'2015-07-21 16:24:42','2015-07-27 03:28:13','b9b27690-fedc-436c-a85b-7d49623ab670'),(81,2,3,4,4,NULL,'2015-07-21 16:27:18','2015-07-27 03:37:45','b568edcb-ce27-41e0-a0e6-ddaeeb8de6cb'),(82,2,3,5,2,NULL,'2015-07-21 16:43:54','2015-07-27 03:37:44','bb20a81f-2840-4809-b8cd-3df241c0daf6'),(83,2,3,7,6,NULL,'2015-07-21 17:02:04','2015-07-27 03:37:45','1e4c4fd7-f949-45bc-a93b-54770fe08006'),(89,2,3,8,7,NULL,'2015-07-21 17:13:17','2015-07-27 03:37:45','285671bd-2dc2-40e5-9f63-3de384e8c9e4'),(91,90,38,9,1,NULL,'2015-07-21 17:33:09','2015-07-22 01:41:08','255c59cc-778c-4d08-b31f-7884b6a7b39f'),(92,90,38,9,2,NULL,'2015-07-21 17:33:09','2015-07-22 01:41:08','68642a62-002f-4bf0-bad8-0b626caa855a'),(93,90,38,10,3,NULL,'2015-07-21 17:33:09','2015-07-22 01:41:08','d5df5e19-16dd-4796-8ef5-f91ab1e3bd4c'),(95,94,38,9,1,NULL,'2015-07-21 17:34:06','2015-07-27 02:12:32','7e0ff99b-6975-4ef8-8ec8-661c0d05266e'),(98,94,38,10,2,NULL,'2015-07-21 18:10:43','2015-07-27 02:12:32','2e8af53d-a582-4e20-82d5-b4f7399d86a9'),(100,94,38,9,4,NULL,'2015-07-21 18:10:43','2015-07-27 02:12:32','47a850f5-1aa8-4371-be6f-18625442e54e'),(101,94,38,10,5,NULL,'2015-07-21 18:10:43','2015-07-27 02:12:32','b8c7afb4-a8f9-4513-9d5a-1f4d605bd417'),(105,72,3,11,2,NULL,'2015-07-21 18:19:03','2015-07-26 21:15:43','30d1b3ed-f1bf-47c7-8c2c-0d57c74114e2'),(109,72,3,12,3,NULL,'2015-07-21 18:47:04','2015-07-26 21:15:43','8dc47bef-a722-4566-9001-f07bfbed6096'),(110,72,3,7,4,NULL,'2015-07-21 19:19:46','2015-07-26 21:15:43','717f54ff-1457-4183-b481-c712dc3e433e'),(111,72,3,13,5,NULL,'2015-07-21 19:23:21','2015-07-26 21:15:43','0a049e7f-b02a-4703-86b1-d1c1c4bcdf69'),(112,72,3,14,6,NULL,'2015-07-21 19:23:21','2015-07-26 21:15:43','6876b628-8b79-4317-a827-edd347ab8df3'),(113,72,3,15,7,NULL,'2015-07-21 19:28:53','2015-07-26 21:15:43','ff8bb4dc-dfba-4345-9e1d-0c7341803538'),(114,72,3,6,8,NULL,'2015-07-21 19:46:53','2015-07-26 21:15:43','faeeb6c0-d9f4-4921-8752-44a9b4c535e2'),(115,72,3,14,9,NULL,'2015-07-21 23:46:39','2015-07-26 21:15:43','d8685d6c-4044-4ef8-8582-5917bc4dc048'),(116,72,3,16,10,NULL,'2015-07-22 00:36:43','2015-07-26 21:15:43','4ff66fea-03d4-4213-b4b0-6853bd108ff2'),(137,94,38,9,3,NULL,'2015-07-22 01:17:15','2015-07-27 02:12:32','951bee8a-dd9d-4ee5-9171-281c506ef1f1'),(138,94,38,9,6,NULL,'2015-07-22 01:17:15','2015-07-27 02:12:32','d663ac0b-317e-4c10-a013-3689297734aa'),(139,94,38,9,7,NULL,'2015-07-22 01:17:15','2015-07-27 02:12:32','f2906e1c-1cbc-4d67-9041-b3b7ac7fc821'),(140,94,38,9,8,NULL,'2015-07-22 01:17:15','2015-07-27 02:12:32','7dc4cdb0-7015-491c-a4d9-78e289b56ee5'),(141,133,82,17,1,NULL,'2015-07-22 01:28:51','2015-07-27 03:47:01','c2323d68-78d6-440f-9e15-6fb905a26f88'),(143,90,38,9,4,NULL,'2015-07-22 01:41:08','2015-07-22 01:41:08','bb2bb8ea-4ed4-40ea-acab-e86110865f14'),(144,90,38,9,5,NULL,'2015-07-22 01:41:08','2015-07-22 01:41:08','22978650-f640-43cb-bf52-249c90d58252'),(145,133,82,20,2,NULL,'2015-07-22 01:48:57','2015-07-27 03:47:01','66478127-cd8b-4549-b970-1d11baf1db4b'),(146,133,82,19,3,NULL,'2015-07-22 01:48:57','2015-07-27 03:47:01','507c5c78-1eaf-45ae-8edd-050c597a8e91'),(147,134,82,17,1,NULL,'2015-07-22 02:09:00','2015-07-22 02:09:00','533135b3-023f-49ad-9330-ceb8f3b131b9'),(185,2,3,13,3,NULL,'2015-07-27 01:08:12','2015-07-27 03:37:44','6827463b-83a4-43f2-bfab-df17b2ffd36d'),(188,2,3,13,5,NULL,'2015-07-27 01:42:53','2015-07-27 03:37:45','0a9ad0bf-f811-427f-9cfb-acee54c307c4');
/*!40000 ALTER TABLE `craft_matrixblocks` ENABLE KEYS */;
UNLOCK TABLES;

--
-- Table structure for table `craft_matrixblocktypes`
--

DROP TABLE IF EXISTS `craft_matrixblocktypes`;
/*!40101 SET @saved_cs_client     = @@character_set_client */;
/*!40101 SET character_set_client = utf8 */;
CREATE TABLE `craft_matrixblocktypes` (
  `id` int(11) NOT NULL AUTO_INCREMENT,
  `fieldId` int(11) NOT NULL,
  `fieldLayoutId` int(11) DEFAULT NULL,
  `name` varchar(255) COLLATE utf8_unicode_ci NOT NULL,
  `handle` varchar(255) COLLATE utf8_unicode_ci NOT NULL,
  `sortOrder` tinyint(4) DEFAULT NULL,
  `dateCreated` datetime NOT NULL,
  `dateUpdated` datetime NOT NULL,
  `uid` char(36) COLLATE utf8_unicode_ci NOT NULL DEFAULT '0',
  PRIMARY KEY (`id`),
  UNIQUE KEY `craft_matrixblocktypes_name_fieldId_unq_idx` (`name`,`fieldId`),
  UNIQUE KEY `craft_matrixblocktypes_handle_fieldId_unq_idx` (`handle`,`fieldId`),
  KEY `craft_matrixblocktypes_fieldId_fk` (`fieldId`),
  KEY `craft_matrixblocktypes_fieldLayoutId_fk` (`fieldLayoutId`),
  CONSTRAINT `craft_matrixblocktypes_fieldId_fk` FOREIGN KEY (`fieldId`) REFERENCES `craft_fields` (`id`) ON DELETE CASCADE,
  CONSTRAINT `craft_matrixblocktypes_fieldLayoutId_fk` FOREIGN KEY (`fieldLayoutId`) REFERENCES `craft_fieldlayouts` (`id`) ON DELETE SET NULL
) ENGINE=InnoDB AUTO_INCREMENT=21 DEFAULT CHARSET=utf8 COLLATE=utf8_unicode_ci;
/*!40101 SET character_set_client = @saved_cs_client */;

--
-- Dumping data for table `craft_matrixblocktypes`
--

LOCK TABLES `craft_matrixblocktypes` WRITE;
/*!40000 ALTER TABLE `craft_matrixblocktypes` DISABLE KEYS */;
INSERT INTO `craft_matrixblocktypes` VALUES (1,3,272,'Hero','hero',1,'2015-07-21 15:15:37','2015-07-22 00:08:24','b6f2d8ed-713d-4f28-9241-d3b3e1c3c68b'),(3,15,23,'Item','item',1,'2015-07-21 16:21:47','2015-07-21 16:21:47','64bfca1a-9c5a-48ad-b70d-709073a262f6'),(4,3,273,'Feature List','featureList',2,'2015-07-21 16:26:53','2015-07-22 00:08:24','f1cedbb7-265a-4f27-adbf-8e262bff45a0'),(5,3,274,'Experience A','experienceA',3,'2015-07-21 16:41:13','2015-07-22 00:08:24','e15f9a7d-356a-4f39-9972-005003cdae52'),(6,3,275,'Experience B','experienceB',4,'2015-07-21 16:41:14','2015-07-22 00:08:24','414c584b-3b9c-4200-a571-599969ecf38d'),(7,3,276,'Half Text - Half Image','halfTextHalfImage',5,'2015-07-21 17:01:09','2015-07-22 00:08:24','d26a75ad-4aa0-4a47-a2ed-e53bf5a942e8'),(8,3,278,'Vendor Image List','vendorImageList',7,'2015-07-21 17:12:49','2015-07-22 00:08:24','ea3692c5-23eb-459f-b341-24f0ca634359'),(9,38,60,'Internal Page Link','internalPageLink',1,'2015-07-21 17:31:19','2015-07-21 17:37:34','1e1405f7-96ae-4dff-8760-6726e6b99c28'),(10,38,61,'Custom Link','customLink',2,'2015-07-21 17:31:19','2015-07-21 17:37:35','480b3c8e-7514-4aee-aadd-09f5ae77eecc'),(11,3,277,'Half Image - Half Text','halfImageHalfText',6,'2015-07-21 18:18:07','2015-07-22 00:08:24','2d4b93c4-7d0c-4b1d-9796-942e02640b69'),(12,3,279,'Parts Grid','partsGrid',8,'2015-07-21 18:40:31','2015-07-22 00:08:24','19675e62-02d1-4c5c-8388-5738e8410e8f'),(13,3,280,'Wide Image','wideImage',9,'2015-07-21 19:22:24','2015-07-22 00:08:24','e3213878-5df9-4352-ae17-e784cbe50a03'),(14,3,281,'Text','text',10,'2015-07-21 19:22:24','2015-07-22 00:08:24','6fb03082-560e-450e-848d-5c6006f45291'),(15,3,282,'Sound Widget','soundWidget',11,'2015-07-21 19:28:39','2015-07-22 00:08:24','e0a0c69f-4b53-4f77-856d-753e9b80fd1e'),(16,3,283,'Accessories Grid','accessoriesGrid',12,'2015-07-22 00:08:24','2015-07-22 00:08:25','e1d85a57-9265-4cb5-a332-4be76ae140d9'),(17,82,324,'Two-Column Text + Text','twoColumnTextText',1,'2015-07-22 01:26:28','2015-07-22 02:01:56','2d91bf31-6edc-40fa-b589-32562d3f4302'),(19,82,326,'Contact Info','contactInfo',3,'2015-07-22 01:26:29','2015-07-22 02:01:57','3bcdd36d-ed6e-4dcd-8f03-59059301740d'),(20,82,325,'Partners','partners',2,'2015-07-22 01:45:23','2015-07-22 02:01:56','3dbed7f0-7562-4bb1-ae07-b04242d7cf25');
/*!40000 ALTER TABLE `craft_matrixblocktypes` ENABLE KEYS */;
UNLOCK TABLES;

--
-- Table structure for table `craft_matrixcontent_auxsections`
--

DROP TABLE IF EXISTS `craft_matrixcontent_auxsections`;
/*!40101 SET @saved_cs_client     = @@character_set_client */;
/*!40101 SET character_set_client = utf8 */;
CREATE TABLE `craft_matrixcontent_auxsections` (
  `id` int(11) NOT NULL AUTO_INCREMENT,
  `elementId` int(11) NOT NULL,
  `locale` char(12) COLLATE utf8_unicode_ci NOT NULL,
  `field_twoColumnTextText_text` text COLLATE utf8_unicode_ci,
  `field_text_text` text COLLATE utf8_unicode_ci,
  `field_contactInfo_firstGroupHeading` text COLLATE utf8_unicode_ci,
  `field_contactInfo_firstGroupDetails` text COLLATE utf8_unicode_ci,
  `field_contactInfo_secondGroupHeading` text COLLATE utf8_unicode_ci,
  `field_contactInfo_secondGroupDetails` text COLLATE utf8_unicode_ci,
  `field_contactInfo_thirdGroupHeading` text COLLATE utf8_unicode_ci,
  `field_contactInfo_thirdGroupDetails` text COLLATE utf8_unicode_ci,
  `field_twoColumnTextText_twoColumnText` text COLLATE utf8_unicode_ci,
  `field_partners_partner1Title` text COLLATE utf8_unicode_ci,
  `field_partners_partner1Name` text COLLATE utf8_unicode_ci,
  `field_partners_partner1Details` text COLLATE utf8_unicode_ci,
  `field_partners_partner2Title` text COLLATE utf8_unicode_ci,
  `field_partners_partner2Name` text COLLATE utf8_unicode_ci,
  `field_partners_partner2Details` text COLLATE utf8_unicode_ci,
  `field_twoColumnTextText_heading` text COLLATE utf8_unicode_ci,
  `dateCreated` datetime NOT NULL,
  `dateUpdated` datetime NOT NULL,
  `uid` char(36) COLLATE utf8_unicode_ci NOT NULL DEFAULT '0',
  PRIMARY KEY (`id`),
  UNIQUE KEY `craft_matrixcontent_auxsections_elementId_locale_unq_idx` (`elementId`,`locale`),
  KEY `craft_matrixcontent_auxsections_locale_idx` (`locale`),
  CONSTRAINT `craft_matrixcontent_auxsections_elementId_fk` FOREIGN KEY (`elementId`) REFERENCES `craft_elements` (`id`) ON DELETE CASCADE,
  CONSTRAINT `craft_matrixcontent_auxsections_locale_fk` FOREIGN KEY (`locale`) REFERENCES `craft_locales` (`locale`) ON DELETE CASCADE ON UPDATE CASCADE
) ENGINE=InnoDB AUTO_INCREMENT=6 DEFAULT CHARSET=utf8 COLLATE=utf8_unicode_ci;
/*!40101 SET character_set_client = @saved_cs_client */;

--
-- Dumping data for table `craft_matrixcontent_auxsections`
--

LOCK TABLES `craft_matrixcontent_auxsections` WRITE;
/*!40000 ALTER TABLE `craft_matrixcontent_auxsections` DISABLE KEYS */;
INSERT INTO `craft_matrixcontent_auxsections` VALUES (1,141,'en_us','<p>Body copy text sizing. Sed do eiusmod tempor incididunt ut labore et dolore magna aliqua. Ut enim ad minim veniam, nostrud exercitation ullamco laboris nisi ut aliquip. Lorem ipsum dolor sit amet, consectetur adipisicing elit, sed do eiusmod tempor incididunt ut labore et dolore magna aliqua.</p>',NULL,NULL,NULL,NULL,NULL,NULL,NULL,'<p>Body copy text sizing. Sed do eiusmod tempor incididunt ut labore et dolore magna aliqua. Ut enim ad minim veniam, nostrud exercitation ullamco laboris nisi ut aliquip. Lorem ipsum dolor sit amet, consectetur adipisicing elit, sed do eiusmod tempor incididunt ut labore et dolore magna aliqua.</p><p>Body copy text sizing. Sed do eiusmod tempor incididunt ut labore et dolore magna aliqua. Ut enim ad minim veniam, nostrud exercitation ullamco laboris nisi ut aliquip. Lorem ipsum dolor sit amet, consectetur adipisicing elit, sed do eiusmod tempor incididunt ut labore et dolore magna aliqua.</p>',NULL,NULL,NULL,NULL,NULL,NULL,'About','2015-07-22 01:28:51','2015-07-27 03:47:01','0f872257-82ce-48e4-88bc-ddfc75c279f2'),(3,145,'en_us',NULL,NULL,NULL,NULL,NULL,NULL,NULL,NULL,NULL,'Founder and CEO','Russell Williamson','Body copy text sizing. Sed do eiusmod tempor incididunt ut labore et dolore magna aliqua. Ut enim ad minim veniam, quis nostrud exercitation ullamco laboris nisi ut aliquip. Sed do eiusmod tempor incididunt ut labore et dolore magna aliqua. Ut enim ad minim veniam, nostrud exercitation.','Co-Founder','Nathan George','Body copy text sizing. Sed do eiusmod tempor incididunt ut labore et dolore magna aliqua. Ut enim ad minim veniam, quis nostrud exercitation ullamco laboris nisi ut aliquip. Sed do eiusmod tempor incididunt ut labore et dolore magna aliqua. Ut enim ad minim veniam, nostrud exercitation.',NULL,'2015-07-22 01:48:57','2015-07-27 03:47:01','873b7d17-d2df-4693-95f3-1fd31b2c0fe8'),(4,146,'en_us',NULL,NULL,'Sales','<p>512.000.0000</p><p>sales@company.com</p>','Press','<p>512.000.0000</p><p>sales@company.com</p>','Support','<p>512.000.0000</p><p>sales@company.com</p>',NULL,NULL,NULL,NULL,NULL,NULL,NULL,NULL,'2015-07-22 01:48:57','2015-07-27 03:47:01','0e73c78b-0436-472d-9657-7d4e51d54344'),(5,147,'en_us','<p>Body copy text sizing. Sed do eiusmod tempor incididunt ut labore et dolore magna aliqua. Ut enim ad minim veniam, nostrud exercitation ullamco laboris nisi ut aliquip. Lorem ipsum dolor sit amet, consectetur adipisicing elit, sed do eiusmod tempor incididunt ut labore et dolore magna aliqua.</p>',NULL,NULL,NULL,NULL,NULL,NULL,NULL,'',NULL,NULL,NULL,NULL,NULL,NULL,'Partners','2015-07-22 02:09:00','2015-07-22 02:09:00','c3c856bd-0896-4c46-8ba5-9dc8b1a3a9b6');
/*!40000 ALTER TABLE `craft_matrixcontent_auxsections` ENABLE KEYS */;
UNLOCK TABLES;

--
-- Table structure for table `craft_matrixcontent_links`
--

DROP TABLE IF EXISTS `craft_matrixcontent_links`;
/*!40101 SET @saved_cs_client     = @@character_set_client */;
/*!40101 SET character_set_client = utf8 */;
CREATE TABLE `craft_matrixcontent_links` (
  `id` int(11) NOT NULL AUTO_INCREMENT,
  `elementId` int(11) NOT NULL,
  `locale` char(12) COLLATE utf8_unicode_ci NOT NULL,
  `field_customLink_label` text COLLATE utf8_unicode_ci,
  `field_customLink_linkUrl` text COLLATE utf8_unicode_ci,
  `field_internalPageLink_label` text COLLATE utf8_unicode_ci,
  `field_customLink_opensInNewTab` tinyint(1) unsigned NOT NULL DEFAULT '0',
  `dateCreated` datetime NOT NULL,
  `dateUpdated` datetime NOT NULL,
  `uid` char(36) COLLATE utf8_unicode_ci NOT NULL DEFAULT '0',
  PRIMARY KEY (`id`),
  UNIQUE KEY `craft_matrixcontent_links_elementId_locale_unq_idx` (`elementId`,`locale`),
  KEY `craft_matrixcontent_links_locale_fk` (`locale`),
  CONSTRAINT `craft_matrixcontent_links_elementId_fk` FOREIGN KEY (`elementId`) REFERENCES `craft_elements` (`id`) ON DELETE CASCADE,
  CONSTRAINT `craft_matrixcontent_links_locale_fk` FOREIGN KEY (`locale`) REFERENCES `craft_locales` (`locale`) ON DELETE CASCADE ON UPDATE CASCADE
) ENGINE=InnoDB AUTO_INCREMENT=21 DEFAULT CHARSET=utf8 COLLATE=utf8_unicode_ci;
/*!40101 SET character_set_client = @saved_cs_client */;

--
-- Dumping data for table `craft_matrixcontent_links`
--

LOCK TABLES `craft_matrixcontent_links` WRITE;
/*!40000 ALTER TABLE `craft_matrixcontent_links` DISABLE KEYS */;
INSERT INTO `craft_matrixcontent_links` VALUES (1,91,'en_us',NULL,NULL,'',0,'2015-07-21 17:33:09','2015-07-22 01:41:07','11c9bbd3-b73d-4722-bbbc-00bb455b3526'),(2,92,'en_us',NULL,NULL,'',0,'2015-07-21 17:33:09','2015-07-22 01:41:08','04be6cbc-567e-4e0e-a8e5-64b345e61b3e'),(3,93,'en_us','Store','/',NULL,1,'2015-07-21 17:33:09','2015-07-22 01:41:08','74c04f89-847f-407a-b503-fce0728f92bb'),(4,95,'en_us',NULL,NULL,'',0,'2015-07-21 17:34:06','2015-07-27 02:12:31','e81ad9cb-f980-48e9-a1c2-d339b19199e0'),(7,98,'en_us','Specs','/',NULL,0,'2015-07-21 18:10:43','2015-07-27 02:12:32','78487ac3-b2f5-4a9f-8c33-2596709a57ea'),(9,100,'en_us',NULL,NULL,'',0,'2015-07-21 18:10:43','2015-07-27 02:12:32','0318f682-652c-49d4-9c1c-f1fffd238b5a'),(10,101,'en_us','Store','/',NULL,0,'2015-07-21 18:10:43','2015-07-27 02:12:32','a4e37332-5f01-4bdd-aaca-f0a128f6d551'),(14,137,'en_us',NULL,NULL,'',0,'2015-07-22 01:17:15','2015-07-27 02:12:32','a8ecd20b-1ce3-445b-b6bd-aca2395c151e'),(15,138,'en_us',NULL,NULL,'',0,'2015-07-22 01:17:15','2015-07-27 02:12:32','34c8779b-ba7d-4ee6-8781-5507974bf979'),(16,139,'en_us',NULL,NULL,'',0,'2015-07-22 01:17:15','2015-07-27 02:12:32','e587b9a2-5410-4022-a386-e899ab7ec169'),(17,140,'en_us',NULL,NULL,'',0,'2015-07-22 01:17:15','2015-07-27 02:12:32','abebc1f8-e158-4f67-9830-b7d73514d694'),(18,143,'en_us',NULL,NULL,'',0,'2015-07-22 01:41:08','2015-07-22 01:41:08','44933bdc-bb21-4d54-bd36-4a7fa1e33374'),(19,144,'en_us',NULL,NULL,'',0,'2015-07-22 01:41:08','2015-07-22 01:41:08','2a6cf60d-91e4-45b0-931d-377c2b4bcacb');
/*!40000 ALTER TABLE `craft_matrixcontent_links` ENABLE KEYS */;
UNLOCK TABLES;

--
-- Table structure for table `craft_matrixcontent_list`
--

DROP TABLE IF EXISTS `craft_matrixcontent_list`;
/*!40101 SET @saved_cs_client     = @@character_set_client */;
/*!40101 SET character_set_client = utf8 */;
CREATE TABLE `craft_matrixcontent_list` (
  `id` int(11) NOT NULL AUTO_INCREMENT,
  `elementId` int(11) NOT NULL,
  `locale` char(12) COLLATE utf8_unicode_ci NOT NULL,
  `field_item_heading` text COLLATE utf8_unicode_ci,
  `field_item_description` text COLLATE utf8_unicode_ci,
  `dateCreated` datetime NOT NULL,
  `dateUpdated` datetime NOT NULL,
  `uid` char(36) COLLATE utf8_unicode_ci NOT NULL DEFAULT '0',
  PRIMARY KEY (`id`),
  UNIQUE KEY `craft_matrixcontent_list_elementId_locale_unq_idx` (`elementId`,`locale`),
  KEY `craft_matrixcontent_list_locale_fk` (`locale`),
  CONSTRAINT `craft_matrixcontent_list_elementId_fk` FOREIGN KEY (`elementId`) REFERENCES `craft_elements` (`id`) ON DELETE CASCADE,
  CONSTRAINT `craft_matrixcontent_list_locale_fk` FOREIGN KEY (`locale`) REFERENCES `craft_locales` (`locale`) ON DELETE CASCADE ON UPDATE CASCADE
) ENGINE=InnoDB AUTO_INCREMENT=5 DEFAULT CHARSET=utf8 COLLATE=utf8_unicode_ci;
/*!40101 SET character_set_client = @saved_cs_client */;

--
-- Dumping data for table `craft_matrixcontent_list`
--

LOCK TABLES `craft_matrixcontent_list` WRITE;
/*!40000 ALTER TABLE `craft_matrixcontent_list` DISABLE KEYS */;
INSERT INTO `craft_matrixcontent_list` VALUES (1,77,'en_us','Marine Grade Water Resistance','Our components are rated to take even the toughest beating. Your adventure with Kube won\'t be limited by its ability to withstand the elements.','2015-07-21 16:24:42','2015-07-27 03:28:13','b5f5f0c4-51d1-48f0-a991-e5f72abf012c'),(2,78,'en_us','Bluetooth Connectivity','Kube makes it easy to entertain. With high fidelity Bluetooth or line in options, Kube is incredibly diverse and adaptable to your needs. ','2015-07-21 16:24:42','2015-07-27 03:28:13','ac444296-f3ea-4a78-a8ad-562d438867d9'),(3,79,'en_us','Insulated Storage','Kube\'s internally lit storage compartment will keep your champagne chilled or your gear safe. No other audio product delivers this versatility. ','2015-07-21 16:24:42','2015-07-27 03:28:13','de89166e-dd68-4a12-9646-2b918287daef'),(4,80,'en_us','Epic Sound','With 400 Watts of power, Kube delivers full range sound up to 125 dB.  It\'s like having a pro audio system in a never-before-seen consumer product.  Hearing is believing.','2015-07-21 16:24:42','2015-07-27 03:28:13','1b7bdc33-72fc-4e8e-900a-120b9705f1c6');
/*!40000 ALTER TABLE `craft_matrixcontent_list` ENABLE KEYS */;
UNLOCK TABLES;

--
-- Table structure for table `craft_matrixcontent_sections`
--

DROP TABLE IF EXISTS `craft_matrixcontent_sections`;
/*!40101 SET @saved_cs_client     = @@character_set_client */;
/*!40101 SET character_set_client = utf8 */;
CREATE TABLE `craft_matrixcontent_sections` (
  `id` int(11) NOT NULL AUTO_INCREMENT,
  `elementId` int(11) NOT NULL,
  `locale` char(12) COLLATE utf8_unicode_ci NOT NULL,
  `field_hero_heading` text COLLATE utf8_unicode_ci,
  `field_hero_buttonText` text COLLATE utf8_unicode_ci,
  `field_hero_buttonUrl` text COLLATE utf8_unicode_ci,
  `field_hero_makeShort` tinyint(1) unsigned NOT NULL DEFAULT '0',
  `field_heroLeftAlignedText_heading` text COLLATE utf8_unicode_ci,
  `field_heroLeftAlignedText_buttonText` text COLLATE utf8_unicode_ci,
  `field_heroLeftAlignedText_buttonUrl` text COLLATE utf8_unicode_ci,
  `field_heroLeftAlignedText_makeShort` tinyint(1) unsigned NOT NULL DEFAULT '0',
  `field_hero_leftAlignText` tinyint(1) unsigned NOT NULL DEFAULT '0',
  `field_experienceA_heading` text COLLATE utf8_unicode_ci,
  `field_experienceA_details` text COLLATE utf8_unicode_ci,
  `field_experienceA_secondHeading` text COLLATE utf8_unicode_ci,
  `field_experienceA_buttonText` text COLLATE utf8_unicode_ci,
  `field_experienceA_buttonUrl` text COLLATE utf8_unicode_ci,
  `field_experienceB_heading` text COLLATE utf8_unicode_ci,
  `field_halfTextHalfImage_heading` text COLLATE utf8_unicode_ci,
  `field_halfTextHalfImage_details` text COLLATE utf8_unicode_ci,
  `field_halfTextHalfImage_buttonText` text COLLATE utf8_unicode_ci,
  `field_halfTextHalfImage_buttonUrl` text COLLATE utf8_unicode_ci,
  `field_halfTextHalfImage_solidButton` tinyint(1) unsigned NOT NULL DEFAULT '0',
  `field_halfImageHalfText_heading` text COLLATE utf8_unicode_ci,
  `field_halfImageHalfText_details` text COLLATE utf8_unicode_ci,
  `field_partsGrid_heading` text COLLATE utf8_unicode_ci,
  `field_partsGrid_details` text COLLATE utf8_unicode_ci,
  `field_halfTextHalfImage_imageStyle` varchar(255) COLLATE utf8_unicode_ci DEFAULT 'normal',
  `field_text_heading` text COLLATE utf8_unicode_ci,
  `field_text_details` text COLLATE utf8_unicode_ci,
  `field_soundWidget_comingSoon` text COLLATE utf8_unicode_ci,
  `field_experienceB_details` text COLLATE utf8_unicode_ci,
  `field_experienceB_experienceDetails` text COLLATE utf8_unicode_ci,
  `field_text_textPosition` varchar(255) COLLATE utf8_unicode_ci DEFAULT 'middle',
  `field_text_sectionHeight` varchar(255) COLLATE utf8_unicode_ci DEFAULT 'normal',
  `field_accessoriesGrid_heading` text COLLATE utf8_unicode_ci,
  `field_accessoriesGrid_buttonText` text COLLATE utf8_unicode_ci,
  `field_accessoriesGrid_buttonUrl` text COLLATE utf8_unicode_ci,
  `dateCreated` datetime NOT NULL,
  `dateUpdated` datetime NOT NULL,
  `uid` char(36) COLLATE utf8_unicode_ci NOT NULL DEFAULT '0',
  PRIMARY KEY (`id`),
  UNIQUE KEY `craft_matrixcontent_sections_elementId_locale_unq_idx` (`elementId`,`locale`),
  KEY `craft_matrixcontent_sections_locale_fk` (`locale`),
  CONSTRAINT `craft_matrixcontent_sections_elementId_fk` FOREIGN KEY (`elementId`) REFERENCES `craft_elements` (`id`) ON DELETE CASCADE,
  CONSTRAINT `craft_matrixcontent_sections_locale_fk` FOREIGN KEY (`locale`) REFERENCES `craft_locales` (`locale`) ON DELETE CASCADE ON UPDATE CASCADE
) ENGINE=InnoDB AUTO_INCREMENT=21 DEFAULT CHARSET=utf8 COLLATE=utf8_unicode_ci;
/*!40101 SET character_set_client = @saved_cs_client */;

--
-- Dumping data for table `craft_matrixcontent_sections`
--

LOCK TABLES `craft_matrixcontent_sections` WRITE;
/*!40000 ALTER TABLE `craft_matrixcontent_sections` DISABLE KEYS */;
INSERT INTO `craft_matrixcontent_sections` VALUES (1,68,'en_us','Entertainment: Reimagined','Meet KUBE','/',0,NULL,NULL,NULL,0,0,NULL,NULL,NULL,NULL,NULL,NULL,NULL,NULL,NULL,NULL,0,NULL,NULL,NULL,NULL,NULL,NULL,NULL,NULL,NULL,NULL,NULL,NULL,NULL,NULL,NULL,'2015-07-21 15:27:19','2015-07-27 03:37:44','7e20bd56-9672-47d9-9f9d-768a5cebabc1'),(3,74,'en_us','HUGE, PORTABLE\r\nSOUND REDEFINED','','',0,NULL,NULL,NULL,0,1,NULL,NULL,NULL,NULL,NULL,NULL,NULL,NULL,NULL,NULL,0,NULL,NULL,NULL,NULL,NULL,NULL,NULL,NULL,NULL,NULL,NULL,NULL,NULL,NULL,NULL,'2015-07-21 16:00:12','2015-07-26 21:15:43','082ce242-52bb-4fbb-8cb9-ba8d25009d92'),(4,75,'en_us','HOW DO\r\nYOU KUBE?','','',0,NULL,NULL,NULL,0,0,NULL,NULL,NULL,NULL,NULL,NULL,NULL,NULL,NULL,NULL,0,NULL,NULL,NULL,NULL,NULL,NULL,NULL,NULL,NULL,NULL,NULL,NULL,NULL,NULL,NULL,'2015-07-21 16:00:46','2015-07-27 03:46:01','0ee241bb-9a2d-4d85-8c66-47075e4e4ddf'),(5,81,'en_us',NULL,NULL,NULL,0,NULL,NULL,NULL,0,0,NULL,NULL,NULL,NULL,NULL,NULL,NULL,NULL,NULL,NULL,0,NULL,NULL,NULL,NULL,NULL,NULL,NULL,NULL,NULL,NULL,NULL,NULL,NULL,NULL,NULL,'2015-07-21 16:27:18','2015-07-27 03:37:44','673e57e8-719d-470a-bdaa-cc85987afc2b'),(6,82,'en_us',NULL,NULL,NULL,0,NULL,NULL,NULL,0,0,'Massive sound and functionality that has to be experienced. ','Don\'t confuse Kube with your Bluetooth speaker. Kube is an all new product that combines earth-shaking sound while providing utility, in a gorgeous package. No matter where you take Kube, you\'ll entertain like never before.','Bring Kube. Bring the Entertainment.','View More Experiences','/experiences',NULL,NULL,NULL,NULL,NULL,0,NULL,NULL,NULL,NULL,NULL,NULL,NULL,NULL,NULL,NULL,NULL,NULL,NULL,NULL,NULL,'2015-07-21 16:43:54','2015-07-27 03:37:44','a4d06adb-be47-4be5-9e58-9dda2bb9982a'),(7,83,'en_us',NULL,NULL,NULL,0,NULL,NULL,NULL,0,0,NULL,NULL,NULL,NULL,NULL,NULL,'Bring Home Kube','Kube is available at $1499 MSRP. Our first production units begin shipping in January of 2016 but are available for preorder today. Click to reserve yours now','Preorder','/',0,NULL,NULL,NULL,NULL,'wide',NULL,NULL,NULL,NULL,NULL,NULL,NULL,NULL,NULL,NULL,'2015-07-21 17:02:04','2015-07-27 03:37:45','7e5b3fbf-a2bd-4863-b7e9-291303849278'),(8,89,'en_us',NULL,NULL,NULL,0,NULL,NULL,NULL,0,0,NULL,NULL,NULL,NULL,NULL,NULL,NULL,NULL,NULL,NULL,0,NULL,NULL,NULL,NULL,NULL,NULL,NULL,NULL,NULL,NULL,NULL,NULL,NULL,NULL,NULL,'2015-07-21 17:13:17','2015-07-27 03:37:45','c266a00f-507f-419d-a2d6-40c0fa932d1d'),(9,105,'en_us',NULL,NULL,NULL,0,NULL,NULL,NULL,0,0,NULL,NULL,NULL,NULL,NULL,NULL,NULL,NULL,NULL,NULL,0,'HEADER ALT 2','Body copy text sizing. Sed do eiusmod tempor incididunt ut labore et dolore magna aliqua. Ut enim ad minim veniam, quis nostrud exercitation ullamco laboris nisi ut aliquip.',NULL,NULL,NULL,NULL,NULL,NULL,NULL,NULL,NULL,NULL,NULL,NULL,NULL,'2015-07-21 18:19:03','2015-07-26 21:15:43','75baafdf-bc58-4767-b1d7-4ded8808a8b8'),(10,109,'en_us',NULL,NULL,NULL,0,NULL,NULL,NULL,0,0,NULL,NULL,NULL,NULL,NULL,NULL,NULL,NULL,NULL,NULL,0,NULL,NULL,'Uncompromising Quality','Body copy text sizing. Sed do eiusmod tempor incididunt ut labore et dolore magna aliqua. Ut enim ad minim veniam, quis nostrud exercitation ullamco laboris nisi ut aliquip.',NULL,NULL,NULL,NULL,NULL,NULL,NULL,NULL,NULL,NULL,NULL,'2015-07-21 18:47:04','2015-07-26 21:15:43','fef09128-e278-4c3b-9594-14393db0f078'),(11,110,'en_us',NULL,NULL,NULL,0,NULL,NULL,NULL,0,0,NULL,NULL,NULL,NULL,NULL,NULL,'Exceptional Battery Life','Body copy text sizing. Sed do eiusmod tempor incididunt ut labore et dolore magna aliqua. Ut enim ad minim veniam, quis nostrud exercitation ullamco laboris nisi ut aliquip.','d','d',0,NULL,NULL,NULL,NULL,'full',NULL,NULL,NULL,NULL,NULL,NULL,NULL,NULL,NULL,NULL,'2015-07-21 19:19:46','2015-07-26 21:15:43','79a4eb76-5e38-437a-9101-56748631b270'),(12,111,'en_us',NULL,NULL,NULL,0,NULL,NULL,NULL,0,0,NULL,NULL,NULL,NULL,NULL,NULL,NULL,NULL,NULL,NULL,0,NULL,NULL,NULL,NULL,NULL,NULL,NULL,NULL,NULL,NULL,NULL,NULL,NULL,NULL,NULL,'2015-07-21 19:23:21','2015-07-26 21:15:43','5e6cf156-22a0-4afe-b2b6-f8a0e3dde1e7'),(13,112,'en_us',NULL,NULL,NULL,0,NULL,NULL,NULL,0,0,NULL,NULL,NULL,NULL,NULL,NULL,NULL,NULL,NULL,NULL,0,NULL,NULL,NULL,NULL,NULL,'Full Range of Sound','Body copy text sizing. Sed do eiusmod tempor incididunt ut labore et dolore magna aliqua. Ut enim ad minim veniam, quis nostrud exercitation ullamco laboris nisi ut aliquip.',NULL,NULL,NULL,'middle','normal',NULL,NULL,NULL,'2015-07-21 19:23:21','2015-07-26 21:15:43','fa81f7b1-3981-470c-9990-37ea70fa1bb3'),(14,113,'en_us',NULL,NULL,NULL,0,NULL,NULL,NULL,0,0,NULL,NULL,NULL,NULL,NULL,NULL,NULL,NULL,NULL,NULL,0,NULL,NULL,NULL,NULL,NULL,NULL,NULL,'',NULL,NULL,NULL,NULL,NULL,NULL,NULL,'2015-07-21 19:28:53','2015-07-26 21:15:43','69212681-570d-4e20-8aa9-0c60ffed4bfe'),(15,114,'en_us',NULL,NULL,NULL,0,NULL,NULL,NULL,0,0,NULL,NULL,NULL,NULL,NULL,'Marine Grade Water Resistance',NULL,NULL,NULL,NULL,0,NULL,NULL,NULL,NULL,NULL,NULL,NULL,NULL,NULL,'Body copy text sizing. Sed do eiusmod tempor incididunt ut labore et dolore magna aliqua. Ut enim ad minim veniam, quis nostrud exercitation ullamco laboris nisi ut aliquip ex ea commodo consequat.',NULL,NULL,NULL,NULL,NULL,'2015-07-21 19:46:53','2015-07-26 21:15:43','435ecae8-3f7f-4f93-b4cd-5ac31fb47d04'),(16,115,'en_us',NULL,NULL,NULL,0,NULL,NULL,NULL,0,0,NULL,NULL,NULL,NULL,NULL,NULL,NULL,NULL,NULL,NULL,0,NULL,NULL,NULL,NULL,NULL,'Insulated Storage','Body copy text sizing. Sed do eiusmod tempor incididunt ut labore et dolore magna aliqua. Ut enim ad minim veniam, quis nostrud exercitation ullamco laboris nisi ut aliquip.',NULL,NULL,NULL,'top','tall',NULL,NULL,NULL,'2015-07-21 23:46:39','2015-07-26 21:15:43','3758ffcb-3f84-4b30-893f-853cd02a3586'),(17,116,'en_us',NULL,NULL,NULL,0,NULL,NULL,NULL,0,0,NULL,NULL,NULL,NULL,NULL,NULL,NULL,NULL,NULL,NULL,0,NULL,NULL,NULL,NULL,NULL,NULL,NULL,NULL,NULL,NULL,NULL,NULL,'Accessories','Buy','/','2015-07-22 00:36:43','2015-07-26 21:15:43','d4af12c0-cd6c-4102-afa2-2ea1f2436a46'),(18,185,'en_us',NULL,NULL,NULL,0,NULL,NULL,NULL,0,0,NULL,NULL,NULL,NULL,NULL,NULL,NULL,NULL,NULL,NULL,0,NULL,NULL,NULL,NULL,NULL,NULL,NULL,NULL,NULL,NULL,NULL,NULL,NULL,NULL,NULL,'2015-07-27 01:08:12','2015-07-27 03:37:44','1e8255a3-6174-4ee9-aaf9-33f2c72dafb7'),(19,188,'en_us',NULL,NULL,NULL,0,NULL,NULL,NULL,0,0,NULL,NULL,NULL,NULL,NULL,NULL,NULL,NULL,NULL,NULL,0,NULL,NULL,NULL,NULL,NULL,NULL,NULL,NULL,NULL,NULL,NULL,NULL,NULL,NULL,NULL,'2015-07-27 01:42:53','2015-07-27 03:37:45','d1e87b9f-ded4-423e-8c11-3bb54e34b1e7');
/*!40000 ALTER TABLE `craft_matrixcontent_sections` ENABLE KEYS */;
UNLOCK TABLES;

--
-- Table structure for table `craft_migrations`
--

DROP TABLE IF EXISTS `craft_migrations`;
/*!40101 SET @saved_cs_client     = @@character_set_client */;
/*!40101 SET character_set_client = utf8 */;
CREATE TABLE `craft_migrations` (
  `id` int(11) NOT NULL AUTO_INCREMENT,
  `pluginId` int(11) DEFAULT NULL,
  `version` varchar(255) COLLATE utf8_unicode_ci NOT NULL,
  `applyTime` datetime NOT NULL,
  `dateCreated` datetime NOT NULL,
  `dateUpdated` datetime NOT NULL,
  `uid` char(36) COLLATE utf8_unicode_ci NOT NULL DEFAULT '0',
  PRIMARY KEY (`id`),
  UNIQUE KEY `craft_migrations_version_unq_idx` (`version`),
  KEY `craft_migrations_pluginId_fk` (`pluginId`),
  CONSTRAINT `craft_migrations_pluginId_fk` FOREIGN KEY (`pluginId`) REFERENCES `craft_plugins` (`id`) ON DELETE CASCADE
) ENGINE=InnoDB AUTO_INCREMENT=16 DEFAULT CHARSET=utf8 COLLATE=utf8_unicode_ci;
/*!40101 SET character_set_client = @saved_cs_client */;

--
-- Dumping data for table `craft_migrations`
--

LOCK TABLES `craft_migrations` WRITE;
/*!40000 ALTER TABLE `craft_migrations` DISABLE KEYS */;
INSERT INTO `craft_migrations` VALUES (1,NULL,'m000000_000000_base','2015-07-01 02:34:41','2015-07-01 02:34:41','2015-07-01 02:34:41','cd1a0b41-0d5c-43eb-9dc8-e6b2f64518c9'),(2,NULL,'m140730_000001_add_filename_and_format_to_transformindex','2015-07-01 02:34:41','2015-07-01 02:34:41','2015-07-01 02:34:41','ac64080e-450e-4e38-8837-a1e08eb05bfb'),(3,NULL,'m140815_000001_add_format_to_transforms','2015-07-01 02:34:41','2015-07-01 02:34:41','2015-07-01 02:34:41','fbd9ff12-4add-443b-a549-3477cf2a1831'),(4,NULL,'m140822_000001_allow_more_than_128_items_per_field','2015-07-01 02:34:41','2015-07-01 02:34:41','2015-07-01 02:34:41','1e206963-4617-404f-8b32-fb401d1aea5f'),(5,NULL,'m140829_000001_single_title_formats','2015-07-01 02:34:41','2015-07-01 02:34:41','2015-07-01 02:34:41','f957ea20-361e-4d50-a0f7-30cfda9eb206'),(6,NULL,'m140831_000001_extended_cache_keys','2015-07-01 02:34:41','2015-07-01 02:34:41','2015-07-01 02:34:41','49ec5704-3b4b-4bb2-9a80-419f7d791189'),(7,NULL,'m140922_000001_delete_orphaned_matrix_blocks','2015-07-01 02:34:41','2015-07-01 02:34:41','2015-07-01 02:34:41','d9b89637-4f01-4119-bb93-e157d3cf8336'),(8,NULL,'m141008_000001_elements_index_tune','2015-07-01 02:34:41','2015-07-01 02:34:41','2015-07-01 02:34:41','dd241c2f-fae7-4ce9-af4a-68ea3c743b9b'),(9,NULL,'m141009_000001_assets_source_handle','2015-07-01 02:34:41','2015-07-01 02:34:41','2015-07-01 02:34:41','01d21459-f960-4a4a-8bea-b76a7ff4815e'),(10,NULL,'m141024_000001_field_layout_tabs','2015-07-01 02:34:41','2015-07-01 02:34:41','2015-07-01 02:34:41','4b5c2722-f057-4f75-a18a-ee1428454915'),(11,NULL,'m141030_000001_drop_structure_move_permission','2015-07-01 02:34:41','2015-07-01 02:34:41','2015-07-01 02:34:41','b8f795e1-8908-499c-a5c5-aff07bcac6f5'),(12,NULL,'m141103_000001_tag_titles','2015-07-01 02:34:41','2015-07-01 02:34:41','2015-07-01 02:34:41','6e908d5e-ffdf-4a1b-ba98-1c0a074ff7c8'),(13,NULL,'m141109_000001_user_status_shuffle','2015-07-01 02:34:41','2015-07-01 02:34:41','2015-07-01 02:34:41','c2067ee6-35d5-4c5c-b97b-b602eaa9d680'),(14,NULL,'m141126_000001_user_week_start_day','2015-07-01 02:34:41','2015-07-01 02:34:41','2015-07-01 02:34:41','5d18d07f-c5dd-4b02-95fa-0e64a10cb388'),(15,NULL,'m150210_000001_adjust_user_photo_size','2015-07-01 02:34:41','2015-07-01 02:34:41','2015-07-01 02:34:41','2f47d547-a524-4d80-a949-0ede9431b14d');
/*!40000 ALTER TABLE `craft_migrations` ENABLE KEYS */;
UNLOCK TABLES;

--
-- Table structure for table `craft_plugins`
--

DROP TABLE IF EXISTS `craft_plugins`;
/*!40101 SET @saved_cs_client     = @@character_set_client */;
/*!40101 SET character_set_client = utf8 */;
CREATE TABLE `craft_plugins` (
  `id` int(11) NOT NULL AUTO_INCREMENT,
  `class` varchar(150) COLLATE utf8_unicode_ci NOT NULL,
  `version` char(15) COLLATE utf8_unicode_ci NOT NULL,
  `enabled` tinyint(1) unsigned NOT NULL DEFAULT '0',
  `settings` text COLLATE utf8_unicode_ci,
  `installDate` datetime NOT NULL,
  `dateCreated` datetime NOT NULL,
  `dateUpdated` datetime NOT NULL,
  `uid` char(36) COLLATE utf8_unicode_ci NOT NULL DEFAULT '0',
  PRIMARY KEY (`id`)
) ENGINE=InnoDB DEFAULT CHARSET=utf8 COLLATE=utf8_unicode_ci;
/*!40101 SET character_set_client = @saved_cs_client */;

--
-- Dumping data for table `craft_plugins`
--

LOCK TABLES `craft_plugins` WRITE;
/*!40000 ALTER TABLE `craft_plugins` DISABLE KEYS */;
/*!40000 ALTER TABLE `craft_plugins` ENABLE KEYS */;
UNLOCK TABLES;

--
-- Table structure for table `craft_rackspaceaccess`
--

DROP TABLE IF EXISTS `craft_rackspaceaccess`;
/*!40101 SET @saved_cs_client     = @@character_set_client */;
/*!40101 SET character_set_client = utf8 */;
CREATE TABLE `craft_rackspaceaccess` (
  `id` int(11) NOT NULL AUTO_INCREMENT,
  `connectionKey` varchar(255) COLLATE utf8_unicode_ci NOT NULL,
  `token` varchar(255) COLLATE utf8_unicode_ci NOT NULL,
  `storageUrl` varchar(255) COLLATE utf8_unicode_ci NOT NULL,
  `cdnUrl` varchar(255) COLLATE utf8_unicode_ci NOT NULL,
  `dateCreated` datetime NOT NULL,
  `dateUpdated` datetime NOT NULL,
  `uid` char(36) COLLATE utf8_unicode_ci NOT NULL DEFAULT '0',
  PRIMARY KEY (`id`),
  UNIQUE KEY `craft_rackspaceaccess_connectionKey_unq_idx` (`connectionKey`)
) ENGINE=InnoDB DEFAULT CHARSET=utf8 COLLATE=utf8_unicode_ci;
/*!40101 SET character_set_client = @saved_cs_client */;

--
-- Dumping data for table `craft_rackspaceaccess`
--

LOCK TABLES `craft_rackspaceaccess` WRITE;
/*!40000 ALTER TABLE `craft_rackspaceaccess` DISABLE KEYS */;
/*!40000 ALTER TABLE `craft_rackspaceaccess` ENABLE KEYS */;
UNLOCK TABLES;

--
-- Table structure for table `craft_relations`
--

DROP TABLE IF EXISTS `craft_relations`;
/*!40101 SET @saved_cs_client     = @@character_set_client */;
/*!40101 SET character_set_client = utf8 */;
CREATE TABLE `craft_relations` (
  `id` int(11) NOT NULL AUTO_INCREMENT,
  `fieldId` int(11) NOT NULL,
  `sourceId` int(11) NOT NULL,
  `sourceLocale` char(12) COLLATE utf8_unicode_ci DEFAULT NULL,
  `targetId` int(11) NOT NULL,
  `sortOrder` smallint(6) DEFAULT NULL,
  `dateCreated` datetime NOT NULL,
  `dateUpdated` datetime NOT NULL,
  `uid` char(36) COLLATE utf8_unicode_ci NOT NULL DEFAULT '0',
  PRIMARY KEY (`id`),
  UNIQUE KEY `craft_relations_fieldId_sourceId_sourceLocale_targetId_unq_idx` (`fieldId`,`sourceId`,`sourceLocale`,`targetId`),
  KEY `craft_relations_sourceId_fk` (`sourceId`),
  KEY `craft_relations_sourceLocale_fk` (`sourceLocale`),
  KEY `craft_relations_targetId_fk` (`targetId`),
  CONSTRAINT `craft_relations_fieldId_fk` FOREIGN KEY (`fieldId`) REFERENCES `craft_fields` (`id`) ON DELETE CASCADE,
  CONSTRAINT `craft_relations_sourceId_fk` FOREIGN KEY (`sourceId`) REFERENCES `craft_elements` (`id`) ON DELETE CASCADE,
  CONSTRAINT `craft_relations_sourceLocale_fk` FOREIGN KEY (`sourceLocale`) REFERENCES `craft_locales` (`locale`) ON DELETE CASCADE ON UPDATE CASCADE,
  CONSTRAINT `craft_relations_targetId_fk` FOREIGN KEY (`targetId`) REFERENCES `craft_elements` (`id`) ON DELETE CASCADE
) ENGINE=InnoDB AUTO_INCREMENT=853 DEFAULT CHARSET=utf8 COLLATE=utf8_unicode_ci;
/*!40101 SET character_set_client = @saved_cs_client */;

--
-- Dumping data for table `craft_relations`
--

LOCK TABLES `craft_relations` WRITE;
/*!40000 ALTER TABLE `craft_relations` DISABLE KEYS */;
INSERT INTO `craft_relations` VALUES (216,39,91,NULL,72,1,'2015-07-22 01:41:07','2015-07-22 01:41:07','a8aca538-e88d-4109-af24-c07fce11e387'),(217,39,92,NULL,73,1,'2015-07-22 01:41:08','2015-07-22 01:41:08','00b84218-ea73-4017-a092-a17fca7de415'),(218,39,143,NULL,135,1,'2015-07-22 01:41:08','2015-07-22 01:41:08','715dd991-adf5-4209-9b90-541d8058ff2d'),(219,39,144,NULL,136,1,'2015-07-22 01:41:08','2015-07-22 01:41:08','0bcdb3b5-2cba-40b4-88bf-27b37a632b8b'),(224,36,88,NULL,49,1,'2015-07-22 02:12:19','2015-07-22 02:12:19','d2ac8c42-a45e-40fc-829b-196e8c3eed7b'),(225,102,88,NULL,66,1,'2015-07-22 02:12:19','2015-07-22 02:12:19','aba85319-399f-4d6e-a829-b2a9838506df'),(226,36,87,NULL,49,1,'2015-07-22 02:12:29','2015-07-22 02:12:29','a3d14a43-1133-4c8c-96ad-727fb0ad279c'),(227,102,87,NULL,66,1,'2015-07-22 02:12:29','2015-07-22 02:12:29','83e4c5cd-e76f-4626-a67f-f97d78d9ffb5'),(228,36,86,NULL,49,1,'2015-07-22 02:12:38','2015-07-22 02:12:38','7924a490-9a54-48b5-a525-360b033494dd'),(229,102,86,NULL,66,1,'2015-07-22 02:12:38','2015-07-22 02:12:38','87f0308c-9283-4cab-9bb5-9859abbbe396'),(230,36,85,NULL,49,1,'2015-07-22 02:12:48','2015-07-22 02:12:48','6884c683-e155-48a9-ba9c-78d5136f5c28'),(231,102,85,NULL,66,1,'2015-07-22 02:12:48','2015-07-22 02:12:48','5bf1e1e4-b7e6-440e-b99d-ef02a60ddc96'),(232,36,84,NULL,49,1,'2015-07-22 02:12:56','2015-07-22 02:12:56','5a18f7c4-81f3-464a-93cf-97508bb94d25'),(233,102,84,NULL,66,1,'2015-07-22 02:12:56','2015-07-22 02:12:56','d3adca6c-b612-4854-96d1-af2f8370cf92'),(252,80,126,NULL,118,1,'2015-07-26 20:54:55','2015-07-26 20:54:55','90ef10f3-5527-4b0b-b58a-b5d128d77c06'),(253,81,126,NULL,130,1,'2015-07-26 20:54:55','2015-07-26 20:54:55','e6441346-eab3-4464-9085-768fa1b65642'),(254,80,127,NULL,119,1,'2015-07-26 20:55:06','2015-07-26 20:55:06','47a47cc3-f7fd-4e05-9535-b4459539af60'),(255,81,127,NULL,130,1,'2015-07-26 20:55:06','2015-07-26 20:55:06','1ee2bd5f-fb95-4721-8e36-84d11643a7ff'),(256,81,127,NULL,132,2,'2015-07-26 20:55:06','2015-07-26 20:55:06','006e28c2-7c9b-4846-b5cf-7e4b2c0b790b'),(257,80,128,NULL,121,1,'2015-07-26 20:55:16','2015-07-26 20:55:16','db80dbf2-8287-4353-be0f-0c900e2a67fd'),(258,81,128,NULL,132,1,'2015-07-26 20:55:16','2015-07-26 20:55:16','79e15b35-5d73-4888-90f6-11ad71d61836'),(259,80,124,NULL,117,1,'2015-07-26 20:55:24','2015-07-26 20:55:24','bbf2d065-691b-4928-b753-d7a6a60c8543'),(260,54,108,NULL,44,1,'2015-07-26 21:13:04','2015-07-26 21:13:04','eae3090f-2d12-4914-8031-1c747aa9c0cf'),(261,54,106,NULL,40,1,'2015-07-26 21:13:17','2015-07-26 21:13:17','da1284a1-9477-48c6-b3b5-11da8164ef3a'),(262,54,107,NULL,42,1,'2015-07-26 21:13:30','2015-07-26 21:13:30','cf9c3c5c-6176-41fe-8498-1560d689b1bf'),(263,4,74,NULL,28,1,'2015-07-26 21:15:43','2015-07-26 21:15:43','00cacf96-e595-40c0-bd17-d0d8348f1b15'),(264,44,105,NULL,34,1,'2015-07-26 21:15:43','2015-07-26 21:15:43','5b3c0383-aa62-484c-8251-c33ff3a00bce'),(265,49,109,NULL,36,1,'2015-07-26 21:15:43','2015-07-26 21:15:43','80145c43-a4d9-4a34-acbd-b9e6ee82c7f2'),(266,50,109,NULL,38,1,'2015-07-26 21:15:43','2015-07-26 21:15:43','9f0eb92b-6fd4-4b9c-913e-f0e0e1acb50e'),(267,51,109,NULL,106,1,'2015-07-26 21:15:43','2015-07-26 21:15:43','ff7d5e82-ccf3-49ad-90e9-bfff03d2e6d6'),(268,51,109,NULL,107,2,'2015-07-26 21:15:43','2015-07-26 21:15:43','126da094-dbcc-4489-a843-761af9f37995'),(269,51,109,NULL,108,3,'2015-07-26 21:15:43','2015-07-26 21:15:43','730fc234-2dbd-4cc3-ba65-08793956bd92'),(270,33,110,NULL,46,1,'2015-07-26 21:15:43','2015-07-26 21:15:43','eb59e85b-ea9c-46ff-b330-d822b158dac0'),(271,56,111,NULL,45,1,'2015-07-26 21:15:43','2015-07-26 21:15:43','2154d234-5140-487d-b24e-5abb497b9341'),(272,67,114,NULL,24,1,'2015-07-26 21:15:43','2015-07-26 21:15:43','2689167a-0f99-45b0-bd4e-fb93ce15adf5'),(273,68,114,NULL,31,1,'2015-07-26 21:15:43','2015-07-26 21:15:43','6874e808-f60c-4529-93fd-f8135ae381e4'),(274,70,114,NULL,30,1,'2015-07-26 21:15:43','2015-07-26 21:15:43','52b4e79a-d431-47ed-9d61-646a326c3449'),(275,71,114,NULL,48,1,'2015-07-26 21:15:43','2015-07-26 21:15:43','9c5455be-1080-4d15-a8ec-488cc1b22dd4'),(276,72,114,NULL,29,1,'2015-07-26 21:15:43','2015-07-26 21:15:43','47f12cb3-0b11-481b-a8e3-b7137609ed78'),(277,73,115,NULL,33,1,'2015-07-26 21:15:43','2015-07-26 21:15:43','ad1980a9-23b5-4ab9-9c93-e021d8c0b3b3'),(290,80,149,NULL,120,1,'2015-07-26 21:18:56','2015-07-26 21:18:56','a49c0925-e23b-4a1d-bad3-a54e1b88d393'),(506,80,129,NULL,170,1,'2015-07-27 00:18:15','2015-07-27 00:18:15','0ce0af26-ed39-413b-bc62-ecb50ab5d134'),(507,81,129,NULL,132,1,'2015-07-27 00:18:15','2015-07-27 00:18:15','d73efa88-f23a-45ad-8016-7c1207a85044'),(510,80,125,NULL,173,1,'2015-07-27 00:24:39','2015-07-27 00:24:39','dbbb07ca-ca63-4e89-bef0-96e955538b5f'),(511,81,125,NULL,131,1,'2015-07-27 00:24:39','2015-07-27 00:24:39','3316307f-fd40-437f-973a-ee1f604501a9'),(634,36,148,NULL,49,1,'2015-07-27 02:10:28','2015-07-27 02:10:28','3e2767c5-b931-4a1e-acc7-685476e60dfe'),(635,102,148,NULL,66,1,'2015-07-27 02:10:28','2015-07-27 02:10:28','29d68585-ff60-40a4-90a4-bc3d9b5703c2'),(642,39,95,NULL,72,1,'2015-07-27 02:12:31','2015-07-27 02:12:31','fbc99bd2-975f-4a22-8fbb-c62f6ec399b5'),(643,39,137,NULL,133,1,'2015-07-27 02:12:32','2015-07-27 02:12:32','6eb69e88-7841-4aaa-b240-fe5cc7e62b0e'),(644,39,100,NULL,73,1,'2015-07-27 02:12:32','2015-07-27 02:12:32','cb31bfd8-a860-440b-8a58-4c8de46a44b4'),(645,39,138,NULL,134,1,'2015-07-27 02:12:32','2015-07-27 02:12:32','2c4aa37c-9b83-4253-b255-070fcd956d7c'),(646,39,139,NULL,135,1,'2015-07-27 02:12:32','2015-07-27 02:12:32','f8c1b85b-c26f-4ef2-be58-a09173fef607'),(647,39,140,NULL,136,1,'2015-07-27 02:12:32','2015-07-27 02:12:32','567c372a-0ba6-4eb4-85ae-5f5b5cf8ba64'),(740,18,80,NULL,180,1,'2015-07-27 03:28:13','2015-07-27 03:28:13','3c186f95-0383-4fa7-84ee-003ebb453521'),(741,18,77,NULL,174,1,'2015-07-27 03:28:13','2015-07-27 03:28:13','ef7c7c22-a032-4006-9baf-c461a47b47bb'),(742,18,78,NULL,181,1,'2015-07-27 03:28:13','2015-07-27 03:28:13','d607b32d-acf9-42ca-9673-8d3c6f38f6a6'),(743,18,79,NULL,175,1,'2015-07-27 03:28:13','2015-07-27 03:28:13','45bf4b3b-5251-4697-93b9-5f595822ca32'),(835,4,68,NULL,153,1,'2015-07-27 03:37:44','2015-07-27 03:37:44','a3f1c0fe-1a22-4ac1-a970-dc27f0ca969e'),(836,22,82,NULL,162,1,'2015-07-27 03:37:44','2015-07-27 03:37:44','1e2b4d98-4ce7-4938-8091-b6db8a29b457'),(837,23,82,NULL,165,1,'2015-07-27 03:37:44','2015-07-27 03:37:44','5c9e5620-1216-4c70-9828-f201d985f34e'),(838,24,82,NULL,164,1,'2015-07-27 03:37:44','2015-07-27 03:37:44','750ee936-9ad4-458a-99a9-b63ceb0b81f8'),(839,56,185,NULL,186,1,'2015-07-27 03:37:44','2015-07-27 03:37:44','a93d4300-9199-4c1a-b5d2-c465283376e5'),(840,19,81,NULL,76,1,'2015-07-27 03:37:45','2015-07-27 03:37:45','0ba12b73-04db-4d7a-a6d5-a07180f874dd'),(841,56,188,NULL,187,1,'2015-07-27 03:37:45','2015-07-27 03:37:45','c183d3a3-1c23-4081-8bb3-1089ec7dff94'),(842,33,83,NULL,169,1,'2015-07-27 03:37:45','2015-07-27 03:37:45','3bba9c83-03b6-404d-972d-a316cc0d28c3'),(843,37,89,NULL,88,1,'2015-07-27 03:37:45','2015-07-27 03:37:45','85684e51-524e-4408-85d5-25c1a78214fa'),(844,37,89,NULL,87,2,'2015-07-27 03:37:45','2015-07-27 03:37:45','383454da-5165-4ce3-a19f-bb8707fbf724'),(845,37,89,NULL,86,3,'2015-07-27 03:37:45','2015-07-27 03:37:45','59bd4bf4-818c-4a40-8916-a83d90ece432'),(846,37,89,NULL,85,4,'2015-07-27 03:37:45','2015-07-27 03:37:45','27ea37df-96cb-4412-ba7c-b1fc61e92aca'),(847,37,89,NULL,84,5,'2015-07-27 03:37:45','2015-07-27 03:37:45','6bc27606-47c0-49f9-828d-cf92f85dce95'),(850,4,75,NULL,172,1,'2015-07-27 03:46:01','2015-07-27 03:46:01','826c6f74-c1f6-4d43-96ff-d0b480b7e714'),(851,100,145,NULL,14,1,'2015-07-27 03:47:01','2015-07-27 03:47:01','effa2514-887b-437b-ac8f-99a4f87891c8'),(852,101,145,NULL,13,1,'2015-07-27 03:47:01','2015-07-27 03:47:01','1e50fce8-1d7c-4e46-9af9-18a019445aa2');
/*!40000 ALTER TABLE `craft_relations` ENABLE KEYS */;
UNLOCK TABLES;

--
-- Table structure for table `craft_routes`
--

DROP TABLE IF EXISTS `craft_routes`;
/*!40101 SET @saved_cs_client     = @@character_set_client */;
/*!40101 SET character_set_client = utf8 */;
CREATE TABLE `craft_routes` (
  `id` int(11) NOT NULL AUTO_INCREMENT,
  `locale` char(12) COLLATE utf8_unicode_ci DEFAULT NULL,
  `urlParts` varchar(255) COLLATE utf8_unicode_ci NOT NULL,
  `urlPattern` varchar(255) COLLATE utf8_unicode_ci NOT NULL,
  `template` varchar(255) COLLATE utf8_unicode_ci NOT NULL,
  `sortOrder` tinyint(4) DEFAULT NULL,
  `dateCreated` datetime NOT NULL,
  `dateUpdated` datetime NOT NULL,
  `uid` char(36) COLLATE utf8_unicode_ci NOT NULL DEFAULT '0',
  PRIMARY KEY (`id`),
  UNIQUE KEY `craft_routes_urlPattern_unq_idx` (`urlPattern`),
  KEY `craft_routes_locale_idx` (`locale`),
  CONSTRAINT `craft_routes_locale_fk` FOREIGN KEY (`locale`) REFERENCES `craft_locales` (`locale`) ON DELETE CASCADE ON UPDATE CASCADE
) ENGINE=InnoDB DEFAULT CHARSET=utf8 COLLATE=utf8_unicode_ci;
/*!40101 SET character_set_client = @saved_cs_client */;

--
-- Dumping data for table `craft_routes`
--

LOCK TABLES `craft_routes` WRITE;
/*!40000 ALTER TABLE `craft_routes` DISABLE KEYS */;
/*!40000 ALTER TABLE `craft_routes` ENABLE KEYS */;
UNLOCK TABLES;

--
-- Table structure for table `craft_searchindex`
--

DROP TABLE IF EXISTS `craft_searchindex`;
/*!40101 SET @saved_cs_client     = @@character_set_client */;
/*!40101 SET character_set_client = utf8 */;
CREATE TABLE `craft_searchindex` (
  `elementId` int(11) NOT NULL,
  `attribute` varchar(25) COLLATE utf8_unicode_ci NOT NULL,
  `fieldId` int(11) NOT NULL,
  `locale` char(12) COLLATE utf8_unicode_ci NOT NULL,
  `keywords` text COLLATE utf8_unicode_ci NOT NULL,
  PRIMARY KEY (`elementId`,`attribute`,`fieldId`,`locale`),
  FULLTEXT KEY `craft_searchindex_keywords_idx` (`keywords`)
) ENGINE=MyISAM DEFAULT CHARSET=utf8 COLLATE=utf8_unicode_ci;
/*!40101 SET character_set_client = @saved_cs_client */;

--
-- Dumping data for table `craft_searchindex`
--

LOCK TABLES `craft_searchindex` WRITE;
/*!40000 ALTER TABLE `craft_searchindex` DISABLE KEYS */;
INSERT INTO `craft_searchindex` VALUES (1,'username',0,'en_us',' admin '),(1,'firstname',0,'en_us',''),(1,'lastname',0,'en_us',''),(1,'fullname',0,'en_us',''),(1,'email',0,'en_us',' to brian bravo gmail com '),(1,'slug',0,'en_us',''),(2,'slug',0,'en_us',' homepage '),(2,'title',0,'en_us',' home '),(2,'field',1,'en_us',' it s true this site doesn t have a whole lot of content yet but don t worry our web developers have just installed the cms and they re setting things up for the content editors this very moment soon dev kube com will be an oasis of fresh perspectives sharp analyses and astute opinions that will keep you coming back again and again '),(68,'field',4,'en_us',' kube beach '),(74,'field',4,'en_us',' hero bg '),(74,'field',5,'en_us',' huge portable sound redefined '),(74,'field',6,'en_us',''),(74,'field',7,'en_us',''),(74,'field',14,'en_us',' 1 '),(74,'field',8,'en_us',' 0 '),(74,'slug',0,'en_us',''),(73,'field',3,'en_us',' kubeexperience how do you kube 0 0 '),(75,'field',4,'en_us',' kubeexperience '),(73,'title',0,'en_us',' experiences '),(4,'filename',0,'en_us',' kube logo square svg '),(4,'extension',0,'en_us',' svg '),(4,'kind',0,'en_us',' image '),(4,'slug',0,'en_us',' kube logo square '),(4,'title',0,'en_us',' kube logo square '),(5,'filename',0,'en_us',' menu svg '),(5,'extension',0,'en_us',' svg '),(5,'kind',0,'en_us',' image '),(5,'slug',0,'en_us',' menu '),(5,'title',0,'en_us',' menu '),(6,'filename',0,'en_us',' facebook svg '),(6,'extension',0,'en_us',' svg '),(6,'kind',0,'en_us',' image '),(6,'slug',0,'en_us',' facebook '),(6,'title',0,'en_us',' facebook '),(7,'filename',0,'en_us',' square logo png '),(7,'extension',0,'en_us',' png '),(7,'kind',0,'en_us',' image '),(7,'slug',0,'en_us',' square logo '),(7,'title',0,'en_us',' square logo '),(8,'filename',0,'en_us',' thin x svg '),(8,'extension',0,'en_us',' svg '),(8,'kind',0,'en_us',' image '),(8,'slug',0,'en_us',' thin x '),(8,'title',0,'en_us',' thin x '),(9,'filename',0,'en_us',' triangle down svg '),(9,'extension',0,'en_us',' svg '),(9,'kind',0,'en_us',' image '),(9,'slug',0,'en_us',' triangle down '),(9,'title',0,'en_us',' triangle down '),(10,'filename',0,'en_us',' twitter svg '),(10,'extension',0,'en_us',' svg '),(10,'kind',0,'en_us',' image '),(10,'slug',0,'en_us',' twitter '),(10,'title',0,'en_us',' twitter '),(11,'filename',0,'en_us',' youtube svg '),(11,'extension',0,'en_us',' svg '),(11,'kind',0,'en_us',' image '),(11,'slug',0,'en_us',' youtube '),(11,'title',0,'en_us',' youtube '),(12,'filename',0,'en_us',' kube illustration png '),(12,'extension',0,'en_us',' png '),(12,'kind',0,'en_us',' image '),(12,'slug',0,'en_us',' kube illustration '),(12,'title',0,'en_us',' kube illustration '),(13,'filename',0,'en_us',' nathan jpg '),(13,'extension',0,'en_us',' jpg '),(13,'kind',0,'en_us',' image '),(13,'slug',0,'en_us',' nathan '),(13,'title',0,'en_us',' nathan '),(14,'filename',0,'en_us',' russell jpg '),(14,'extension',0,'en_us',' jpg '),(14,'kind',0,'en_us',' image '),(14,'slug',0,'en_us',' russell '),(14,'title',0,'en_us',' russell '),(15,'filename',0,'en_us',' fpo jpg '),(15,'extension',0,'en_us',' jpg '),(15,'kind',0,'en_us',' image '),(15,'slug',0,'en_us',' fpo '),(15,'title',0,'en_us',' fpo '),(16,'filename',0,'en_us',' experience 1 jpg '),(16,'extension',0,'en_us',' jpg '),(16,'kind',0,'en_us',' image '),(16,'slug',0,'en_us',' experience 1 '),(16,'title',0,'en_us',' experience 1 '),(17,'filename',0,'en_us',' experience 2 jpg '),(17,'extension',0,'en_us',' jpg '),(17,'kind',0,'en_us',' image '),(17,'slug',0,'en_us',' experience 2 '),(17,'title',0,'en_us',' experience 2 '),(18,'filename',0,'en_us',' experience 3 jpg '),(18,'extension',0,'en_us',' jpg '),(18,'kind',0,'en_us',' image '),(18,'slug',0,'en_us',' experience 3 '),(18,'title',0,'en_us',' experience 3 '),(19,'filename',0,'en_us',' experience 4 jpg '),(19,'extension',0,'en_us',' jpg '),(19,'kind',0,'en_us',' image '),(19,'slug',0,'en_us',' experience 4 '),(19,'title',0,'en_us',' experience 4 '),(20,'filename',0,'en_us',' experience 5 jpg '),(20,'extension',0,'en_us',' jpg '),(20,'kind',0,'en_us',' image '),(20,'slug',0,'en_us',' experience 5 '),(20,'title',0,'en_us',' experience 5 '),(21,'filename',0,'en_us',' experience 6 jpg '),(21,'extension',0,'en_us',' jpg '),(21,'kind',0,'en_us',' image '),(21,'slug',0,'en_us',' experience 6 '),(21,'title',0,'en_us',' experience 6 '),(22,'filename',0,'en_us',' hero bg jpg '),(22,'extension',0,'en_us',' jpg '),(22,'kind',0,'en_us',' image '),(22,'slug',0,'en_us',' hero bg '),(22,'title',0,'en_us',' hero bg '),(23,'filename',0,'en_us',' accessory 1 jpg '),(23,'extension',0,'en_us',' jpg '),(23,'kind',0,'en_us',' image '),(23,'slug',0,'en_us',' accessory 1 '),(23,'title',0,'en_us',' accessory 1 '),(24,'filename',0,'en_us',' beach hills jpg '),(24,'extension',0,'en_us',' jpg '),(24,'kind',0,'en_us',' image '),(24,'slug',0,'en_us',' beach hills '),(24,'title',0,'en_us',' beach hills '),(25,'filename',0,'en_us',' coming soon 1 jpg '),(25,'extension',0,'en_us',' jpg '),(25,'kind',0,'en_us',' image '),(25,'slug',0,'en_us',' coming soon 1 '),(25,'title',0,'en_us',' coming soon 1 '),(26,'filename',0,'en_us',' coming soon 2 jpg '),(26,'extension',0,'en_us',' jpg '),(26,'kind',0,'en_us',' image '),(26,'slug',0,'en_us',' coming soon 2 '),(26,'title',0,'en_us',' coming soon 2 '),(27,'filename',0,'en_us',' graph jpg '),(27,'extension',0,'en_us',' jpg '),(27,'kind',0,'en_us',' image '),(27,'slug',0,'en_us',' graph '),(27,'title',0,'en_us',' graph '),(28,'filename',0,'en_us',' hero bg jpg '),(28,'extension',0,'en_us',' jpg '),(28,'kind',0,'en_us',' image '),(28,'slug',0,'en_us',' hero bg '),(28,'title',0,'en_us',' hero bg '),(29,'filename',0,'en_us',' kube bubbly jpg '),(29,'extension',0,'en_us',' jpg '),(29,'kind',0,'en_us',' image '),(29,'slug',0,'en_us',' kube bubbly '),(29,'title',0,'en_us',' kube bubbly '),(30,'filename',0,'en_us',' kube button jpg '),(30,'extension',0,'en_us',' jpg '),(30,'kind',0,'en_us',' image '),(30,'slug',0,'en_us',' kube button '),(30,'title',0,'en_us',' kube button '),(31,'filename',0,'en_us',' kube corner jpg '),(31,'extension',0,'en_us',' jpg '),(31,'kind',0,'en_us',' image '),(31,'slug',0,'en_us',' kube corner '),(31,'title',0,'en_us',' kube corner '),(32,'filename',0,'en_us',' kube icon png '),(32,'extension',0,'en_us',' png '),(32,'kind',0,'en_us',' image '),(32,'slug',0,'en_us',' kube icon '),(32,'title',0,'en_us',' kube icon '),(33,'filename',0,'en_us',' kube opened jpg '),(33,'extension',0,'en_us',' jpg '),(33,'kind',0,'en_us',' image '),(33,'slug',0,'en_us',' kube opened '),(33,'title',0,'en_us',' kube opened '),(34,'filename',0,'en_us',' kube png '),(34,'extension',0,'en_us',' png '),(34,'kind',0,'en_us',' image '),(34,'slug',0,'en_us',' kube '),(34,'title',0,'en_us',' kube '),(35,'filename',0,'en_us',' parts1 jpg '),(35,'extension',0,'en_us',' jpg '),(35,'kind',0,'en_us',' image '),(35,'slug',0,'en_us',' parts1 '),(35,'title',0,'en_us',' parts1 '),(36,'filename',0,'en_us',' parts1 png '),(36,'extension',0,'en_us',' png '),(36,'kind',0,'en_us',' image '),(36,'slug',0,'en_us',' parts1 '),(36,'title',0,'en_us',' parts1 '),(37,'filename',0,'en_us',' parts2 jpg '),(37,'extension',0,'en_us',' jpg '),(37,'kind',0,'en_us',' image '),(37,'slug',0,'en_us',' parts2 '),(37,'title',0,'en_us',' parts2 '),(38,'filename',0,'en_us',' parts2 png '),(38,'extension',0,'en_us',' png '),(38,'kind',0,'en_us',' image '),(38,'slug',0,'en_us',' parts2 '),(38,'title',0,'en_us',' parts2 '),(39,'filename',0,'en_us',' parts3 jpg '),(39,'extension',0,'en_us',' jpg '),(39,'kind',0,'en_us',' image '),(39,'slug',0,'en_us',' parts3 '),(39,'title',0,'en_us',' parts3 '),(40,'filename',0,'en_us',' parts3 png '),(40,'extension',0,'en_us',' png '),(40,'kind',0,'en_us',' image '),(40,'slug',0,'en_us',' parts3 '),(40,'title',0,'en_us',' parts3 '),(41,'filename',0,'en_us',' parts4 jpg '),(41,'extension',0,'en_us',' jpg '),(41,'kind',0,'en_us',' image '),(41,'slug',0,'en_us',' parts4 '),(41,'title',0,'en_us',' parts4 '),(42,'filename',0,'en_us',' parts4 png '),(42,'extension',0,'en_us',' png '),(42,'kind',0,'en_us',' image '),(42,'slug',0,'en_us',' parts4 '),(42,'title',0,'en_us',' parts4 '),(43,'filename',0,'en_us',' parts5 jpg '),(43,'extension',0,'en_us',' jpg '),(43,'kind',0,'en_us',' image '),(43,'slug',0,'en_us',' parts5 '),(43,'title',0,'en_us',' parts5 '),(44,'filename',0,'en_us',' parts5 png '),(44,'extension',0,'en_us',' png '),(44,'kind',0,'en_us',' image '),(44,'slug',0,'en_us',' parts5 '),(44,'title',0,'en_us',' parts5 '),(45,'filename',0,'en_us',' river jpg '),(45,'extension',0,'en_us',' jpg '),(45,'kind',0,'en_us',' image '),(45,'slug',0,'en_us',' river '),(45,'title',0,'en_us',' river '),(46,'filename',0,'en_us',' volume control jpg '),(46,'extension',0,'en_us',' jpg '),(46,'kind',0,'en_us',' image '),(46,'slug',0,'en_us',' volume control '),(46,'title',0,'en_us',' volume control '),(47,'filename',0,'en_us',' wave small jpg '),(47,'extension',0,'en_us',' jpg '),(47,'kind',0,'en_us',' image '),(47,'slug',0,'en_us',' wave small '),(47,'title',0,'en_us',' wave small '),(48,'filename',0,'en_us',' wave jpg '),(48,'extension',0,'en_us',' jpg '),(48,'kind',0,'en_us',' image '),(48,'slug',0,'en_us',' wave '),(48,'title',0,'en_us',' wave '),(49,'filename',0,'en_us',' amazon placeholder jpg '),(49,'extension',0,'en_us',' jpg '),(49,'kind',0,'en_us',' image '),(49,'slug',0,'en_us',' amazon placeholder '),(49,'title',0,'en_us',' amazon placeholder '),(50,'filename',0,'en_us',' cta kube jpg '),(50,'extension',0,'en_us',' jpg '),(50,'kind',0,'en_us',' image '),(50,'slug',0,'en_us',' cta kube '),(50,'title',0,'en_us',' cta kube '),(51,'filename',0,'en_us',' cta kube png '),(51,'extension',0,'en_us',' png '),(51,'kind',0,'en_us',' image '),(51,'slug',0,'en_us',' cta kube '),(51,'title',0,'en_us',' cta kube '),(52,'filename',0,'en_us',' experience half 2 jpg '),(52,'extension',0,'en_us',' jpg '),(52,'kind',0,'en_us',' image '),(52,'slug',0,'en_us',' experience half 2 '),(52,'title',0,'en_us',' experience half 2 '),(53,'filename',0,'en_us',' experience half jpg '),(53,'extension',0,'en_us',' jpg '),(53,'kind',0,'en_us',' image '),(53,'slug',0,'en_us',' experience half '),(53,'title',0,'en_us',' experience half '),(54,'filename',0,'en_us',' experience tall 2 jpg '),(54,'extension',0,'en_us',' jpg '),(54,'kind',0,'en_us',' image '),(54,'slug',0,'en_us',' experience tall 2 '),(54,'title',0,'en_us',' experience tall 2 '),(55,'filename',0,'en_us',' experience tall 3 jpg '),(55,'extension',0,'en_us',' jpg '),(55,'kind',0,'en_us',' image '),(55,'slug',0,'en_us',' experience tall 3 '),(55,'title',0,'en_us',' experience tall 3 '),(56,'filename',0,'en_us',' experience tall jpg '),(56,'extension',0,'en_us',' jpg '),(56,'kind',0,'en_us',' image '),(56,'slug',0,'en_us',' experience tall '),(56,'title',0,'en_us',' experience tall '),(57,'filename',0,'en_us',' experience wide jpg '),(57,'extension',0,'en_us',' jpg '),(57,'kind',0,'en_us',' image '),(57,'slug',0,'en_us',' experience wide '),(57,'title',0,'en_us',' experience wide '),(58,'filename',0,'en_us',' features kube bluetooth png '),(58,'extension',0,'en_us',' png '),(58,'kind',0,'en_us',' image '),(58,'slug',0,'en_us',' features kube bluetooth '),(58,'title',0,'en_us',' features kube bluetooth '),(59,'filename',0,'en_us',' features kube insulated png '),(59,'extension',0,'en_us',' png '),(59,'kind',0,'en_us',' image '),(59,'slug',0,'en_us',' features kube insulated '),(59,'title',0,'en_us',' features kube insulated '),(60,'filename',0,'en_us',' features kube sound png '),(60,'extension',0,'en_us',' png '),(60,'kind',0,'en_us',' image '),(60,'slug',0,'en_us',' features kube sound '),(60,'title',0,'en_us',' features kube sound '),(61,'filename',0,'en_us',' features kube waterproof png '),(61,'extension',0,'en_us',' png '),(61,'kind',0,'en_us',' image '),(61,'slug',0,'en_us',' features kube waterproof '),(61,'title',0,'en_us',' features kube waterproof '),(62,'filename',0,'en_us',' features kube jpg '),(62,'extension',0,'en_us',' jpg '),(62,'kind',0,'en_us',' image '),(62,'slug',0,'en_us',' features kube '),(62,'title',0,'en_us',' features kube '),(63,'filename',0,'en_us',' features kube png '),(63,'extension',0,'en_us',' png '),(63,'kind',0,'en_us',' image '),(63,'slug',0,'en_us',' features kube '),(63,'title',0,'en_us',' features kube '),(64,'filename',0,'en_us',' hero bg 2 jpg '),(64,'extension',0,'en_us',' jpg '),(64,'kind',0,'en_us',' image '),(64,'slug',0,'en_us',' hero bg 2 '),(64,'title',0,'en_us',' hero bg 2 '),(65,'filename',0,'en_us',' hero bg jpg '),(65,'extension',0,'en_us',' jpg '),(65,'kind',0,'en_us',' image '),(65,'slug',0,'en_us',' hero bg '),(65,'title',0,'en_us',' hero bg '),(66,'filename',0,'en_us',' amazonfpo jpg '),(66,'extension',0,'en_us',' jpg '),(66,'kind',0,'en_us',' image '),(66,'slug',0,'en_us',' amazonfpo '),(66,'title',0,'en_us',' amazonfpo '),(67,'filename',0,'en_us',' fpo jpg '),(67,'extension',0,'en_us',' jpg '),(67,'kind',0,'en_us',' image '),(67,'slug',0,'en_us',' fpo '),(67,'title',0,'en_us',' fpo '),(2,'field',3,'en_us',' kube beach meet kube entertainment reimagined 0 0 view more experiences experiences don t confuse kube with your bluetooth speaker kube is an all new product that combines earth shaking sound while providing utility in a gorgeous package no matter where you take kube you ll entertain like never before experience half 2 massive sound and functionality that has to be experienced bring kube bring the entertainment experience tall experience half rrover home feature list wide2 preorder kube is available at $1499 msrp our first production units begin shipping in january of 2016 but are available for preorder today click to reserve yours now bring home kube kube cta wide 0 vendor 5 vendor 4 vendor 3 vendor 2 vendor 1 '),(68,'field',5,'en_us',' entertainment reimagined '),(68,'field',6,'en_us',' meet kube '),(68,'field',7,'en_us',''),(68,'field',8,'en_us',' 0 '),(68,'slug',0,'en_us',''),(72,'slug',0,'en_us',' meet kube '),(72,'title',0,'en_us',' meet kube '),(73,'slug',0,'en_us',' experiences '),(68,'field',14,'en_us',' 0 '),(72,'field',3,'en_us',' hero bg huge portable sound redefined 1 0 body copy text sizing sed do eiusmod tempor incididunt ut labore et dolore magna aliqua ut enim ad minim veniam quis nostrud exercitation ullamco laboris nisi ut aliquip header alt 2 kube body copy text sizing sed do eiusmod tempor incididunt ut labore et dolore magna aliqua ut enim ad minim veniam quis nostrud exercitation ullamco laboris nisi ut aliquip uncompromising quality ported grill clarion amp drivers parts1 parts2 d d body copy text sizing sed do eiusmod tempor incididunt ut labore et dolore magna aliqua ut enim ad minim veniam quis nostrud exercitation ullamco laboris nisi ut aliquip exceptional battery life volume control full 0 river body copy text sizing sed do eiusmod tempor incididunt ut labore et dolore magna aliqua ut enim ad minim veniam quis nostrud exercitation ullamco laboris nisi ut aliquip full range of sound normal middle kube bubbly kube button kube corner wave beach hills body copy text sizing sed do eiusmod tempor incididunt ut labore et dolore magna aliqua ut enim ad minim veniam quis nostrud exercitation ullamco laboris nisi ut aliquip ex ea commodo consequat marine grade water resistance kube opened body copy text sizing sed do eiusmod tempor incididunt ut labore et dolore magna aliqua ut enim ad minim veniam quis nostrud exercitation ullamco laboris nisi ut aliquip insulated storage tall top buy accessories '),(75,'field',5,'en_us',' how do you kube '),(75,'field',6,'en_us',''),(75,'field',7,'en_us',''),(75,'field',14,'en_us',' 0 '),(75,'field',8,'en_us',' 0 '),(75,'slug',0,'en_us',''),(76,'field',15,'en_us',' with 400 watts of power kube delivers full range sound up to 125 db it s like having a pro audio system in a never before seen consumer product hearing is believing epic sound audio our components are rated to take even the toughest beating your adventure with kube won t be limited by its ability to withstand the elements marine grade water resistance water kube makes it easy to entertain with high fidelity bluetooth or line in options kube is incredibly diverse and adaptable to your needs bluetooth connectivity bluetooth kube s internally lit storage compartment will keep your champagne chilled or your gear safe no other audio product delivers this versatility insulated storage insulated '),(76,'slug',0,'en_us',' home feature list '),(76,'title',0,'en_us',' home feature list '),(77,'field',16,'en_us',' marine grade water resistance '),(77,'field',17,'en_us',' our components are rated to take even the toughest beating your adventure with kube won t be limited by its ability to withstand the elements '),(77,'field',18,'en_us',' water '),(77,'slug',0,'en_us',''),(78,'field',16,'en_us',' bluetooth connectivity '),(78,'field',17,'en_us',' kube makes it easy to entertain with high fidelity bluetooth or line in options kube is incredibly diverse and adaptable to your needs '),(78,'field',18,'en_us',' bluetooth '),(78,'slug',0,'en_us',''),(79,'field',16,'en_us',' insulated storage '),(79,'field',17,'en_us',' kube s internally lit storage compartment will keep your champagne chilled or your gear safe no other audio product delivers this versatility '),(79,'field',18,'en_us',' insulated '),(79,'slug',0,'en_us',''),(80,'field',16,'en_us',' epic sound '),(80,'field',17,'en_us',' with 400 watts of power kube delivers full range sound up to 125 db it s like having a pro audio system in a never before seen consumer product hearing is believing '),(80,'field',18,'en_us',' audio '),(80,'slug',0,'en_us',''),(81,'field',19,'en_us',' home feature list '),(81,'slug',0,'en_us',''),(82,'field',20,'en_us',' massive sound and functionality that has to be experienced '),(82,'field',21,'en_us',' don t confuse kube with your bluetooth speaker kube is an all new product that combines earth shaking sound while providing utility in a gorgeous package no matter where you take kube you ll entertain like never before '),(82,'field',22,'en_us',' experience tall '),(82,'field',23,'en_us',' experience half '),(82,'field',24,'en_us',' experience half 2 '),(82,'field',25,'en_us',' bring kube bring the entertainment '),(82,'field',26,'en_us',' view more experiences '),(82,'field',27,'en_us',' experiences '),(82,'slug',0,'en_us',''),(83,'field',29,'en_us',' bring home kube '),(83,'field',30,'en_us',' kube is available at $1499 msrp our first production units begin shipping in january of 2016 but are available for preorder today click to reserve yours now '),(83,'field',31,'en_us',' preorder '),(83,'field',32,'en_us',''),(83,'field',33,'en_us',' kube cta '),(83,'slug',0,'en_us',''),(83,'field',34,'en_us',' 0 '),(84,'field',35,'en_us',''),(84,'field',36,'en_us',' amazon placeholder '),(84,'slug',0,'en_us',' vendor 1 '),(84,'title',0,'en_us',' vendor 1 '),(85,'field',35,'en_us',''),(85,'field',36,'en_us',' amazon placeholder '),(85,'slug',0,'en_us',' vendor 2 '),(85,'title',0,'en_us',' vendor 2 '),(86,'field',35,'en_us',''),(86,'field',36,'en_us',' amazon placeholder '),(86,'slug',0,'en_us',' vendor 3 '),(86,'title',0,'en_us',' vendor 3 '),(87,'field',35,'en_us',''),(87,'field',36,'en_us',' amazon placeholder '),(87,'slug',0,'en_us',' vendor 4 '),(87,'title',0,'en_us',' vendor 4 '),(88,'field',35,'en_us',''),(88,'field',36,'en_us',' amazon placeholder '),(88,'slug',0,'en_us',' vendor 5 '),(88,'title',0,'en_us',' vendor 5 '),(89,'field',37,'en_us',' vendor 5 vendor 4 vendor 3 vendor 2 vendor 1 '),(89,'slug',0,'en_us',''),(90,'field',38,'en_us',' meet kube experiences store 1 press blog '),(90,'slug',0,'en_us',' main navigation '),(90,'title',0,'en_us',' main navigation '),(91,'field',39,'en_us',' meet kube '),(91,'slug',0,'en_us',''),(92,'field',39,'en_us',' experiences '),(92,'slug',0,'en_us',''),(93,'field',40,'en_us',' store '),(93,'field',41,'en_us',''),(93,'slug',0,'en_us',''),(94,'field',38,'en_us',' meet kube specs 0 about experiences store 0 partners press blog '),(94,'slug',0,'en_us',' footer navigation '),(94,'title',0,'en_us',' footer navigation '),(95,'field',39,'en_us',' meet kube '),(95,'slug',0,'en_us',''),(91,'field',42,'en_us',''),(92,'field',42,'en_us',''),(93,'field',43,'en_us',' 1 '),(90,'field',35,'en_us',''),(94,'field',35,'en_us',''),(95,'field',42,'en_us',''),(98,'field',40,'en_us',' specs '),(98,'field',41,'en_us',''),(98,'field',43,'en_us',' 0 '),(98,'slug',0,'en_us',''),(100,'field',42,'en_us',''),(100,'field',39,'en_us',' experiences '),(100,'slug',0,'en_us',''),(101,'field',40,'en_us',' store '),(101,'field',41,'en_us',''),(101,'field',43,'en_us',' 0 '),(101,'slug',0,'en_us',''),(133,'field',82,'en_us',' about body copy text sizing sed do eiusmod tempor incididunt ut labore et dolore magna aliqua ut enim ad minim veniam nostrud exercitation ullamco laboris nisi ut aliquip lorem ipsum dolor sit amet consectetur adipisicing elit sed do eiusmod tempor incididunt ut labore et dolore magna aliqua body copy text sizing sed do eiusmod tempor incididunt ut labore et dolore magna aliqua ut enim ad minim veniam nostrud exercitation ullamco laboris nisi ut aliquip lorem ipsum dolor sit amet consectetur adipisicing elit sed do eiusmod tempor incididunt ut labore et dolore magna aliqua body copy text sizing sed do eiusmod tempor incididunt ut labore et dolore magna aliqua ut enim ad minim veniam nostrud exercitation ullamco laboris nisi ut aliquip lorem ipsum dolor sit amet consectetur adipisicing elit sed do eiusmod tempor incididunt ut labore et dolore magna aliqua body copy text sizing sed do eiusmod tempor incididunt ut labore et dolore magna aliqua ut enim ad minim veniam quis nostrud exercitation ullamco laboris nisi ut aliquip sed do eiusmod tempor incididunt ut labore et dolore magna aliqua ut enim ad minim veniam nostrud exercitation russell russell williamson founder and ceo body copy text sizing sed do eiusmod tempor incididunt ut labore et dolore magna aliqua ut enim ad minim veniam quis nostrud exercitation ullamco laboris nisi ut aliquip sed do eiusmod tempor incididunt ut labore et dolore magna aliqua ut enim ad minim veniam nostrud exercitation nathan nathan george co founder 512 000 0000sales company com sales 512 000 0000sales company com press 512 000 0000sales company com support '),(105,'field',44,'en_us',' kube '),(105,'field',45,'en_us',' header alt 2 '),(105,'field',46,'en_us',' body copy text sizing sed do eiusmod tempor incididunt ut labore et dolore magna aliqua ut enim ad minim veniam quis nostrud exercitation ullamco laboris nisi ut aliquip '),(105,'slug',0,'en_us',''),(106,'field',53,'en_us',' lorem ipsum dolor sit amet consectetur adipisicing elit sed do eiusmod tempor '),(106,'field',52,'en_us',''),(106,'field',54,'en_us',' parts3 '),(106,'slug',0,'en_us',' header one '),(106,'title',0,'en_us',' ported grill '),(107,'field',53,'en_us',' lorem ipsum dolor sit amet consectetur adipisicing elit sed do eiusmod tempor '),(107,'field',52,'en_us',''),(107,'field',54,'en_us',' parts4 '),(107,'slug',0,'en_us',' header two '),(107,'title',0,'en_us',' clarion amp '),(108,'field',53,'en_us',' lorem ipsum dolor sit amet consectetur adipisicing elit sed do eiusmod tempor '),(108,'field',52,'en_us',''),(108,'field',54,'en_us',' parts5 '),(108,'slug',0,'en_us',' header three '),(108,'title',0,'en_us',' drivers '),(109,'field',47,'en_us',' uncompromising quality '),(109,'field',48,'en_us',' body copy text sizing sed do eiusmod tempor incididunt ut labore et dolore magna aliqua ut enim ad minim veniam quis nostrud exercitation ullamco laboris nisi ut aliquip '),(109,'field',49,'en_us',' parts1 '),(109,'field',50,'en_us',' parts2 '),(109,'field',51,'en_us',' ported grill clarion amp drivers '),(109,'slug',0,'en_us',''),(83,'field',55,'en_us',' wide '),(110,'field',29,'en_us',' exceptional battery life '),(110,'field',30,'en_us',' body copy text sizing sed do eiusmod tempor incididunt ut labore et dolore magna aliqua ut enim ad minim veniam quis nostrud exercitation ullamco laboris nisi ut aliquip '),(110,'field',31,'en_us',' d '),(110,'field',32,'en_us',' d '),(110,'field',34,'en_us',' 0 '),(110,'field',33,'en_us',' volume control '),(110,'field',55,'en_us',' full '),(110,'slug',0,'en_us',''),(111,'field',56,'en_us',' river '),(111,'slug',0,'en_us',''),(112,'field',57,'en_us',' full range of sound '),(112,'field',58,'en_us',' body copy text sizing sed do eiusmod tempor incididunt ut labore et dolore magna aliqua ut enim ad minim veniam quis nostrud exercitation ullamco laboris nisi ut aliquip '),(112,'slug',0,'en_us',''),(113,'field',59,'en_us',''),(113,'slug',0,'en_us',''),(114,'field',28,'en_us',' marine grade water resistance '),(114,'field',66,'en_us',' body copy text sizing sed do eiusmod tempor incididunt ut labore et dolore magna aliqua ut enim ad minim veniam quis nostrud exercitation ullamco laboris nisi ut aliquip ex ea commodo consequat '),(114,'field',67,'en_us',' beach hills '),(114,'field',68,'en_us',' kube corner '),(114,'field',70,'en_us',' kube button '),(114,'field',71,'en_us',' wave '),(114,'field',72,'en_us',' kube bubbly '),(114,'slug',0,'en_us',''),(112,'field',73,'en_us',''),(112,'field',74,'en_us',' middle '),(115,'field',57,'en_us',' insulated storage '),(115,'field',58,'en_us',' body copy text sizing sed do eiusmod tempor incididunt ut labore et dolore magna aliqua ut enim ad minim veniam quis nostrud exercitation ullamco laboris nisi ut aliquip '),(115,'field',73,'en_us',' kube opened '),(115,'field',74,'en_us',' top '),(115,'slug',0,'en_us',''),(112,'field',75,'en_us',' normal '),(115,'field',75,'en_us',' tall '),(116,'field',76,'en_us',' accessories '),(116,'field',77,'en_us',' buy '),(116,'field',78,'en_us',''),(116,'slug',0,'en_us',''),(117,'filename',0,'en_us',' experience 1 jpg '),(117,'extension',0,'en_us',' jpg '),(117,'kind',0,'en_us',' image '),(117,'slug',0,'en_us',' experience 1 '),(117,'title',0,'en_us',' experience 1 '),(118,'filename',0,'en_us',' experience 3 jpg '),(118,'extension',0,'en_us',' jpg '),(118,'kind',0,'en_us',' image '),(118,'slug',0,'en_us',' experience 3 '),(118,'title',0,'en_us',' experience 3 '),(119,'filename',0,'en_us',' experience 4 jpg '),(119,'extension',0,'en_us',' jpg '),(119,'kind',0,'en_us',' image '),(119,'slug',0,'en_us',' experience 4 '),(119,'title',0,'en_us',' experience 4 '),(120,'filename',0,'en_us',' experience 2 jpg '),(120,'extension',0,'en_us',' jpg '),(120,'kind',0,'en_us',' image '),(120,'slug',0,'en_us',' experience 2 '),(120,'title',0,'en_us',' experience 2 '),(121,'filename',0,'en_us',' experience 5 jpg '),(121,'extension',0,'en_us',' jpg '),(121,'kind',0,'en_us',' image '),(121,'slug',0,'en_us',' experience 5 '),(121,'title',0,'en_us',' experience 5 '),(122,'filename',0,'en_us',' experience 6 jpg '),(122,'extension',0,'en_us',' jpg '),(122,'kind',0,'en_us',' image '),(122,'slug',0,'en_us',' experience 6 '),(122,'title',0,'en_us',' experience 6 '),(123,'filename',0,'en_us',' hero bg jpg '),(123,'extension',0,'en_us',' jpg '),(123,'kind',0,'en_us',' image '),(123,'slug',0,'en_us',' hero bg '),(123,'title',0,'en_us',' hero bg '),(124,'field',79,'en_us',' lorem ipsum dolor sit amet consectetur adipisicing elit sed do eiusmod tempor incididunt ut labore '),(124,'field',80,'en_us',' experience 1 '),(124,'slug',0,'en_us',' smith family '),(124,'title',0,'en_us',' kube at home '),(125,'field',79,'en_us',' lorem ipsum dolor sit amet consectetur adipisicing elit sed do eiusmod tempor incididunt ut labore '),(125,'field',80,'en_us',' sclabs '),(125,'slug',0,'en_us',' smith family '),(125,'title',0,'en_us',' happy hour at silicon labs '),(126,'field',79,'en_us',' lorem ipsum dolor sit amet consectetur adipisicing elit sed do eiusmod tempor incididunt ut labore '),(126,'field',80,'en_us',' experience 3 '),(126,'slug',0,'en_us',' smith family '),(126,'title',0,'en_us',' kube on set '),(127,'field',79,'en_us',' lorem ipsum dolor sit amet consectetur adipisicing elit sed do eiusmod tempor incididunt ut labore '),(127,'field',80,'en_us',' experience 4 '),(127,'slug',0,'en_us',' smith family '),(127,'title',0,'en_us',' kube at the club '),(128,'field',79,'en_us',' lorem ipsum dolor sit amet consectetur adipisicing elit sed do eiusmod tempor incididunt ut labore '),(128,'field',80,'en_us',' experience 5 '),(128,'slug',0,'en_us',' smith family '),(128,'title',0,'en_us',' kubes at zilker '),(129,'field',79,'en_us',' lorem ipsum dolor sit amet consectetur adipisicing elit sed do eiusmod tempor incididunt ut labore '),(129,'field',80,'en_us',' pub '),(129,'slug',0,'en_us',' smith family '),(129,'title',0,'en_us',' the life of the pub crawl '),(130,'slug',0,'en_us',' home '),(130,'title',0,'en_us',' home '),(131,'slug',0,'en_us',' work '),(131,'title',0,'en_us',' work '),(132,'slug',0,'en_us',' play '),(132,'title',0,'en_us',' play '),(129,'field',81,'en_us',' play '),(128,'field',81,'en_us',' play '),(127,'field',81,'en_us',' home play '),(126,'field',81,'en_us',' home '),(125,'field',81,'en_us',' work '),(133,'slug',0,'en_us',' about '),(133,'title',0,'en_us',' about '),(134,'slug',0,'en_us',' partners '),(134,'title',0,'en_us',' partners '),(135,'slug',0,'en_us',''),(135,'title',0,'en_us',' press '),(136,'slug',0,'en_us',''),(136,'title',0,'en_us',' blog '),(137,'field',42,'en_us',''),(137,'field',39,'en_us',' about '),(137,'slug',0,'en_us',''),(138,'field',42,'en_us',''),(138,'field',39,'en_us',' partners '),(138,'slug',0,'en_us',''),(139,'field',42,'en_us',''),(139,'field',39,'en_us',' press '),(139,'slug',0,'en_us',''),(140,'field',42,'en_us',''),(140,'field',39,'en_us',' blog '),(140,'slug',0,'en_us',''),(141,'field',83,'en_us',' body copy text sizing sed do eiusmod tempor incididunt ut labore et dolore magna aliqua ut enim ad minim veniam nostrud exercitation ullamco laboris nisi ut aliquip lorem ipsum dolor sit amet consectetur adipisicing elit sed do eiusmod tempor incididunt ut labore et dolore magna aliqua '),(141,'slug',0,'en_us',''),(143,'field',39,'en_us',' press '),(143,'slug',0,'en_us',''),(144,'field',42,'en_us',''),(144,'field',39,'en_us',' blog '),(144,'slug',0,'en_us',''),(143,'field',42,'en_us',''),(141,'field',91,'en_us',' body copy text sizing sed do eiusmod tempor incididunt ut labore et dolore magna aliqua ut enim ad minim veniam nostrud exercitation ullamco laboris nisi ut aliquip lorem ipsum dolor sit amet consectetur adipisicing elit sed do eiusmod tempor incididunt ut labore et dolore magna aliqua body copy text sizing sed do eiusmod tempor incididunt ut labore et dolore magna aliqua ut enim ad minim veniam nostrud exercitation ullamco laboris nisi ut aliquip lorem ipsum dolor sit amet consectetur adipisicing elit sed do eiusmod tempor incididunt ut labore et dolore magna aliqua '),(145,'field',93,'en_us',' founder and ceo '),(145,'field',94,'en_us',' russell williamson '),(145,'field',95,'en_us',' body copy text sizing sed do eiusmod tempor incididunt ut labore et dolore magna aliqua ut enim ad minim veniam quis nostrud exercitation ullamco laboris nisi ut aliquip sed do eiusmod tempor incididunt ut labore et dolore magna aliqua ut enim ad minim veniam nostrud exercitation '),(145,'field',96,'en_us',' co founder '),(145,'field',97,'en_us',' nathan george '),(145,'field',98,'en_us',' body copy text sizing sed do eiusmod tempor incididunt ut labore et dolore magna aliqua ut enim ad minim veniam quis nostrud exercitation ullamco laboris nisi ut aliquip sed do eiusmod tempor incididunt ut labore et dolore magna aliqua ut enim ad minim veniam nostrud exercitation '),(145,'slug',0,'en_us',''),(146,'field',85,'en_us',' sales '),(146,'field',86,'en_us',' 512 000 0000sales company com '),(146,'field',87,'en_us',' press '),(146,'field',88,'en_us',' 512 000 0000sales company com '),(146,'field',89,'en_us',' support '),(146,'field',90,'en_us',' 512 000 0000sales company com '),(146,'slug',0,'en_us',''),(141,'field',99,'en_us',' about '),(145,'field',100,'en_us',' russell '),(145,'field',101,'en_us',' nathan '),(134,'field',82,'en_us',' partners body copy text sizing sed do eiusmod tempor incididunt ut labore et dolore magna aliqua ut enim ad minim veniam nostrud exercitation ullamco laboris nisi ut aliquip lorem ipsum dolor sit amet consectetur adipisicing elit sed do eiusmod tempor incididunt ut labore et dolore magna aliqua '),(147,'field',99,'en_us',' partners '),(147,'field',91,'en_us',''),(147,'field',83,'en_us',' body copy text sizing sed do eiusmod tempor incididunt ut labore et dolore magna aliqua ut enim ad minim veniam nostrud exercitation ullamco laboris nisi ut aliquip lorem ipsum dolor sit amet consectetur adipisicing elit sed do eiusmod tempor incididunt ut labore et dolore magna aliqua '),(147,'slug',0,'en_us',''),(88,'field',102,'en_us',' amazonfpo '),(87,'field',102,'en_us',' amazonfpo '),(86,'field',102,'en_us',' amazonfpo '),(85,'field',102,'en_us',' amazonfpo '),(84,'field',102,'en_us',' amazonfpo '),(148,'field',35,'en_us',''),(148,'field',36,'en_us',' amazon placeholder '),(148,'field',102,'en_us',' amazonfpo '),(148,'slug',0,'en_us',' amazon '),(148,'title',0,'en_us',' amazon '),(124,'field',81,'en_us',''),(149,'field',79,'en_us',' hsdbsdbvusbdvb '),(149,'field',80,'en_us',' experience 2 '),(149,'field',81,'en_us',''),(149,'slug',0,'en_us',' kube item 7 '),(149,'title',0,'en_us',' kube item 7 '),(150,'filename',0,'en_us',' gif gif '),(150,'extension',0,'en_us',' gif '),(150,'kind',0,'en_us',' image '),(150,'slug',0,'en_us',''),(150,'title',0,'en_us',' gif '),(151,'filename',0,'en_us',' kube 1 1 of 1 jpg '),(151,'extension',0,'en_us',' jpg '),(151,'kind',0,'en_us',' image '),(151,'slug',0,'en_us',''),(151,'title',0,'en_us',' kube 1 1 of 1 '),(154,'filename',0,'en_us',' kube wet png '),(152,'filename',0,'en_us',' kube 1 1 of 1 2 jpg '),(152,'extension',0,'en_us',' jpg '),(152,'kind',0,'en_us',' image '),(152,'slug',0,'en_us',''),(152,'title',0,'en_us',' kube 1 1 of 1 2 '),(153,'filename',0,'en_us',' kube beach jpg '),(153,'extension',0,'en_us',' jpg '),(153,'kind',0,'en_us',' image '),(153,'slug',0,'en_us',''),(153,'title',0,'en_us',' kube beach '),(154,'extension',0,'en_us',' png '),(154,'kind',0,'en_us',' image '),(154,'slug',0,'en_us',' kube wet '),(154,'title',0,'en_us',' kube wet '),(160,'title',0,'en_us',' experience half 1 '),(160,'slug',0,'en_us',''),(160,'kind',0,'en_us',' image '),(160,'extension',0,'en_us',' jpg '),(160,'filename',0,'en_us',' experience half_1 jpg '),(159,'title',0,'en_us',' experience tall 1 '),(159,'slug',0,'en_us',''),(159,'kind',0,'en_us',' image '),(159,'extension',0,'en_us',' jpg '),(159,'filename',0,'en_us',' experience tall_1 jpg '),(161,'filename',0,'en_us',' experience half 2_1 jpg '),(161,'extension',0,'en_us',' jpg '),(161,'kind',0,'en_us',' image '),(161,'slug',0,'en_us',''),(161,'title',0,'en_us',' experience half 2 1 '),(162,'filename',0,'en_us',' experience tall jpg '),(162,'extension',0,'en_us',' jpg '),(162,'kind',0,'en_us',' image '),(162,'slug',0,'en_us',''),(162,'title',0,'en_us',' experience tall '),(163,'filename',0,'en_us',' experience wide jpg '),(163,'extension',0,'en_us',' jpg '),(163,'kind',0,'en_us',' image '),(163,'slug',0,'en_us',''),(163,'title',0,'en_us',' experience wide '),(164,'filename',0,'en_us',' experience half 2 jpg '),(164,'extension',0,'en_us',' jpg '),(164,'kind',0,'en_us',' image '),(164,'slug',0,'en_us',''),(164,'title',0,'en_us',' experience half 2 '),(165,'filename',0,'en_us',' experience half jpg '),(165,'extension',0,'en_us',' jpg '),(165,'kind',0,'en_us',' image '),(165,'slug',0,'en_us',' experience half '),(165,'title',0,'en_us',' experience half '),(167,'filename',0,'en_us',' experience half_1 jpg '),(167,'extension',0,'en_us',' jpg '),(167,'kind',0,'en_us',' image '),(167,'slug',0,'en_us',''),(167,'title',0,'en_us',' experience half 1 '),(168,'filename',0,'en_us',' 2015 07 24 boxclever kube cole ph3 p3 jpg '),(168,'extension',0,'en_us',' jpg '),(168,'kind',0,'en_us',' image '),(168,'slug',0,'en_us',''),(168,'title',0,'en_us',' 2015 07 24 boxclever kube cole ph3 p3 '),(169,'filename',0,'en_us',' kube cta png '),(169,'extension',0,'en_us',' png '),(169,'kind',0,'en_us',' image '),(169,'slug',0,'en_us',' kube cta '),(169,'title',0,'en_us',' kube cta '),(170,'extension',0,'en_us',' jpg '),(170,'filename',0,'en_us',' pub jpg '),(170,'kind',0,'en_us',' image '),(170,'slug',0,'en_us',''),(170,'title',0,'en_us',' pub '),(171,'filename',0,'en_us',' kube experiences jpg '),(171,'extension',0,'en_us',' jpg '),(171,'kind',0,'en_us',' image '),(171,'slug',0,'en_us',''),(171,'title',0,'en_us',' kube experiences '),(172,'filename',0,'en_us',' kubeexperience jpg '),(172,'extension',0,'en_us',' jpg '),(172,'kind',0,'en_us',' image '),(172,'slug',0,'en_us',''),(172,'title',0,'en_us',' kubeexperience '),(173,'filename',0,'en_us',' sclabs jpg '),(173,'extension',0,'en_us',' jpg '),(173,'kind',0,'en_us',' image '),(173,'slug',0,'en_us',''),(173,'title',0,'en_us',' sclabs '),(174,'filename',0,'en_us',' water png '),(174,'extension',0,'en_us',' png '),(174,'kind',0,'en_us',' image '),(174,'slug',0,'en_us',''),(174,'title',0,'en_us',' water '),(175,'filename',0,'en_us',' insulated png '),(175,'extension',0,'en_us',' png '),(175,'kind',0,'en_us',' image '),(175,'slug',0,'en_us',' insulated '),(175,'title',0,'en_us',' insulated '),(180,'slug',0,'en_us',''),(180,'title',0,'en_us',' audio '),(180,'kind',0,'en_us',' image '),(180,'extension',0,'en_us',' png '),(180,'filename',0,'en_us',' audio png '),(181,'filename',0,'en_us',' bluetooth png '),(181,'extension',0,'en_us',' png '),(181,'kind',0,'en_us',' image '),(181,'slug',0,'en_us',' bluetooth '),(181,'title',0,'en_us',' bluetooth '),(185,'field',56,'en_us',' rrover '),(185,'slug',0,'en_us',''),(186,'filename',0,'en_us',' rrover jpg '),(186,'extension',0,'en_us',' jpg '),(186,'kind',0,'en_us',' image '),(186,'slug',0,'en_us',''),(186,'title',0,'en_us',' rrover '),(187,'filename',0,'en_us',' wide2 jpg '),(187,'extension',0,'en_us',' jpg '),(187,'kind',0,'en_us',' image '),(187,'slug',0,'en_us',''),(187,'title',0,'en_us',' wide2 '),(188,'field',56,'en_us',' wide2 '),(188,'slug',0,'en_us',''),(189,'username',0,'en_us',' russell '),(189,'firstname',0,'en_us',' russell '),(189,'lastname',0,'en_us',' williamson '),(189,'fullname',0,'en_us',' russell williamson '),(189,'email',0,'en_us',' russell kubesound com '),(189,'slug',0,'en_us','');
/*!40000 ALTER TABLE `craft_searchindex` ENABLE KEYS */;
UNLOCK TABLES;

--
-- Table structure for table `craft_sections`
--

DROP TABLE IF EXISTS `craft_sections`;
/*!40101 SET @saved_cs_client     = @@character_set_client */;
/*!40101 SET character_set_client = utf8 */;
CREATE TABLE `craft_sections` (
  `id` int(11) NOT NULL AUTO_INCREMENT,
  `structureId` int(11) DEFAULT NULL,
  `name` varchar(255) COLLATE utf8_unicode_ci NOT NULL,
  `handle` varchar(255) COLLATE utf8_unicode_ci NOT NULL,
  `type` enum('single','channel','structure') COLLATE utf8_unicode_ci NOT NULL DEFAULT 'channel',
  `hasUrls` tinyint(1) unsigned NOT NULL DEFAULT '1',
  `template` varchar(500) COLLATE utf8_unicode_ci DEFAULT NULL,
  `enableVersioning` tinyint(1) unsigned NOT NULL DEFAULT '0',
  `dateCreated` datetime NOT NULL,
  `dateUpdated` datetime NOT NULL,
  `uid` char(36) COLLATE utf8_unicode_ci NOT NULL DEFAULT '0',
  PRIMARY KEY (`id`),
  UNIQUE KEY `craft_sections_name_unq_idx` (`name`),
  UNIQUE KEY `craft_sections_handle_unq_idx` (`handle`),
  KEY `craft_sections_structureId_fk` (`structureId`),
  CONSTRAINT `craft_sections_structureId_fk` FOREIGN KEY (`structureId`) REFERENCES `craft_structures` (`id`) ON DELETE SET NULL
) ENGINE=InnoDB AUTO_INCREMENT=16 DEFAULT CHARSET=utf8 COLLATE=utf8_unicode_ci;
/*!40101 SET character_set_client = @saved_cs_client */;

--
-- Dumping data for table `craft_sections`
--

LOCK TABLES `craft_sections` WRITE;
/*!40000 ALTER TABLE `craft_sections` DISABLE KEYS */;
INSERT INTO `craft_sections` VALUES (1,NULL,'Homepage','homepage','single',1,'index',1,'2015-07-01 02:34:47','2015-07-01 02:34:47','0228adb1-1c70-414e-b76f-71fb191d0c00'),(3,NULL,'Meet Kube','meetKube','single',1,'meet-kube',0,'2015-07-21 15:58:47','2015-07-21 15:58:47','7af7f148-501d-4911-8f93-0c960222c71f'),(4,NULL,'Experiences','experiences','single',1,'experiences',0,'2015-07-21 15:58:58','2015-07-21 15:58:58','61bafec7-fbe5-4070-9da6-32ffa78c13f6'),(5,NULL,'Feature Lists','featureLists','channel',0,NULL,0,'2015-07-21 16:20:30','2015-07-21 16:20:30','dad52dc9-6db8-4c60-95db-4e66a248fd98'),(6,NULL,'Vendors','vendors','channel',0,NULL,0,'2015-07-21 17:08:02','2015-07-21 17:08:02','5dccf5b7-62f4-4e34-be9a-c3d8da45b19d'),(7,1,'Navigation','navigation','structure',0,NULL,0,'2015-07-21 17:29:03','2015-07-21 17:35:02','c371c66a-253d-431a-9fe3-b80e2e7ed297'),(8,NULL,'Parts','parts','channel',0,NULL,0,'2015-07-21 18:40:51','2015-07-21 18:40:51','7281ab84-2d7f-42b5-9517-8b1f6218736d'),(9,NULL,'Kube Experiences','kubeExperiences','channel',0,NULL,0,'2015-07-22 00:45:49','2015-07-22 00:46:27','e5539e68-0a08-494f-88ef-b6ff86c1a703'),(10,NULL,'About','about','single',1,'about',1,'2015-07-22 01:13:51','2015-07-22 01:13:51','f2f8db2a-a83b-45e5-a7aa-596032235895'),(11,NULL,'Partners','partners','single',1,'partners',0,'2015-07-22 01:14:03','2015-07-22 01:14:03','5a39a386-8796-4953-8f8c-13e97aa0674e'),(12,NULL,'Press','press','single',1,'press',0,'2015-07-22 01:14:33','2015-07-22 01:14:33','e6494d54-d2bc-46e6-bd5f-d43e531bd53e'),(13,NULL,'Blog','blog','single',1,'blog',0,'2015-07-22 01:14:55','2015-07-22 01:14:55','1714e10b-af91-4743-ab86-ed60b8d528fc'),(14,NULL,'Blog Entries','blogEntries','channel',1,'blog/_entry',0,'2015-07-22 01:15:14','2015-07-22 01:15:14','89537bd8-b399-4067-b551-c32de7326b03'),(15,NULL,'Press Entries','pressEntries','channel',1,'press/_entry',0,'2015-07-22 01:15:30','2015-07-22 01:15:30','6976c890-0d2e-4d50-8e8c-de9b68beee7e');
/*!40000 ALTER TABLE `craft_sections` ENABLE KEYS */;
UNLOCK TABLES;

--
-- Table structure for table `craft_sections_i18n`
--

DROP TABLE IF EXISTS `craft_sections_i18n`;
/*!40101 SET @saved_cs_client     = @@character_set_client */;
/*!40101 SET character_set_client = utf8 */;
CREATE TABLE `craft_sections_i18n` (
  `id` int(11) NOT NULL AUTO_INCREMENT,
  `sectionId` int(11) NOT NULL,
  `locale` char(12) COLLATE utf8_unicode_ci NOT NULL,
  `enabledByDefault` tinyint(1) unsigned NOT NULL DEFAULT '1',
  `urlFormat` varchar(255) COLLATE utf8_unicode_ci DEFAULT NULL,
  `nestedUrlFormat` varchar(255) COLLATE utf8_unicode_ci DEFAULT NULL,
  `dateCreated` datetime NOT NULL,
  `dateUpdated` datetime NOT NULL,
  `uid` char(36) COLLATE utf8_unicode_ci NOT NULL DEFAULT '0',
  PRIMARY KEY (`id`),
  UNIQUE KEY `craft_sections_i18n_sectionId_locale_unq_idx` (`sectionId`,`locale`),
  KEY `craft_sections_i18n_locale_fk` (`locale`),
  CONSTRAINT `craft_sections_i18n_locale_fk` FOREIGN KEY (`locale`) REFERENCES `craft_locales` (`locale`) ON DELETE CASCADE ON UPDATE CASCADE,
  CONSTRAINT `craft_sections_i18n_sectionId_fk` FOREIGN KEY (`sectionId`) REFERENCES `craft_sections` (`id`) ON DELETE CASCADE
) ENGINE=InnoDB AUTO_INCREMENT=16 DEFAULT CHARSET=utf8 COLLATE=utf8_unicode_ci;
/*!40101 SET character_set_client = @saved_cs_client */;

--
-- Dumping data for table `craft_sections_i18n`
--

LOCK TABLES `craft_sections_i18n` WRITE;
/*!40000 ALTER TABLE `craft_sections_i18n` DISABLE KEYS */;
INSERT INTO `craft_sections_i18n` VALUES (1,1,'en_us',1,'__home__',NULL,'2015-07-01 02:34:47','2015-07-01 02:34:47','8bdc7f0b-bd7a-499e-b298-23bce6404eb2'),(3,3,'en_us',0,'meet-kube',NULL,'2015-07-21 15:58:47','2015-07-21 15:58:47','6a2cc176-793d-4038-92be-d69fe6b235fa'),(4,4,'en_us',0,'experiences',NULL,'2015-07-21 15:58:58','2015-07-21 15:58:58','a4dece4c-9dad-40a0-9e17-d08c1fea5485'),(5,5,'en_us',0,NULL,NULL,'2015-07-21 16:20:30','2015-07-21 16:20:30','af1b539c-792e-4e1f-aaff-1997ec710427'),(6,6,'en_us',0,NULL,NULL,'2015-07-21 17:08:02','2015-07-21 17:08:02','016a67e5-2a92-4a40-8230-a125dac42142'),(7,7,'en_us',0,NULL,NULL,'2015-07-21 17:29:03','2015-07-21 17:29:03','ddec0d9d-7d07-47b5-bef5-1fa2fdd6dc70'),(8,8,'en_us',0,NULL,NULL,'2015-07-21 18:40:51','2015-07-21 18:40:51','47ba1ae9-1fe3-4603-8418-1083968756f0'),(9,9,'en_us',0,NULL,NULL,'2015-07-22 00:45:49','2015-07-22 00:45:49','09236694-f0bd-46a1-9e2b-38728c7d3183'),(10,10,'en_us',0,'about',NULL,'2015-07-22 01:13:51','2015-07-22 01:13:51','760b593b-33e7-40ac-9e40-57da2d23f46a'),(11,11,'en_us',0,'partners',NULL,'2015-07-22 01:14:03','2015-07-22 01:14:03','d8002489-ec48-4d91-8eda-d177ed30ec31'),(12,12,'en_us',0,'press',NULL,'2015-07-22 01:14:33','2015-07-22 01:14:33','7f289aa7-75f7-4be8-a0eb-094ff9a5831d'),(13,13,'en_us',0,'blog',NULL,'2015-07-22 01:14:55','2015-07-22 01:14:55','c2e96c21-bffd-40f9-8331-ff97ecbd4650'),(14,14,'en_us',0,'blog/{slug}',NULL,'2015-07-22 01:15:14','2015-07-22 01:15:14','03100f6c-b619-42b6-a1ed-9acbb7a6c38a'),(15,15,'en_us',0,'press/{slug}',NULL,'2015-07-22 01:15:30','2015-07-22 01:15:30','7eeb2d6d-61cc-40b9-8ed2-77fb34cc0491');
/*!40000 ALTER TABLE `craft_sections_i18n` ENABLE KEYS */;
UNLOCK TABLES;

--
-- Table structure for table `craft_sessions`
--

DROP TABLE IF EXISTS `craft_sessions`;
/*!40101 SET @saved_cs_client     = @@character_set_client */;
/*!40101 SET character_set_client = utf8 */;
CREATE TABLE `craft_sessions` (
  `id` int(11) NOT NULL AUTO_INCREMENT,
  `userId` int(11) NOT NULL,
  `token` char(100) COLLATE utf8_unicode_ci NOT NULL,
  `dateCreated` datetime NOT NULL,
  `dateUpdated` datetime NOT NULL,
  `uid` char(36) COLLATE utf8_unicode_ci NOT NULL DEFAULT '0',
  PRIMARY KEY (`id`),
  KEY `craft_sessions_uid_idx` (`uid`),
  KEY `craft_sessions_token_idx` (`token`),
  KEY `craft_sessions_dateUpdated_idx` (`dateUpdated`),
  KEY `craft_sessions_userId_fk` (`userId`),
  CONSTRAINT `craft_sessions_userId_fk` FOREIGN KEY (`userId`) REFERENCES `craft_users` (`id`) ON DELETE CASCADE
) ENGINE=InnoDB AUTO_INCREMENT=16 DEFAULT CHARSET=utf8 COLLATE=utf8_unicode_ci;
/*!40101 SET character_set_client = @saved_cs_client */;

--
-- Dumping data for table `craft_sessions`
--

LOCK TABLES `craft_sessions` WRITE;
/*!40000 ALTER TABLE `craft_sessions` DISABLE KEYS */;
INSERT INTO `craft_sessions` VALUES (1,1,'4f0c940b8beca169bae450d955ce28dc86d9653dczozMjoiNGVwMmdId2hGNUZ4Nm53MURqemUwMlBxWXhNfkROQWQiOw==','2015-07-01 02:34:47','2015-07-01 02:34:47','8908d675-2de1-49e7-a75b-d240595791e6'),(3,1,'eaa65d8dca99d6b239cb51bd73c5dc219fa0251fczozMjoiR0pFM2RZMHVtaEQ5X0VGMk1DaVJ5VXZ5eVo3ZEd0Q0wiOw==','2015-07-21 14:53:30','2015-07-21 14:53:30','79a5d538-e072-4912-8348-4e6570994c46'),(4,1,'74ef53998afa588e83e9cc92d2dd85d74ff1c9a3czozMjoiVUcxQk5TSHptV3RhQjlQZW80a0EwQ1NCfkFPN2lIeGMiOw==','2015-07-21 23:41:14','2015-07-21 23:41:14','62a6e6e7-ffd7-4b03-82bd-8fd5c953826e'),(5,1,'409c3addf7c1f38e54622347c52f7e410f90f9c1czozMjoiN2E3UjRDZ1BleHhIOUc5Tm9JM3hrRmhWQmtHSl9EbmwiOw==','2015-07-22 02:22:43','2015-07-22 02:22:43','195b9f66-f97c-455e-92c7-e9efd54d3112'),(6,1,'f0a6896caaee0aec0f99a9cb75862faf11f761c0czozMjoiaW9KbFFqUnZTVVJLTENZbHkzQ3ZRdnRUd0g3TUh3OVUiOw==','2015-07-22 23:03:59','2015-07-22 23:03:59','a8c6a8bc-f60d-457f-831c-a7d1fe6fac46'),(7,1,'5ced5e46aa2fe4e08f0041a92207450fd0b318a7czozMjoidm4yQkpBZVhPOEtobnhmSnZ1eTlXTk1qTFY0dURocHYiOw==','2015-07-26 20:31:50','2015-07-26 20:31:50','48158a9a-1ef2-4c36-9a40-71f139f68800'),(8,1,'b7e29e597df2d4b01c9ada2ca63284a97d7b8cf3czozMjoiTDM1QUJiMFA1YUpuUGVqOEtVOU5fZkFCWTVxUmhXVUIiOw==','2015-07-26 20:46:53','2015-07-26 20:46:53','4c1a0c86-51b6-41ba-8c13-8d0f9060abed'),(9,1,'40a63fb8b5ab21bc3f925573759bc87c473888c8czozMjoiSVZ5MHR5enZHeWMxajlKZVN+TlZQYlhEeEZlbWptUk0iOw==','2015-07-26 21:24:56','2015-07-26 21:24:56','6125e9f4-0ee2-4d36-a144-27e332094feb'),(11,1,'243700447d7cd67466798d0f72fc72e9e067aaecczozMjoiRGdLNE9iZXI1fjVObV96NmY5YTBaflhLT1ZTNUtxMWkiOw==','2015-07-27 00:04:53','2015-07-27 00:04:53','4b622ba3-4767-4ecc-b039-e5543adb516d'),(12,1,'11bddf7b13f4ed02b93ccfd01eaba58561d3253aczozMjoiOHVmOTBwUVlHUzk2ZE53TXI3ekhfQlc4RlBqY1czb24iOw==','2015-07-27 02:05:40','2015-07-27 02:05:40','72c7c124-97de-402e-80ea-77f771534144'),(13,189,'2b5bb3af956de5d0a2b50a40b5d235df7e7465b0czozMjoiMUoyNHp0NzJHSUJoZkN6ZmNBMWduSHpfdjdhNXpreW0iOw==','2015-07-27 02:44:52','2015-07-29 05:24:52','36e59e6c-eeae-44d8-98ac-cffeb705a772'),(14,1,'2331e8b180ffd799788afa549b787190304f4312czozMjoiQkFKTlV3emdWN2ZRdVBhNnRIR0R2QUVQdmpuV1BxU1kiOw==','2015-07-27 20:58:47','2015-07-27 20:58:47','3b43c6b2-e2a0-49a2-8eb3-1d6319c0b6d8'),(15,1,'228e6838bbae25a9f24195836cd165f8c3ab8346czozMjoibkFtTEFPMzE0S3hHajZRZ1F5V1NyVkJZRW4wT0pGMW4iOw==','2015-07-28 14:57:28','2015-07-28 14:57:28','5a89ad80-a218-4714-ab29-4cd2ad051a4d');
/*!40000 ALTER TABLE `craft_sessions` ENABLE KEYS */;
UNLOCK TABLES;

--
-- Table structure for table `craft_shunnedmessages`
--

DROP TABLE IF EXISTS `craft_shunnedmessages`;
/*!40101 SET @saved_cs_client     = @@character_set_client */;
/*!40101 SET character_set_client = utf8 */;
CREATE TABLE `craft_shunnedmessages` (
  `id` int(11) NOT NULL AUTO_INCREMENT,
  `userId` int(11) NOT NULL,
  `message` varchar(255) COLLATE utf8_unicode_ci NOT NULL,
  `expiryDate` datetime DEFAULT NULL,
  `dateCreated` datetime NOT NULL,
  `dateUpdated` datetime NOT NULL,
  `uid` char(36) COLLATE utf8_unicode_ci NOT NULL DEFAULT '0',
  PRIMARY KEY (`id`),
  UNIQUE KEY `craft_shunnedmessages_userId_message_unq_idx` (`userId`,`message`),
  CONSTRAINT `craft_shunnedmessages_userId_fk` FOREIGN KEY (`userId`) REFERENCES `craft_users` (`id`) ON DELETE CASCADE
) ENGINE=InnoDB DEFAULT CHARSET=utf8 COLLATE=utf8_unicode_ci;
/*!40101 SET character_set_client = @saved_cs_client */;

--
-- Dumping data for table `craft_shunnedmessages`
--

LOCK TABLES `craft_shunnedmessages` WRITE;
/*!40000 ALTER TABLE `craft_shunnedmessages` DISABLE KEYS */;
/*!40000 ALTER TABLE `craft_shunnedmessages` ENABLE KEYS */;
UNLOCK TABLES;

--
-- Table structure for table `craft_structureelements`
--

DROP TABLE IF EXISTS `craft_structureelements`;
/*!40101 SET @saved_cs_client     = @@character_set_client */;
/*!40101 SET character_set_client = utf8 */;
CREATE TABLE `craft_structureelements` (
  `id` int(11) NOT NULL AUTO_INCREMENT,
  `structureId` int(11) NOT NULL,
  `elementId` int(11) DEFAULT NULL,
  `root` int(11) unsigned DEFAULT NULL,
  `lft` int(11) unsigned NOT NULL,
  `rgt` int(11) unsigned NOT NULL,
  `level` smallint(6) unsigned NOT NULL,
  `dateCreated` datetime NOT NULL,
  `dateUpdated` datetime NOT NULL,
  `uid` char(36) COLLATE utf8_unicode_ci NOT NULL DEFAULT '0',
  PRIMARY KEY (`id`),
  UNIQUE KEY `craft_structureelements_structureId_elementId_unq_idx` (`structureId`,`elementId`),
  KEY `craft_structureelements_root_idx` (`root`),
  KEY `craft_structureelements_lft_idx` (`lft`),
  KEY `craft_structureelements_rgt_idx` (`rgt`),
  KEY `craft_structureelements_level_idx` (`level`),
  KEY `craft_structureelements_elementId_fk` (`elementId`),
  CONSTRAINT `craft_structureelements_elementId_fk` FOREIGN KEY (`elementId`) REFERENCES `craft_elements` (`id`) ON DELETE CASCADE,
  CONSTRAINT `craft_structureelements_structureId_fk` FOREIGN KEY (`structureId`) REFERENCES `craft_structures` (`id`) ON DELETE CASCADE
) ENGINE=InnoDB AUTO_INCREMENT=8 DEFAULT CHARSET=utf8 COLLATE=utf8_unicode_ci;
/*!40101 SET character_set_client = @saved_cs_client */;

--
-- Dumping data for table `craft_structureelements`
--

LOCK TABLES `craft_structureelements` WRITE;
/*!40000 ALTER TABLE `craft_structureelements` DISABLE KEYS */;
INSERT INTO `craft_structureelements` VALUES (1,1,NULL,1,1,6,0,'2015-07-21 17:33:09','2015-07-21 17:33:09','d31b6533-e46d-4ed8-b3ce-1c7a56d615a9'),(2,1,90,1,2,3,1,'2015-07-21 17:33:09','2015-07-21 17:33:09','841e857d-5f4f-47bb-be28-b6858b2e0e5e'),(3,1,94,1,4,5,1,'2015-07-21 17:34:06','2015-07-21 17:34:06','0d91e236-6b51-4bb3-9f6c-5557d358bdf3'),(4,2,NULL,4,1,8,0,'2015-07-22 00:54:06','2015-07-22 00:54:06','d942cc9d-29f7-4215-9590-38bcdd75b24e'),(5,2,130,4,2,3,1,'2015-07-22 00:54:06','2015-07-22 00:54:06','e0d68053-364d-4127-a78f-386495c10990'),(6,2,131,4,4,5,1,'2015-07-22 00:54:12','2015-07-22 00:54:12','5dc7ebb5-b2fc-455c-8d86-f4604e25c36c'),(7,2,132,4,6,7,1,'2015-07-22 00:54:22','2015-07-22 00:54:22','3442ba65-c0e4-4052-b145-1b4de0861635');
/*!40000 ALTER TABLE `craft_structureelements` ENABLE KEYS */;
UNLOCK TABLES;

--
-- Table structure for table `craft_structures`
--

DROP TABLE IF EXISTS `craft_structures`;
/*!40101 SET @saved_cs_client     = @@character_set_client */;
/*!40101 SET character_set_client = utf8 */;
CREATE TABLE `craft_structures` (
  `id` int(11) NOT NULL AUTO_INCREMENT,
  `maxLevels` smallint(6) unsigned DEFAULT NULL,
  `dateCreated` datetime NOT NULL,
  `dateUpdated` datetime NOT NULL,
  `uid` char(36) COLLATE utf8_unicode_ci NOT NULL DEFAULT '0',
  PRIMARY KEY (`id`)
) ENGINE=InnoDB AUTO_INCREMENT=3 DEFAULT CHARSET=utf8 COLLATE=utf8_unicode_ci;
/*!40101 SET character_set_client = @saved_cs_client */;

--
-- Dumping data for table `craft_structures`
--

LOCK TABLES `craft_structures` WRITE;
/*!40000 ALTER TABLE `craft_structures` DISABLE KEYS */;
INSERT INTO `craft_structures` VALUES (1,1,'2015-07-21 17:29:03','2015-07-21 17:35:02','c148cf57-c1a2-42cd-bdec-319cafb08fe4'),(2,NULL,'2015-07-22 00:53:46','2015-07-22 00:53:46','ffd67b88-e3d3-4071-b583-91c54710581c');
/*!40000 ALTER TABLE `craft_structures` ENABLE KEYS */;
UNLOCK TABLES;

--
-- Table structure for table `craft_systemsettings`
--

DROP TABLE IF EXISTS `craft_systemsettings`;
/*!40101 SET @saved_cs_client     = @@character_set_client */;
/*!40101 SET character_set_client = utf8 */;
CREATE TABLE `craft_systemsettings` (
  `id` int(11) NOT NULL AUTO_INCREMENT,
  `category` varchar(15) COLLATE utf8_unicode_ci NOT NULL,
  `settings` text COLLATE utf8_unicode_ci,
  `dateCreated` datetime NOT NULL,
  `dateUpdated` datetime NOT NULL,
  `uid` char(36) COLLATE utf8_unicode_ci NOT NULL DEFAULT '0',
  PRIMARY KEY (`id`),
  UNIQUE KEY `craft_systemsettings_category_unq_idx` (`category`)
) ENGINE=InnoDB AUTO_INCREMENT=2 DEFAULT CHARSET=utf8 COLLATE=utf8_unicode_ci;
/*!40101 SET character_set_client = @saved_cs_client */;

--
-- Dumping data for table `craft_systemsettings`
--

LOCK TABLES `craft_systemsettings` WRITE;
/*!40000 ALTER TABLE `craft_systemsettings` DISABLE KEYS */;
INSERT INTO `craft_systemsettings` VALUES (1,'email','{\"protocol\":\"php\",\"emailAddress\":\"brianbravo@me.com\",\"senderName\":\"KUBE\"}','2015-07-01 02:34:47','2015-07-01 02:34:47','d973296f-677a-4c04-9f19-cab565659180');
/*!40000 ALTER TABLE `craft_systemsettings` ENABLE KEYS */;
UNLOCK TABLES;

--
-- Table structure for table `craft_taggroups`
--

DROP TABLE IF EXISTS `craft_taggroups`;
/*!40101 SET @saved_cs_client     = @@character_set_client */;
/*!40101 SET character_set_client = utf8 */;
CREATE TABLE `craft_taggroups` (
  `id` int(11) NOT NULL AUTO_INCREMENT,
  `name` varchar(255) COLLATE utf8_unicode_ci NOT NULL,
  `handle` varchar(255) COLLATE utf8_unicode_ci NOT NULL,
  `fieldLayoutId` int(10) DEFAULT NULL,
  `dateCreated` datetime NOT NULL,
  `dateUpdated` datetime NOT NULL,
  `uid` char(36) COLLATE utf8_unicode_ci NOT NULL DEFAULT '0',
  PRIMARY KEY (`id`),
  UNIQUE KEY `craft_taggroups_name_unq_idx` (`name`),
  UNIQUE KEY `craft_taggroups_handle_unq_idx` (`handle`),
  KEY `craft_taggroups_fieldLayoutId_fk` (`fieldLayoutId`),
  CONSTRAINT `craft_taggroups_fieldLayoutId_fk` FOREIGN KEY (`fieldLayoutId`) REFERENCES `craft_fieldlayouts` (`id`) ON DELETE SET NULL
) ENGINE=InnoDB AUTO_INCREMENT=2 DEFAULT CHARSET=utf8 COLLATE=utf8_unicode_ci;
/*!40101 SET character_set_client = @saved_cs_client */;

--
-- Dumping data for table `craft_taggroups`
--

LOCK TABLES `craft_taggroups` WRITE;
/*!40000 ALTER TABLE `craft_taggroups` DISABLE KEYS */;
INSERT INTO `craft_taggroups` VALUES (1,'Default','default',1,'2015-07-01 02:34:47','2015-07-01 02:34:47','d813a921-4cea-4ec9-901a-1e3d19e500ae');
/*!40000 ALTER TABLE `craft_taggroups` ENABLE KEYS */;
UNLOCK TABLES;

--
-- Table structure for table `craft_tags`
--

DROP TABLE IF EXISTS `craft_tags`;
/*!40101 SET @saved_cs_client     = @@character_set_client */;
/*!40101 SET character_set_client = utf8 */;
CREATE TABLE `craft_tags` (
  `id` int(11) NOT NULL,
  `groupId` int(11) NOT NULL,
  `dateCreated` datetime NOT NULL,
  `dateUpdated` datetime NOT NULL,
  `uid` char(36) COLLATE utf8_unicode_ci NOT NULL DEFAULT '0',
  PRIMARY KEY (`id`),
  KEY `craft_tags_groupId_fk` (`groupId`),
  CONSTRAINT `craft_tags_groupId_fk` FOREIGN KEY (`groupId`) REFERENCES `craft_taggroups` (`id`) ON DELETE CASCADE,
  CONSTRAINT `craft_tags_id_fk` FOREIGN KEY (`id`) REFERENCES `craft_elements` (`id`) ON DELETE CASCADE
) ENGINE=InnoDB DEFAULT CHARSET=utf8 COLLATE=utf8_unicode_ci;
/*!40101 SET character_set_client = @saved_cs_client */;

--
-- Dumping data for table `craft_tags`
--

LOCK TABLES `craft_tags` WRITE;
/*!40000 ALTER TABLE `craft_tags` DISABLE KEYS */;
/*!40000 ALTER TABLE `craft_tags` ENABLE KEYS */;
UNLOCK TABLES;

--
-- Table structure for table `craft_tasks`
--

DROP TABLE IF EXISTS `craft_tasks`;
/*!40101 SET @saved_cs_client     = @@character_set_client */;
/*!40101 SET character_set_client = utf8 */;
CREATE TABLE `craft_tasks` (
  `id` int(11) NOT NULL AUTO_INCREMENT,
  `root` int(11) unsigned DEFAULT NULL,
  `lft` int(11) unsigned NOT NULL,
  `rgt` int(11) unsigned NOT NULL,
  `level` smallint(6) unsigned NOT NULL,
  `currentStep` int(11) unsigned DEFAULT NULL,
  `totalSteps` int(11) unsigned DEFAULT NULL,
  `status` enum('pending','error','running') COLLATE utf8_unicode_ci DEFAULT NULL,
  `type` varchar(150) COLLATE utf8_unicode_ci NOT NULL,
  `description` varchar(255) COLLATE utf8_unicode_ci DEFAULT NULL,
  `settings` text COLLATE utf8_unicode_ci,
  `dateCreated` datetime NOT NULL,
  `dateUpdated` datetime NOT NULL,
  `uid` char(36) COLLATE utf8_unicode_ci NOT NULL DEFAULT '0',
  PRIMARY KEY (`id`),
  KEY `craft_tasks_root_idx` (`root`),
  KEY `craft_tasks_lft_idx` (`lft`),
  KEY `craft_tasks_rgt_idx` (`rgt`),
  KEY `craft_tasks_level_idx` (`level`)
) ENGINE=InnoDB AUTO_INCREMENT=92 DEFAULT CHARSET=utf8 COLLATE=utf8_unicode_ci;
/*!40101 SET character_set_client = @saved_cs_client */;

--
-- Dumping data for table `craft_tasks`
--

LOCK TABLES `craft_tasks` WRITE;
/*!40000 ALTER TABLE `craft_tasks` DISABLE KEYS */;
/*!40000 ALTER TABLE `craft_tasks` ENABLE KEYS */;
UNLOCK TABLES;

--
-- Table structure for table `craft_templatecachecriteria`
--

DROP TABLE IF EXISTS `craft_templatecachecriteria`;
/*!40101 SET @saved_cs_client     = @@character_set_client */;
/*!40101 SET character_set_client = utf8 */;
CREATE TABLE `craft_templatecachecriteria` (
  `id` int(11) NOT NULL AUTO_INCREMENT,
  `cacheId` int(11) NOT NULL,
  `type` varchar(150) COLLATE utf8_unicode_ci NOT NULL,
  `criteria` text COLLATE utf8_unicode_ci NOT NULL,
  PRIMARY KEY (`id`),
  KEY `craft_templatecachecriteria_cacheId_fk` (`cacheId`),
  KEY `craft_templatecachecriteria_type_idx` (`type`),
  CONSTRAINT `craft_templatecachecriteria_cacheId_fk` FOREIGN KEY (`cacheId`) REFERENCES `craft_templatecaches` (`id`) ON DELETE CASCADE
) ENGINE=InnoDB DEFAULT CHARSET=utf8 COLLATE=utf8_unicode_ci;
/*!40101 SET character_set_client = @saved_cs_client */;

--
-- Dumping data for table `craft_templatecachecriteria`
--

LOCK TABLES `craft_templatecachecriteria` WRITE;
/*!40000 ALTER TABLE `craft_templatecachecriteria` DISABLE KEYS */;
/*!40000 ALTER TABLE `craft_templatecachecriteria` ENABLE KEYS */;
UNLOCK TABLES;

--
-- Table structure for table `craft_templatecacheelements`
--

DROP TABLE IF EXISTS `craft_templatecacheelements`;
/*!40101 SET @saved_cs_client     = @@character_set_client */;
/*!40101 SET character_set_client = utf8 */;
CREATE TABLE `craft_templatecacheelements` (
  `cacheId` int(11) NOT NULL,
  `elementId` int(11) NOT NULL,
  KEY `craft_templatecacheelements_cacheId_fk` (`cacheId`),
  KEY `craft_templatecacheelements_elementId_fk` (`elementId`),
  CONSTRAINT `craft_templatecacheelements_cacheId_fk` FOREIGN KEY (`cacheId`) REFERENCES `craft_templatecaches` (`id`) ON DELETE CASCADE,
  CONSTRAINT `craft_templatecacheelements_elementId_fk` FOREIGN KEY (`elementId`) REFERENCES `craft_elements` (`id`) ON DELETE CASCADE
) ENGINE=InnoDB DEFAULT CHARSET=utf8 COLLATE=utf8_unicode_ci;
/*!40101 SET character_set_client = @saved_cs_client */;

--
-- Dumping data for table `craft_templatecacheelements`
--

LOCK TABLES `craft_templatecacheelements` WRITE;
/*!40000 ALTER TABLE `craft_templatecacheelements` DISABLE KEYS */;
/*!40000 ALTER TABLE `craft_templatecacheelements` ENABLE KEYS */;
UNLOCK TABLES;

--
-- Table structure for table `craft_templatecaches`
--

DROP TABLE IF EXISTS `craft_templatecaches`;
/*!40101 SET @saved_cs_client     = @@character_set_client */;
/*!40101 SET character_set_client = utf8 */;
CREATE TABLE `craft_templatecaches` (
  `id` int(11) NOT NULL AUTO_INCREMENT,
  `cacheKey` varchar(255) COLLATE utf8_unicode_ci NOT NULL,
  `locale` char(12) COLLATE utf8_unicode_ci NOT NULL,
  `path` varchar(255) COLLATE utf8_unicode_ci DEFAULT NULL,
  `expiryDate` datetime NOT NULL,
  `body` mediumtext COLLATE utf8_unicode_ci NOT NULL,
  PRIMARY KEY (`id`),
  KEY `craft_templatecaches_expiryDate_cacheKey_locale_path_idx` (`expiryDate`,`cacheKey`,`locale`,`path`),
  KEY `craft_templatecaches_locale_fk` (`locale`),
  CONSTRAINT `craft_templatecaches_locale_fk` FOREIGN KEY (`locale`) REFERENCES `craft_locales` (`locale`) ON DELETE CASCADE ON UPDATE CASCADE
) ENGINE=InnoDB DEFAULT CHARSET=utf8 COLLATE=utf8_unicode_ci;
/*!40101 SET character_set_client = @saved_cs_client */;

--
-- Dumping data for table `craft_templatecaches`
--

LOCK TABLES `craft_templatecaches` WRITE;
/*!40000 ALTER TABLE `craft_templatecaches` DISABLE KEYS */;
/*!40000 ALTER TABLE `craft_templatecaches` ENABLE KEYS */;
UNLOCK TABLES;

--
-- Table structure for table `craft_tokens`
--

DROP TABLE IF EXISTS `craft_tokens`;
/*!40101 SET @saved_cs_client     = @@character_set_client */;
/*!40101 SET character_set_client = utf8 */;
CREATE TABLE `craft_tokens` (
  `id` int(11) NOT NULL AUTO_INCREMENT,
  `token` char(32) COLLATE utf8_unicode_ci NOT NULL,
  `route` text COLLATE utf8_unicode_ci,
  `usageLimit` tinyint(3) unsigned DEFAULT NULL,
  `usageCount` tinyint(3) unsigned DEFAULT NULL,
  `expiryDate` datetime NOT NULL,
  `dateCreated` datetime NOT NULL,
  `dateUpdated` datetime NOT NULL,
  `uid` char(36) COLLATE utf8_unicode_ci NOT NULL DEFAULT '0',
  PRIMARY KEY (`id`),
  UNIQUE KEY `craft_tokens_token_unq_idx` (`token`),
  KEY `craft_tokens_expiryDate_idx` (`expiryDate`)
) ENGINE=InnoDB DEFAULT CHARSET=utf8 COLLATE=utf8_unicode_ci;
/*!40101 SET character_set_client = @saved_cs_client */;

--
-- Dumping data for table `craft_tokens`
--

LOCK TABLES `craft_tokens` WRITE;
/*!40000 ALTER TABLE `craft_tokens` DISABLE KEYS */;
/*!40000 ALTER TABLE `craft_tokens` ENABLE KEYS */;
UNLOCK TABLES;

--
-- Table structure for table `craft_usergroups`
--

DROP TABLE IF EXISTS `craft_usergroups`;
/*!40101 SET @saved_cs_client     = @@character_set_client */;
/*!40101 SET character_set_client = utf8 */;
CREATE TABLE `craft_usergroups` (
  `id` int(11) NOT NULL AUTO_INCREMENT,
  `name` varchar(255) COLLATE utf8_unicode_ci NOT NULL,
  `handle` varchar(255) COLLATE utf8_unicode_ci NOT NULL,
  `dateCreated` datetime NOT NULL,
  `dateUpdated` datetime NOT NULL,
  `uid` char(36) COLLATE utf8_unicode_ci NOT NULL DEFAULT '0',
  PRIMARY KEY (`id`)
) ENGINE=InnoDB DEFAULT CHARSET=utf8 COLLATE=utf8_unicode_ci;
/*!40101 SET character_set_client = @saved_cs_client */;

--
-- Dumping data for table `craft_usergroups`
--

LOCK TABLES `craft_usergroups` WRITE;
/*!40000 ALTER TABLE `craft_usergroups` DISABLE KEYS */;
/*!40000 ALTER TABLE `craft_usergroups` ENABLE KEYS */;
UNLOCK TABLES;

--
-- Table structure for table `craft_usergroups_users`
--

DROP TABLE IF EXISTS `craft_usergroups_users`;
/*!40101 SET @saved_cs_client     = @@character_set_client */;
/*!40101 SET character_set_client = utf8 */;
CREATE TABLE `craft_usergroups_users` (
  `id` int(11) NOT NULL AUTO_INCREMENT,
  `groupId` int(11) NOT NULL,
  `userId` int(11) NOT NULL,
  `dateCreated` datetime NOT NULL,
  `dateUpdated` datetime NOT NULL,
  `uid` char(36) COLLATE utf8_unicode_ci NOT NULL DEFAULT '0',
  PRIMARY KEY (`id`),
  UNIQUE KEY `craft_usergroups_users_groupId_userId_unq_idx` (`groupId`,`userId`),
  KEY `craft_usergroups_users_userId_fk` (`userId`),
  CONSTRAINT `craft_usergroups_users_groupId_fk` FOREIGN KEY (`groupId`) REFERENCES `craft_usergroups` (`id`) ON DELETE CASCADE,
  CONSTRAINT `craft_usergroups_users_userId_fk` FOREIGN KEY (`userId`) REFERENCES `craft_users` (`id`) ON DELETE CASCADE
) ENGINE=InnoDB DEFAULT CHARSET=utf8 COLLATE=utf8_unicode_ci;
/*!40101 SET character_set_client = @saved_cs_client */;

--
-- Dumping data for table `craft_usergroups_users`
--

LOCK TABLES `craft_usergroups_users` WRITE;
/*!40000 ALTER TABLE `craft_usergroups_users` DISABLE KEYS */;
/*!40000 ALTER TABLE `craft_usergroups_users` ENABLE KEYS */;
UNLOCK TABLES;

--
-- Table structure for table `craft_userpermissions`
--

DROP TABLE IF EXISTS `craft_userpermissions`;
/*!40101 SET @saved_cs_client     = @@character_set_client */;
/*!40101 SET character_set_client = utf8 */;
CREATE TABLE `craft_userpermissions` (
  `id` int(11) NOT NULL AUTO_INCREMENT,
  `name` varchar(255) COLLATE utf8_unicode_ci NOT NULL,
  `dateCreated` datetime NOT NULL,
  `dateUpdated` datetime NOT NULL,
  `uid` char(36) COLLATE utf8_unicode_ci NOT NULL DEFAULT '0',
  PRIMARY KEY (`id`),
  UNIQUE KEY `craft_userpermissions_name_unq_idx` (`name`)
) ENGINE=InnoDB DEFAULT CHARSET=utf8 COLLATE=utf8_unicode_ci;
/*!40101 SET character_set_client = @saved_cs_client */;

--
-- Dumping data for table `craft_userpermissions`
--

LOCK TABLES `craft_userpermissions` WRITE;
/*!40000 ALTER TABLE `craft_userpermissions` DISABLE KEYS */;
/*!40000 ALTER TABLE `craft_userpermissions` ENABLE KEYS */;
UNLOCK TABLES;

--
-- Table structure for table `craft_userpermissions_usergroups`
--

DROP TABLE IF EXISTS `craft_userpermissions_usergroups`;
/*!40101 SET @saved_cs_client     = @@character_set_client */;
/*!40101 SET character_set_client = utf8 */;
CREATE TABLE `craft_userpermissions_usergroups` (
  `id` int(11) NOT NULL AUTO_INCREMENT,
  `permissionId` int(11) NOT NULL,
  `groupId` int(11) NOT NULL,
  `dateCreated` datetime NOT NULL,
  `dateUpdated` datetime NOT NULL,
  `uid` char(36) COLLATE utf8_unicode_ci NOT NULL DEFAULT '0',
  PRIMARY KEY (`id`),
  UNIQUE KEY `craft_userpermissions_usergroups_permissionId_groupId_unq_idx` (`permissionId`,`groupId`),
  KEY `craft_userpermissions_usergroups_groupId_fk` (`groupId`),
  CONSTRAINT `craft_userpermissions_usergroups_groupId_fk` FOREIGN KEY (`groupId`) REFERENCES `craft_usergroups` (`id`) ON DELETE CASCADE,
  CONSTRAINT `craft_userpermissions_usergroups_permissionId_fk` FOREIGN KEY (`permissionId`) REFERENCES `craft_userpermissions` (`id`) ON DELETE CASCADE
) ENGINE=InnoDB DEFAULT CHARSET=utf8 COLLATE=utf8_unicode_ci;
/*!40101 SET character_set_client = @saved_cs_client */;

--
-- Dumping data for table `craft_userpermissions_usergroups`
--

LOCK TABLES `craft_userpermissions_usergroups` WRITE;
/*!40000 ALTER TABLE `craft_userpermissions_usergroups` DISABLE KEYS */;
/*!40000 ALTER TABLE `craft_userpermissions_usergroups` ENABLE KEYS */;
UNLOCK TABLES;

--
-- Table structure for table `craft_userpermissions_users`
--

DROP TABLE IF EXISTS `craft_userpermissions_users`;
/*!40101 SET @saved_cs_client     = @@character_set_client */;
/*!40101 SET character_set_client = utf8 */;
CREATE TABLE `craft_userpermissions_users` (
  `id` int(11) NOT NULL AUTO_INCREMENT,
  `permissionId` int(11) NOT NULL,
  `userId` int(11) NOT NULL,
  `dateCreated` datetime NOT NULL,
  `dateUpdated` datetime NOT NULL,
  `uid` char(36) COLLATE utf8_unicode_ci NOT NULL DEFAULT '0',
  PRIMARY KEY (`id`),
  UNIQUE KEY `craft_userpermissions_users_permissionId_userId_unq_idx` (`permissionId`,`userId`),
  KEY `craft_userpermissions_users_userId_fk` (`userId`),
  CONSTRAINT `craft_userpermissions_users_permissionId_fk` FOREIGN KEY (`permissionId`) REFERENCES `craft_userpermissions` (`id`) ON DELETE CASCADE,
  CONSTRAINT `craft_userpermissions_users_userId_fk` FOREIGN KEY (`userId`) REFERENCES `craft_users` (`id`) ON DELETE CASCADE
) ENGINE=InnoDB DEFAULT CHARSET=utf8 COLLATE=utf8_unicode_ci;
/*!40101 SET character_set_client = @saved_cs_client */;

--
-- Dumping data for table `craft_userpermissions_users`
--

LOCK TABLES `craft_userpermissions_users` WRITE;
/*!40000 ALTER TABLE `craft_userpermissions_users` DISABLE KEYS */;
/*!40000 ALTER TABLE `craft_userpermissions_users` ENABLE KEYS */;
UNLOCK TABLES;

--
-- Table structure for table `craft_users`
--

DROP TABLE IF EXISTS `craft_users`;
/*!40101 SET @saved_cs_client     = @@character_set_client */;
/*!40101 SET character_set_client = utf8 */;
CREATE TABLE `craft_users` (
  `id` int(11) NOT NULL,
  `username` varchar(100) COLLATE utf8_unicode_ci NOT NULL,
  `photo` varchar(100) COLLATE utf8_unicode_ci DEFAULT NULL,
  `firstName` varchar(100) COLLATE utf8_unicode_ci DEFAULT NULL,
  `lastName` varchar(100) COLLATE utf8_unicode_ci DEFAULT NULL,
  `email` varchar(255) COLLATE utf8_unicode_ci NOT NULL,
  `password` char(255) COLLATE utf8_unicode_ci DEFAULT NULL,
  `preferredLocale` char(12) COLLATE utf8_unicode_ci DEFAULT NULL,
  `weekStartDay` tinyint(1) unsigned NOT NULL DEFAULT '0',
  `admin` tinyint(1) unsigned NOT NULL DEFAULT '0',
  `client` tinyint(1) unsigned NOT NULL DEFAULT '0',
  `locked` tinyint(1) unsigned NOT NULL DEFAULT '0',
  `suspended` tinyint(1) unsigned NOT NULL DEFAULT '0',
  `pending` tinyint(1) unsigned NOT NULL DEFAULT '0',
  `archived` tinyint(1) unsigned NOT NULL DEFAULT '0',
  `lastLoginDate` datetime DEFAULT NULL,
  `lastLoginAttemptIPAddress` varchar(45) COLLATE utf8_unicode_ci DEFAULT NULL,
  `invalidLoginWindowStart` datetime DEFAULT NULL,
  `invalidLoginCount` tinyint(4) unsigned DEFAULT NULL,
  `lastInvalidLoginDate` datetime DEFAULT NULL,
  `lockoutDate` datetime DEFAULT NULL,
  `verificationCode` char(100) COLLATE utf8_unicode_ci DEFAULT NULL,
  `verificationCodeIssuedDate` datetime DEFAULT NULL,
  `unverifiedEmail` varchar(255) COLLATE utf8_unicode_ci DEFAULT NULL,
  `passwordResetRequired` tinyint(1) unsigned NOT NULL DEFAULT '0',
  `lastPasswordChangeDate` datetime DEFAULT NULL,
  `dateCreated` datetime NOT NULL,
  `dateUpdated` datetime NOT NULL,
  `uid` char(36) COLLATE utf8_unicode_ci NOT NULL DEFAULT '0',
  PRIMARY KEY (`id`),
  UNIQUE KEY `craft_users_username_unq_idx` (`username`),
  UNIQUE KEY `craft_users_email_unq_idx` (`email`),
  KEY `craft_users_verificationCode_idx` (`verificationCode`),
  KEY `craft_users_uid_idx` (`uid`),
  KEY `craft_users_preferredLocale_fk` (`preferredLocale`),
  CONSTRAINT `craft_users_id_fk` FOREIGN KEY (`id`) REFERENCES `craft_elements` (`id`) ON DELETE CASCADE,
  CONSTRAINT `craft_users_preferredLocale_fk` FOREIGN KEY (`preferredLocale`) REFERENCES `craft_locales` (`locale`) ON DELETE SET NULL ON UPDATE CASCADE
) ENGINE=InnoDB DEFAULT CHARSET=utf8 COLLATE=utf8_unicode_ci;
/*!40101 SET character_set_client = @saved_cs_client */;

--
-- Dumping data for table `craft_users`
--

LOCK TABLES `craft_users` WRITE;
/*!40000 ALTER TABLE `craft_users` DISABLE KEYS */;
INSERT INTO `craft_users` VALUES (1,'admin',NULL,'','','to.brian.bravo@gmail.com','$2y$13$JcIXCzBI8gONVdMRjAiYoO3OJn0INm2ihrPPFMwwimedUXgo2bhx6',NULL,0,1,0,0,0,0,0,'2015-07-28 14:57:28','72.182.106.64',NULL,NULL,'2015-07-21 14:39:09',NULL,NULL,NULL,NULL,0,'2015-07-21 14:49:48','2015-07-01 02:34:44','2015-07-28 14:57:28','7b830e3c-3878-4018-863f-e07f3bc0f243'),(189,'russell',NULL,'Russell','Williamson','russell@kubesound.com','$2y$13$s400n1SevUJtqDQ985fOCumi2TXX6UXbl1fS/QrpQC9ngB9tfvyRK',NULL,0,1,0,0,0,0,0,'2015-07-27 02:44:52','104.184.0.29',NULL,NULL,NULL,NULL,NULL,NULL,NULL,0,'2015-07-27 02:44:28','2015-07-27 02:03:39','2015-07-27 02:44:52','6f3a2894-e4de-4dc4-89dd-f8aa5483b5ac');
/*!40000 ALTER TABLE `craft_users` ENABLE KEYS */;
UNLOCK TABLES;

--
-- Table structure for table `craft_widgets`
--

DROP TABLE IF EXISTS `craft_widgets`;
/*!40101 SET @saved_cs_client     = @@character_set_client */;
/*!40101 SET character_set_client = utf8 */;
CREATE TABLE `craft_widgets` (
  `id` int(11) NOT NULL AUTO_INCREMENT,
  `userId` int(11) NOT NULL,
  `type` varchar(150) COLLATE utf8_unicode_ci NOT NULL,
  `sortOrder` tinyint(4) DEFAULT NULL,
  `settings` text COLLATE utf8_unicode_ci,
  `enabled` tinyint(1) unsigned NOT NULL DEFAULT '1',
  `dateCreated` datetime NOT NULL,
  `dateUpdated` datetime NOT NULL,
  `uid` char(36) COLLATE utf8_unicode_ci NOT NULL DEFAULT '0',
  PRIMARY KEY (`id`),
  KEY `craft_widgets_userId_fk` (`userId`),
  CONSTRAINT `craft_widgets_userId_fk` FOREIGN KEY (`userId`) REFERENCES `craft_users` (`id`) ON DELETE CASCADE
) ENGINE=InnoDB AUTO_INCREMENT=9 DEFAULT CHARSET=utf8 COLLATE=utf8_unicode_ci;
/*!40101 SET character_set_client = @saved_cs_client */;

--
-- Dumping data for table `craft_widgets`
--

LOCK TABLES `craft_widgets` WRITE;
/*!40000 ALTER TABLE `craft_widgets` DISABLE KEYS */;
INSERT INTO `craft_widgets` VALUES (1,1,'RecentEntries',1,NULL,1,'2015-07-01 02:34:58','2015-07-01 02:34:58','352e043c-beb2-4f2a-bf8b-4b1e6785189a'),(2,1,'GetHelp',2,NULL,1,'2015-07-01 02:34:58','2015-07-01 02:34:58','90140a1a-281f-4363-9e51-2b511b1c6327'),(3,1,'Updates',3,NULL,1,'2015-07-01 02:34:58','2015-07-01 02:34:58','a26006e1-40b3-434f-bab0-1ca193d137f3'),(4,1,'Feed',4,'{\"url\":\"http:\\/\\/feeds.feedburner.com\\/blogandtonic\",\"title\":\"Blog & Tonic\"}',1,'2015-07-01 02:34:58','2015-07-01 02:34:58','a9b8ff49-2428-41c2-9711-72ccfed1c890'),(5,189,'RecentEntries',1,NULL,1,'2015-07-27 02:44:52','2015-07-27 02:44:52','8912c3ac-7313-45f8-a95e-be47ac56abdc'),(6,189,'GetHelp',2,NULL,1,'2015-07-27 02:44:52','2015-07-27 02:44:52','420c3df1-9ad0-45c0-bbe2-a876b1aedbb9'),(7,189,'Updates',3,NULL,1,'2015-07-27 02:44:52','2015-07-27 02:44:52','71009fd1-1a25-4c82-8a5a-1517f158a329'),(8,189,'Feed',4,'{\"url\":\"http:\\/\\/feeds.feedburner.com\\/blogandtonic\",\"title\":\"Blog & Tonic\"}',1,'2015-07-27 02:44:52','2015-07-27 02:44:52','acda7195-c672-4636-9f3d-8e60a3d9646d');
/*!40000 ALTER TABLE `craft_widgets` ENABLE KEYS */;
UNLOCK TABLES;
/*!40103 SET TIME_ZONE=@OLD_TIME_ZONE */;

/*!40101 SET SQL_MODE=@OLD_SQL_MODE */;
/*!40014 SET FOREIGN_KEY_CHECKS=@OLD_FOREIGN_KEY_CHECKS */;
/*!40014 SET UNIQUE_CHECKS=@OLD_UNIQUE_CHECKS */;
/*!40101 SET CHARACTER_SET_CLIENT=@OLD_CHARACTER_SET_CLIENT */;
/*!40101 SET CHARACTER_SET_RESULTS=@OLD_CHARACTER_SET_RESULTS */;
/*!40101 SET COLLATION_CONNECTION=@OLD_COLLATION_CONNECTION */;
/*!40111 SET SQL_NOTES=@OLD_SQL_NOTES */;

-- Dump completed on 2015-07-30 10:29:30
